{
  "type": "FeatureCollection",
  "generator": "overpass-turbo",
  "copyright": "The data included in this document is from www.openstreetmap.org. The data is made available under ODbL.",
  "timestamp": "2026-03-15T05:29:27Z",
  "features": [
    {
      "type": "Feature",
      "properties": {
        "@id": "relation/8134512",
        "amenity": "hospital",
        "building": "yes",
        "healthcare": "hospital",
        "name": "Government Medical College & Hospital",
        "type": "multipolygon",
        "@geometry": "center"
      },
      "geometry": {
        "type": "Point",
        "coordinates": [
          78.8459835,
          10.4109762
        ]
      },
      "id": "relation/8134512"
    },
    {
      "type": "Feature",
      "properties": {
        "@id": "relation/8134553",
        "amenity": "hospital",
        "building": "yes",
        "healthcare": "hospital",
        "name": "Government Medical College & Hospital",
        "source:geometry": "DigitalGlobeStandard",
        "type": "multipolygon",
        "@geometry": "center"
      },
      "geometry": {
        "type": "Point",
        "coordinates": [
          78.8465311,
          10.4089261
        ]
      },
      "id": "relation/8134553"
    },
    {
      "type": "Feature",
      "properties": {
        "@id": "relation/8134554",
        "amenity": "hospital",
        "building": "yes",
        "healthcare": "hospital",
        "name": "Government Medical College & Hospital",
        "source:geometry": "DigitalGlobeStandard",
        "type": "multipolygon",
        "@geometry": "center"
      },
      "geometry": {
        "type": "Point",
        "coordinates": [
          78.8465057,
          10.4081333
        ]
      },
      "id": "relation/8134554"
    },
    {
      "type": "Feature",
      "properties": {
        "@id": "way/46505328",
        "amenity": "hospital",
        "healthcare": "hospital",
        "name": "Medical College Hospital",
        "@geometry": "center"
      },
      "geometry": {
        "type": "Point",
        "coordinates": [
          79.1044864,
          10.7583732
        ]
      },
      "id": "way/46505328"
    },
    {
      "type": "Feature",
      "properties": {
        "@id": "way/52061947",
        "addr:block": "Thanjavur Corporation",
        "addr:district": "Thanjavur",
        "addr:full": "Near Old Bus Stand, Thanjavur, Main Road",
        "addr:postcode": "613001",
        "addr:state": "Tamil Nadu",
        "amenity": "hospital",
        "healthcare": "hospital",
        "name": "Government Raja Mirasdar Hospital",
        "source": "OpenGovernmentData",
        "wikidata": "Q111010396",
        "wikipedia": "en:Government Raja Mirasdar Hospital",
        "@geometry": "center"
      },
      "geometry": {
        "type": "Point",
        "coordinates": [
          79.1362994,
          10.7844153
        ]
      },
      "id": "way/52061947"
    },
    {
      "type": "Feature",
      "properties": {
        "@id": "way/52333005",
        "building": "yes",
        "name": "TCWS",
        "shop": "supermarket",
        "@geometry": "center"
      },
      "geometry": {
        "type": "Point",
        "coordinates": [
          79.1344016,
          10.7860457
        ]
      },
      "id": "way/52333005"
    },
    {
      "type": "Feature",
      "properties": {
        "@id": "way/52333390",
        "landuse": "retail",
        "name": "Vegetable Market",
        "organic": "only",
        "shop": "supermarket",
        "@geometry": "center"
      },
      "geometry": {
        "type": "Point",
        "coordinates": [
          79.1343287,
          10.7863063
        ]
      },
      "id": "way/52333390"
    },
    {
      "type": "Feature",
      "properties": {
        "@id": "way/52333392",
        "amenity": "bank",
        "atm": "yes",
        "brand": "State Bank of India",
        "brand:wikidata": "Q1340361",
        "brand:wikipedia": "en:State Bank of India",
        "building": "yes",
        "name": "State Bank of India",
        "short_name": "SBI",
        "@geometry": "center"
      },
      "geometry": {
        "type": "Point",
        "coordinates": [
          79.135412,
          10.7859335
        ]
      },
      "id": "way/52333392"
    },
    {
      "type": "Feature",
      "properties": {
        "@id": "way/201744694",
        "name": "Reliance Mart",
        "shop": "supermarket",
        "@geometry": "center"
      },
      "geometry": {
        "type": "Point",
        "coordinates": [
          78.68137,
          10.8072546
        ]
      },
      "id": "way/201744694"
    },
    {
      "type": "Feature",
      "properties": {
        "@id": "way/263021438",
        "addr:city": "Trichy",
        "addr:postcode": "620001",
        "amenity": "restaurant",
        "building": "yes",
        "cuisine": "regional",
        "name": "Muniyandi Vilas",
        "@geometry": "center"
      },
      "geometry": {
        "type": "Point",
        "coordinates": [
          78.6812353,
          10.7974884
        ]
      },
      "id": "way/263021438"
    },
    {
      "type": "Feature",
      "properties": {
        "@id": "way/263839802",
        "building": "yes",
        "name": "B.G.Naidu Sweets",
        "shop": "bakery",
        "@geometry": "center"
      },
      "geometry": {
        "type": "Point",
        "coordinates": [
          78.6922594,
          10.8030472
        ]
      },
      "id": "way/263839802"
    },
    {
      "type": "Feature",
      "properties": {
        "@id": "way/364721711",
        "amenity": "restaurant",
        "building": "yes",
        "name": "Hotel Sangeetha",
        "@geometry": "center"
      },
      "geometry": {
        "type": "Point",
        "coordinates": [
          78.6811278,
          10.796179
        ]
      },
      "id": "way/364721711"
    },
    {
      "type": "Feature",
      "properties": {
        "@id": "way/436757487",
        "addr:city": "Pudukottai",
        "amenity": "hospital",
        "amenity_1": "college",
        "education": "university",
        "emergency": "yes",
        "healthcare": "hospital",
        "name": "Government Medical College & Hospital",
        "@geometry": "center"
      },
      "geometry": {
        "type": "Point",
        "coordinates": [
          78.8481628,
          10.4101898
        ]
      },
      "id": "way/436757487"
    },
    {
      "type": "Feature",
      "properties": {
        "@id": "way/444400318",
        "addr:block": "Pudukottai Mpty",
        "addr:district": "Pudukkottai",
        "addr:full": "Pudukkottai Mch, Pudukkottai, Santhanathapuram 1st Street",
        "addr:postcode": "622001",
        "addr:state": "Tamil Nadu",
        "amenity": "hospital",
        "healthcare": "hospital",
        "name": "Dr Muthulakshmi Reddy Government Hospital",
        "name:etymology:wikidata": "Q4794148",
        "source": "OpenGovernmentData",
        "@geometry": "center"
      },
      "geometry": {
        "type": "Point",
        "coordinates": [
          78.8187008,
          10.3786929
        ]
      },
      "id": "way/444400318"
    },
    {
      "type": "Feature",
      "properties": {
        "@id": "way/444728290",
        "addr:housename": "Govt Hospital",
        "amenity": "hospital",
        "building": "hospital",
        "healthcare": "hospital",
        "name": "Ranee Government Hospital",
        "@geometry": "center"
      },
      "geometry": {
        "type": "Point",
        "coordinates": [
          78.8196171,
          10.3873857
        ]
      },
      "id": "way/444728290"
    },
    {
      "type": "Feature",
      "properties": {
        "@id": "way/455766713",
        "alt_name": "ESI Hospital",
        "amenity": "hospital",
        "healthcare": "hospital",
        "name": "ESIS- Employes State Insurance Scheme",
        "operator": "Employees' State Insurance",
        "operator:short": "ESI",
        "operator:wikidata": "Q3595726",
        "operator:wikipedia": "hi:कर्मचारी राज्‍य बीमा निगम",
        "@geometry": "center"
      },
      "geometry": {
        "type": "Point",
        "coordinates": [
          78.6784108,
          10.7957301
        ]
      },
      "id": "way/455766713"
    },
    {
      "type": "Feature",
      "properties": {
        "@id": "way/456124080",
        "amenity": "bank",
        "brand": "State Bank of India",
        "brand:wikidata": "Q1340361",
        "brand:wikipedia": "en:State Bank of India",
        "building": "yes",
        "name": "State Bank of India",
        "short_name": "SBI",
        "@geometry": "center"
      },
      "geometry": {
        "type": "Point",
        "coordinates": [
          78.6849912,
          10.7985468
        ]
      },
      "id": "way/456124080"
    },
    {
      "type": "Feature",
      "properties": {
        "@id": "way/456124463",
        "amenity": "marketplace",
        "building": "yes",
        "designation": "Jenny Plaza",
        "name": "Jenny Plaza",
        "shop": "mall",
        "@geometry": "center"
      },
      "geometry": {
        "type": "Point",
        "coordinates": [
          78.6871781,
          10.7997736
        ]
      },
      "id": "way/456124463"
    },
    {
      "type": "Feature",
      "properties": {
        "@id": "way/456124855",
        "building": "yes",
        "name": "TABS Complex",
        "shop": "mall",
        "@geometry": "center"
      },
      "geometry": {
        "type": "Point",
        "coordinates": [
          78.6863771,
          10.8045348
        ]
      },
      "id": "way/456124855"
    },
    {
      "type": "Feature",
      "properties": {
        "@id": "way/473988413",
        "addr:city": "Irungalur",
        "addr:postcode": "620105",
        "addr:street": "CMC Road",
        "amenity": "restaurant",
        "building": "yes",
        "capacity": "50",
        "cuisine": "regional",
        "name": "SRM Good Foods",
        "opening_hours": "09:00-20:00",
        "smoking": "no",
        "takeaway": "yes",
        "@geometry": "center"
      },
      "geometry": {
        "type": "Point",
        "coordinates": [
          78.7573691,
          10.9542528
        ]
      },
      "id": "way/473988413"
    },
    {
      "type": "Feature",
      "properties": {
        "@id": "way/482317688",
        "building": "yes",
        "name": "Varshini Mobile",
        "shop": "mobile_phone",
        "@geometry": "center"
      },
      "geometry": {
        "type": "Point",
        "coordinates": [
          79.1074697,
          10.8800186
        ]
      },
      "id": "way/482317688"
    },
    {
      "type": "Feature",
      "properties": {
        "@id": "way/482317689",
        "amenity": "restaurant",
        "building": "yes",
        "name": "Alagappan Hotel",
        "@geometry": "center"
      },
      "geometry": {
        "type": "Point",
        "coordinates": [
          79.1074012,
          10.8799757
        ]
      },
      "id": "way/482317689"
    },
    {
      "type": "Feature",
      "properties": {
        "@id": "way/482317690",
        "building": "yes",
        "name": "Sakthi Medical Shop",
        "shop": "medical_supply",
        "@geometry": "center"
      },
      "geometry": {
        "type": "Point",
        "coordinates": [
          79.1071313,
          10.8800244
        ]
      },
      "id": "way/482317690"
    },
    {
      "type": "Feature",
      "properties": {
        "@id": "way/482317691",
        "building": "yes",
        "name": "Velu Chit Fund",
        "shop": "money_lender",
        "@geometry": "center"
      },
      "geometry": {
        "type": "Point",
        "coordinates": [
          79.1070457,
          10.8799765
        ]
      },
      "id": "way/482317691"
    },
    {
      "type": "Feature",
      "properties": {
        "@id": "way/482317693",
        "building": "yes",
        "name": "Arasu Bajaj",
        "shop": "motorcycle",
        "@geometry": "center"
      },
      "geometry": {
        "type": "Point",
        "coordinates": [
          79.1093563,
          10.8817876
        ]
      },
      "id": "way/482317693"
    },
    {
      "type": "Feature",
      "properties": {
        "@id": "way/482317695",
        "building": "yes",
        "name": "Shruthi Motors TVS",
        "shop": "motorcycle",
        "@geometry": "center"
      },
      "geometry": {
        "type": "Point",
        "coordinates": [
          79.1080336,
          10.8813391
        ]
      },
      "id": "way/482317695"
    },
    {
      "type": "Feature",
      "properties": {
        "@id": "way/482317700",
        "amenity": "restaurant",
        "building": "yes",
        "name": "Kalaivanar Alwa Kadai",
        "@geometry": "center"
      },
      "geometry": {
        "type": "Point",
        "coordinates": [
          79.1067154,
          10.8798314
        ]
      },
      "id": "way/482317700"
    },
    {
      "type": "Feature",
      "properties": {
        "@id": "way/482317701",
        "amenity": "bank",
        "atm": "yes",
        "building": "yes",
        "name": "CUB ATM",
        "@geometry": "center"
      },
      "geometry": {
        "type": "Point",
        "coordinates": [
          79.106172,
          10.8794455
        ]
      },
      "id": "way/482317701"
    },
    {
      "type": "Feature",
      "properties": {
        "@id": "way/482317702",
        "building": "yes",
        "name": "Bala Hair Salon",
        "shop": "hairdresser",
        "@geometry": "center"
      },
      "geometry": {
        "type": "Point",
        "coordinates": [
          79.1074219,
          10.8804655
        ]
      },
      "id": "way/482317702"
    },
    {
      "type": "Feature",
      "properties": {
        "@id": "way/482317706",
        "building": "yes",
        "name": "Krishna Silks & Readymades",
        "shop": "clothes",
        "@geometry": "center"
      },
      "geometry": {
        "type": "Point",
        "coordinates": [
          79.104794,
          10.8795167
        ]
      },
      "id": "way/482317706"
    },
    {
      "type": "Feature",
      "properties": {
        "@id": "way/482317707",
        "building": "yes",
        "name": "City Fancy",
        "shop": "department_store",
        "@geometry": "center"
      },
      "geometry": {
        "type": "Point",
        "coordinates": [
          79.104649,
          10.8795226
        ]
      },
      "id": "way/482317707"
    },
    {
      "type": "Feature",
      "properties": {
        "@id": "way/482317708",
        "building": "yes",
        "name": "Delta Traders",
        "shop": "greengrocer",
        "@geometry": "center"
      },
      "geometry": {
        "type": "Point",
        "coordinates": [
          79.1045098,
          10.8795281
        ]
      },
      "id": "way/482317708"
    },
    {
      "type": "Feature",
      "properties": {
        "@id": "way/482317709",
        "building": "yes",
        "name": "S.K.P",
        "shop": "department_store",
        "@geometry": "center"
      },
      "geometry": {
        "type": "Point",
        "coordinates": [
          79.1044001,
          10.8795385
        ]
      },
      "id": "way/482317709"
    },
    {
      "type": "Feature",
      "properties": {
        "@id": "way/482317710",
        "building": "yes",
        "name": "Thiyagam Textile",
        "shop": "clothes",
        "@geometry": "center"
      },
      "geometry": {
        "type": "Point",
        "coordinates": [
          79.1037898,
          10.8793039
        ]
      },
      "id": "way/482317710"
    },
    {
      "type": "Feature",
      "properties": {
        "@id": "way/482317711",
        "building": "yes",
        "name": "Dheepam",
        "shop": "department_store",
        "@geometry": "center"
      },
      "geometry": {
        "type": "Point",
        "coordinates": [
          79.1038785,
          10.8793739
        ]
      },
      "id": "way/482317711"
    },
    {
      "type": "Feature",
      "properties": {
        "@id": "way/482317712",
        "amenity": "pharmacy",
        "building": "yes",
        "name": "Paavai Medical",
        "@geometry": "center"
      },
      "geometry": {
        "type": "Point",
        "coordinates": [
          79.1040214,
          10.8793777
        ]
      },
      "id": "way/482317712"
    },
    {
      "type": "Feature",
      "properties": {
        "@id": "way/482317713",
        "building": "yes",
        "name": "Aandavar Alwa & Ashoka",
        "shop": "bakery",
        "@geometry": "center"
      },
      "geometry": {
        "type": "Point",
        "coordinates": [
          79.1039382,
          10.8793357
        ]
      },
      "id": "way/482317713"
    },
    {
      "type": "Feature",
      "properties": {
        "@id": "way/482317714",
        "amenity": "restaurant",
        "building": "yes",
        "name": "Iyyarappan Hotel",
        "@geometry": "center"
      },
      "geometry": {
        "type": "Point",
        "coordinates": [
          79.1042757,
          10.8793302
        ]
      },
      "id": "way/482317714"
    },
    {
      "type": "Feature",
      "properties": {
        "@id": "way/482317715",
        "building": "yes",
        "name": "AC Store",
        "shop": "greengrocer",
        "@geometry": "center"
      },
      "geometry": {
        "type": "Point",
        "coordinates": [
          79.1042224,
          10.8792888
        ]
      },
      "id": "way/482317715"
    },
    {
      "type": "Feature",
      "properties": {
        "@id": "way/482317717",
        "building": "yes",
        "name": "L K P Ashokan Jwellers",
        "shop": "jewelry",
        "@geometry": "center"
      },
      "geometry": {
        "type": "Point",
        "coordinates": [
          79.1041316,
          10.8795665
        ]
      },
      "id": "way/482317717"
    },
    {
      "type": "Feature",
      "properties": {
        "@id": "way/482317718",
        "building": "yes",
        "name": "Kishore Original Nei Alwa Kadai",
        "shop": "bakery",
        "@geometry": "center"
      },
      "geometry": {
        "type": "Point",
        "coordinates": [
          79.1037343,
          10.8795368
        ]
      },
      "id": "way/482317718"
    },
    {
      "type": "Feature",
      "properties": {
        "@id": "way/482317719",
        "building": "yes",
        "name": "Sairam Stores",
        "shop": "greengrocer",
        "@geometry": "center"
      },
      "geometry": {
        "type": "Point",
        "coordinates": [
          79.1035799,
          10.8793044
        ]
      },
      "id": "way/482317719"
    },
    {
      "type": "Feature",
      "properties": {
        "@id": "way/482317721",
        "building": "yes",
        "name": "Sri Vasavi Stores",
        "shop": "greengrocer",
        "@geometry": "center"
      },
      "geometry": {
        "type": "Point",
        "coordinates": [
          79.1037371,
          10.8788417
        ]
      },
      "id": "way/482317721"
    },
    {
      "type": "Feature",
      "properties": {
        "@id": "way/482317722",
        "building": "yes",
        "name": "Santhi Hardwares @ Asian Paint Dealer",
        "shop": "hardware",
        "@geometry": "center"
      },
      "geometry": {
        "type": "Point",
        "coordinates": [
          79.1035433,
          10.8789547
        ]
      },
      "id": "way/482317722"
    },
    {
      "type": "Feature",
      "properties": {
        "@id": "way/482317724",
        "building": "yes",
        "name": "Poultry, Meat",
        "shop": "seafood",
        "@geometry": "center"
      },
      "geometry": {
        "type": "Point",
        "coordinates": [
          79.1030329,
          10.8786291
        ]
      },
      "id": "way/482317724"
    },
    {
      "type": "Feature",
      "properties": {
        "@id": "way/482317726",
        "building": "yes",
        "name": "Indian Supermarket",
        "shop": "greengrocer",
        "@geometry": "center"
      },
      "geometry": {
        "type": "Point",
        "coordinates": [
          79.1035269,
          10.8780573
        ]
      },
      "id": "way/482317726"
    },
    {
      "type": "Feature",
      "properties": {
        "@id": "way/482317727",
        "amenity": "bank",
        "atm": "yes",
        "building": "yes",
        "name": "Lakshmi Vilas Bank ATM",
        "@geometry": "center"
      },
      "geometry": {
        "type": "Point",
        "coordinates": [
          79.1034745,
          10.8778545
        ]
      },
      "id": "way/482317727"
    },
    {
      "type": "Feature",
      "properties": {
        "@id": "way/482317730",
        "amenity": "bank",
        "brand": "Indian Bank",
        "brand:wikidata": "Q2003789",
        "brand:wikipedia": "en:Indian Bank",
        "building": "yes",
        "name": "Indian Bank",
        "name:en": "Indian Bank",
        "website": "https://www.indianbank.in/",
        "@geometry": "center"
      },
      "geometry": {
        "type": "Point",
        "coordinates": [
          79.1015447,
          10.8792594
        ]
      },
      "id": "way/482317730"
    },
    {
      "type": "Feature",
      "properties": {
        "@id": "way/486024382",
        "amenity": "restaurant",
        "building": "yes",
        "cuisine": "regional",
        "name": "Staff canteen",
        "@geometry": "center"
      },
      "geometry": {
        "type": "Point",
        "coordinates": [
          78.8123054,
          10.7593634
        ]
      },
      "id": "way/486024382"
    },
    {
      "type": "Feature",
      "properties": {
        "@id": "node/542908657",
        "amenity": "atm",
        "brand": "State Bank of India",
        "brand:en": "State Bank of India",
        "brand:wikidata": "Q1340361",
        "brand:wikipedia": "en:State Bank of India",
        "check_date": "2025-02-10",
        "currency:INR": "yes",
        "drive_through": "no",
        "indoor": "yes",
        "name": "State Bank of India",
        "note": "Contributors are requested to not edit the \"brand\", \"brand:en\", \"brand:wikidata\", \"operator\", \"operator:en\" and \"operator:wikidata\" tags. (2025/03/03)",
        "opening_hours": "24/7",
        "operator": "State Bank of India",
        "operator:en": "State Bank of India",
        "operator:wikidata": "Q1340361",
        "operator:wikipedia": "en:State Bank of India",
        "short_name": "SBI"
      },
      "geometry": {
        "type": "Point",
        "coordinates": [
          79.1356189,
          10.7858374
        ]
      },
      "id": "node/542908657"
    },
    {
      "type": "Feature",
      "properties": {
        "@id": "node/542918512",
        "name": "Punniyamoorthy Pillai Dept Store",
        "name:ta": "புண்ணியமூர்த்தி பிள்ளை டிபார்ட்மெண்ட் ஸ்டோர்",
        "shop": "supermarket"
      },
      "geometry": {
        "type": "Point",
        "coordinates": [
          79.1361951,
          10.7871218
        ]
      },
      "id": "node/542918512"
    },
    {
      "type": "Feature",
      "properties": {
        "@id": "way/555606201",
        "addr:city": "Thanjavur",
        "addr:street": "New Bus Stand Road",
        "building": "retail",
        "name": "The Chennai Silks& Sree Kumaran Jewels",
        "opening_hours": "Mo-Su 09:00-21:30",
        "shop": "clothes",
        "@geometry": "center"
      },
      "geometry": {
        "type": "Point",
        "coordinates": [
          79.1258852,
          10.7655918
        ]
      },
      "id": "way/555606201"
    },
    {
      "type": "Feature",
      "properties": {
        "@id": "way/566921235",
        "amenity": "restaurant",
        "building": "yes",
        "capacity": "10",
        "name": "vannapattarai biriyani center",
        "@geometry": "center"
      },
      "geometry": {
        "type": "Point",
        "coordinates": [
          78.6937071,
          10.828429
        ]
      },
      "id": "way/566921235"
    },
    {
      "type": "Feature",
      "properties": {
        "@id": "way/566961520",
        "addr:city": "Tiruchchirappalli town",
        "addr:street": "Wireless Road",
        "amenity": "hospital",
        "healthcare": "hospital",
        "name": "Malar Hospital",
        "@geometry": "center"
      },
      "geometry": {
        "type": "Point",
        "coordinates": [
          78.6959251,
          10.7543147
        ]
      },
      "id": "way/566961520"
    },
    {
      "type": "Feature",
      "properties": {
        "@id": "way/585519708",
        "amenity": "restaurant",
        "building": "yes",
        "name": "old Canopy",
        "@geometry": "center"
      },
      "geometry": {
        "type": "Point",
        "coordinates": [
          79.0177839,
          10.7285679
        ]
      },
      "id": "way/585519708"
    },
    {
      "type": "Feature",
      "properties": {
        "@id": "node/644657108",
        "amenity": "hospital",
        "healthcare": "hospital",
        "name": "Ramanathan Hospital"
      },
      "geometry": {
        "type": "Point",
        "coordinates": [
          79.1331354,
          10.7729537
        ]
      },
      "id": "node/644657108"
    },
    {
      "type": "Feature",
      "properties": {
        "@id": "way/649323013",
        "addr:block": "Thanjavur Corporation",
        "addr:district": "Thanjavur",
        "addr:full": "3275, 1/A1, Ramakrishna Puram Thanjavur, Thanjavur",
        "addr:postcode": "613007",
        "addr:state": "Tamil Nadu",
        "amenity": "hospital",
        "building": "commercial",
        "healthcare": "hospital",
        "name": "NM Hospital Pvt Ltd",
        "source": "OpenGovernmentData",
        "@geometry": "center"
      },
      "geometry": {
        "type": "Point",
        "coordinates": [
          79.1324475,
          10.7698343
        ]
      },
      "id": "way/649323013"
    },
    {
      "type": "Feature",
      "properties": {
        "@id": "way/651060676",
        "amenity": "restaurant",
        "building": "yes",
        "capacity": "1000",
        "cuisine": "mexican",
        "name": "Pizza Express",
        "outdoor_seating": "yes",
        "smoking": "yes",
        "@geometry": "center"
      },
      "geometry": {
        "type": "Point",
        "coordinates": [
          79.1110647,
          10.760012
        ]
      },
      "id": "way/651060676"
    },
    {
      "type": "Feature",
      "properties": {
        "@id": "way/654137406",
        "addr:district": "Thanjavur",
        "addr:full": "23, Shivaji Nagar, Membalam",
        "addr:postcode": "613001",
        "addr:state": "Tamil Nadu",
        "amenity": "hospital",
        "healthcare": "hospital",
        "name": "Sudar Hospital",
        "source": "OpenGovernmentData",
        "@geometry": "center"
      },
      "geometry": {
        "type": "Point",
        "coordinates": [
          79.1465695,
          10.7806464
        ]
      },
      "id": "way/654137406"
    },
    {
      "type": "Feature",
      "properties": {
        "@id": "way/654141220",
        "amenity": "bank",
        "brand": "Andhra Bank",
        "brand:wikidata": "Q2003476",
        "brand:wikipedia": "en:Andhra Bank",
        "building": "yes",
        "name": "Andhra Bank",
        "@geometry": "center"
      },
      "geometry": {
        "type": "Point",
        "coordinates": [
          79.1403663,
          10.7749437
        ]
      },
      "id": "way/654141220"
    },
    {
      "type": "Feature",
      "properties": {
        "@id": "node/658439836",
        "name": "Punniamoorthy Pillai Departmental Store",
        "shop": "supermarket"
      },
      "geometry": {
        "type": "Point",
        "coordinates": [
          79.1255006,
          10.7760136
        ]
      },
      "id": "node/658439836"
    },
    {
      "type": "Feature",
      "properties": {
        "@id": "node/658439838",
        "addr:block": "Thanjavur Corporation",
        "addr:city": "Thanjavur",
        "addr:district": "Thanjavur",
        "addr:full": "Ii Nd St, Rajappanagar,Medical College Road",
        "addr:postcode": "613007",
        "addr:state": "Tamil Nadu",
        "addr:street": "Medical College Road, Rajappa Nagar",
        "amenity": "hospital",
        "healthcare": "hospital",
        "name": "S.B. Hospital Urology, Nephrology & Fertility Research Centre",
        "source": "local knowledge",
        "website": "https://www.sbhospital.in/"
      },
      "geometry": {
        "type": "Point",
        "coordinates": [
          79.1254,
          10.7755458
        ]
      },
      "id": "node/658439838"
    },
    {
      "type": "Feature",
      "properties": {
        "@id": "node/663185009",
        "name": "Pillai and Sons",
        "shop": "outdoor"
      },
      "geometry": {
        "type": "Point",
        "coordinates": [
          79.12241,
          10.7757505
        ]
      },
      "id": "node/663185009"
    },
    {
      "type": "Feature",
      "properties": {
        "@id": "way/665483422",
        "amenity": "restaurant",
        "building": "yes",
        "cuisine": "chinese;indian",
        "diet:vegetarian": "yes",
        "name": "Hotel Kannappa",
        "takeaway": "yes",
        "@geometry": "center"
      },
      "geometry": {
        "type": "Point",
        "coordinates": [
          78.6890636,
          10.785406
        ]
      },
      "id": "way/665483422"
    },
    {
      "type": "Feature",
      "properties": {
        "@id": "node/665691867",
        "amenity": "atm",
        "brand": "ICICI Bank",
        "brand:en": "ICICI Bank",
        "brand:wikidata": "Q1653258",
        "brand:wikipedia": "en:ICICI Bank",
        "check_date": "2021-01-22",
        "currency:INR": "yes",
        "drive_through": "no",
        "indoor": "yes",
        "name": "ICICI Bank",
        "note": "Contributors are requested to not edit the \"brand\", \"brand:en\", \"brand:wikidata\", \"operator\", \"operator:en\" and \"operator:wikidata\" tags. (2025/03/03)",
        "opening_hours": "24/7",
        "operator": "ICICI Bank",
        "operator:en": "ICICI Bank",
        "operator:wikidata": "Q1653258",
        "operator:wikipedia": "en:ICICI Bank",
        "short_name": "ICICI"
      },
      "geometry": {
        "type": "Point",
        "coordinates": [
          79.1131788,
          10.7693349
        ]
      },
      "id": "node/665691867"
    },
    {
      "type": "Feature",
      "properties": {
        "@id": "node/665691869",
        "amenity": "restaurant",
        "cuisine": "indian",
        "name": "Devar Mess"
      },
      "geometry": {
        "type": "Point",
        "coordinates": [
          79.1263499,
          10.7756536
        ]
      },
      "id": "node/665691869"
    },
    {
      "type": "Feature",
      "properties": {
        "@id": "node/665697735",
        "name": "Lotus Tiles and Marbles",
        "shop": "hardware"
      },
      "geometry": {
        "type": "Point",
        "coordinates": [
          79.110508,
          10.7674383
        ]
      },
      "id": "node/665697735"
    },
    {
      "type": "Feature",
      "properties": {
        "@id": "node/665697737",
        "name": "KPN Parcel Service",
        "shop": "travel_agency"
      },
      "geometry": {
        "type": "Point",
        "coordinates": [
          79.1287393,
          10.7769117
        ]
      },
      "id": "node/665697737"
    },
    {
      "type": "Feature",
      "properties": {
        "@id": "node/665697740",
        "amenity": "hospital",
        "healthcare": "hospital",
        "name": "AVM Medical Centre"
      },
      "geometry": {
        "type": "Point",
        "coordinates": [
          79.1384135,
          10.7876968
        ]
      },
      "id": "node/665697740"
    },
    {
      "type": "Feature",
      "properties": {
        "@id": "node/665784942",
        "amenity": "atm",
        "brand": "State Bank of India",
        "brand:en": "State Bank of India",
        "brand:wikidata": "Q1340361",
        "brand:wikipedia": "en:State Bank of India",
        "check_date": "2021-01-22",
        "currency:INR": "yes",
        "drive_through": "no",
        "indoor": "yes",
        "name": "State Bank of India",
        "note": "Contributors are requested to not edit the \"brand\", \"brand:en\", \"brand:wikidata\", \"operator\", \"operator:en\" and \"operator:wikidata\" tags. (2025/03/03)",
        "opening_hours": "24/7",
        "operator": "State Bank of India",
        "operator:en": "State Bank of India",
        "operator:wikidata": "Q1340361",
        "operator:wikipedia": "en:State Bank of India",
        "short_name": "SBI"
      },
      "geometry": {
        "type": "Point",
        "coordinates": [
          79.1129697,
          10.7694544
        ]
      },
      "id": "node/665784942"
    },
    {
      "type": "Feature",
      "properties": {
        "@id": "node/665784973",
        "name": "Mc. Naan Bakery",
        "shop": "bakery"
      },
      "geometry": {
        "type": "Point",
        "coordinates": [
          79.1382305,
          10.7865846
        ]
      },
      "id": "node/665784973"
    },
    {
      "type": "Feature",
      "properties": {
        "@id": "node/670883872",
        "name": "Burma Bazaar",
        "shop": "electronics"
      },
      "geometry": {
        "type": "Point",
        "coordinates": [
          79.1398661,
          10.7863257
        ]
      },
      "id": "node/670883872"
    },
    {
      "type": "Feature",
      "properties": {
        "@id": "node/670883889",
        "amenity": "hospital",
        "healthcare": "hospital",
        "name": "KRA Hospital"
      },
      "geometry": {
        "type": "Point",
        "coordinates": [
          79.1397985,
          10.7869754
        ]
      },
      "id": "node/670883889"
    },
    {
      "type": "Feature",
      "properties": {
        "@id": "node/671861673",
        "indoor_seating": "yes",
        "name": "The Bombay Sweet Stall",
        "outdoor_seating": "no",
        "shop": "bakery",
        "smoking": "no"
      },
      "geometry": {
        "type": "Point",
        "coordinates": [
          79.1400673,
          10.7789687
        ]
      },
      "id": "node/671861673"
    },
    {
      "type": "Feature",
      "properties": {
        "@id": "way/674921391",
        "amenity": "restaurant",
        "building": "yes",
        "diet:vegetarian": "yes",
        "name": "New Krishna Canteen (KC)",
        "@geometry": "center"
      },
      "geometry": {
        "type": "Point",
        "coordinates": [
          79.0199643,
          10.7272253
        ]
      },
      "id": "way/674921391"
    },
    {
      "type": "Feature",
      "properties": {
        "@id": "way/683688511",
        "addr:postcode": "613401",
        "amenity": "cafe",
        "building": "yes",
        "delivery": "no",
        "name": "Green Bunnies",
        "opening_hours": "Mo-Fr 09:00-18:30",
        "outdoor_seating": "yes",
        "@geometry": "center"
      },
      "geometry": {
        "type": "Point",
        "coordinates": [
          79.0161274,
          10.7288744
        ]
      },
      "id": "way/683688511"
    },
    {
      "type": "Feature",
      "properties": {
        "@id": "way/683974917",
        "amenity": "restaurant",
        "building": "yes",
        "cuisine": "south_indian;chinese",
        "name": "Hotel Nova",
        "@geometry": "center"
      },
      "geometry": {
        "type": "Point",
        "coordinates": [
          79.0207168,
          10.7303446
        ]
      },
      "id": "way/683974917"
    },
    {
      "type": "Feature",
      "properties": {
        "@id": "way/683974919",
        "amenity": "restaurant",
        "building": "yes",
        "name": "Thanjai Nova",
        "@geometry": "center"
      },
      "geometry": {
        "type": "Point",
        "coordinates": [
          79.0204151,
          10.7303565
        ]
      },
      "id": "way/683974919"
    },
    {
      "type": "Feature",
      "properties": {
        "@id": "way/690984499",
        "amenity": "restaurant",
        "building": "yes",
        "name": "Canteen",
        "@geometry": "center"
      },
      "geometry": {
        "type": "Point",
        "coordinates": [
          78.6963025,
          10.785599
        ]
      },
      "id": "way/690984499"
    },
    {
      "type": "Feature",
      "properties": {
        "@id": "way/836799704",
        "addr:city": "Pudukkottai",
        "addr:housenumber": "2868",
        "addr:postcode": "622001",
        "addr:street": "East 3rd Street",
        "building": "yes",
        "name": "New Games",
        "opening_hours": "09:00-21:00",
        "operator": "Senthil",
        "shop": "video_games",
        "@geometry": "center"
      },
      "geometry": {
        "type": "Point",
        "coordinates": [
          78.8247592,
          10.3848601
        ]
      },
      "id": "way/836799704"
    },
    {
      "type": "Feature",
      "properties": {
        "@id": "way/836802433",
        "addr:city": "Pudukkottai",
        "addr:postcode": "622001",
        "addr:street": "North Main Street",
        "building": "yes",
        "clothes": "women;men;children;underwear;wedding;suits",
        "name": "Aathi Kalathu Alangara maligai",
        "opening_hours": "Mo-Su 10:00-22:00",
        "shop": "clothes",
        "@geometry": "center"
      },
      "geometry": {
        "type": "Point",
        "coordinates": [
          78.8212546,
          10.3862112
        ]
      },
      "id": "way/836802433"
    },
    {
      "type": "Feature",
      "properties": {
        "@id": "way/838040527",
        "building": "yes",
        "name": "Nisha Stores",
        "shop": "greengrocer",
        "@geometry": "center"
      },
      "geometry": {
        "type": "Point",
        "coordinates": [
          78.7905288,
          10.7864761
        ]
      },
      "id": "way/838040527"
    },
    {
      "type": "Feature",
      "properties": {
        "@id": "way/899198149",
        "building": "yes",
        "name": "R.V & son",
        "shop": "convenience",
        "@geometry": "center"
      },
      "geometry": {
        "type": "Point",
        "coordinates": [
          79.1181515,
          10.7727612
        ]
      },
      "id": "way/899198149"
    },
    {
      "type": "Feature",
      "properties": {
        "@id": "way/989173710",
        "amenity": "hospital",
        "emergency": "yes",
        "healthcare": "hospital",
        "name": "Mahatma Gandhi Memorial Government Hospital",
        "name:etymology:wikidata": "Q1001",
        "@geometry": "center"
      },
      "geometry": {
        "type": "Point",
        "coordinates": [
          78.6773859,
          10.8116543
        ]
      },
      "id": "way/989173710"
    },
    {
      "type": "Feature",
      "properties": {
        "@id": "way/1000546403",
        "addr:block": "Perambalur Mpty",
        "addr:district": "Perambalur",
        "addr:full": "Nh-45, National Highway, Siruvachur, Trichy Chennai Main Road, Perambalur",
        "addr:postcode": "621212",
        "addr:state": "Tamil Nadu",
        "amenity": "hospital",
        "healthcare": "hospital",
        "name": "Dhanalakshmi Srinivasan Medical College & Hospital",
        "source": "OpenGovernmentData",
        "@geometry": "center"
      },
      "geometry": {
        "type": "Point",
        "coordinates": [
          78.8727861,
          11.1975968
        ]
      },
      "id": "way/1000546403"
    },
    {
      "type": "Feature",
      "properties": {
        "@id": "way/1017558959",
        "amenity": "restaurant",
        "building": "yes",
        "cuisine": "chicken;seafood",
        "name": "commercial",
        "@geometry": "center"
      },
      "geometry": {
        "type": "Point",
        "coordinates": [
          79.1406317,
          10.7635242
        ]
      },
      "id": "way/1017558959"
    },
    {
      "type": "Feature",
      "properties": {
        "@id": "way/1037068386",
        "addr:city": "Thanjavur",
        "addr:street": "Madakottai Road",
        "amenity": "pharmacy",
        "building": "yes",
        "dispensing": "yes",
        "healthcare": "pharmacy",
        "name": "R P Medicals",
        "@geometry": "center"
      },
      "geometry": {
        "type": "Point",
        "coordinates": [
          79.1227935,
          10.7520096
        ]
      },
      "id": "way/1037068386"
    },
    {
      "type": "Feature",
      "properties": {
        "@id": "way/1078863152",
        "addr:district": "Thanjavur",
        "addr:full": "Government Hospital, Thiyagarajar Temple, Thiruvaiyaru, Othatheru",
        "addr:postcode": "615101",
        "addr:state": "Tamil Nadu",
        "addr:subdistrict": "Thiruvaiyaru",
        "amenity": "hospital",
        "name": "Government Hospital, Thiruvaiyaru",
        "source": "OpenGovernmentData",
        "@geometry": "center"
      },
      "geometry": {
        "type": "Point",
        "coordinates": [
          79.1096534,
          10.8839771
        ]
      },
      "id": "way/1078863152"
    },
    {
      "type": "Feature",
      "properties": {
        "@id": "way/1180524242",
        "amenity": "restaurant",
        "building": "yes",
        "cuisine": "dessert;coffee_shop;chinese;sandwich;pizza;indian;ice_cream;cake;chocolate",
        "diet:vegetarian": "yes",
        "name": "New Canopy",
        "@geometry": "center"
      },
      "geometry": {
        "type": "Point",
        "coordinates": [
          79.0195807,
          10.7290683
        ]
      },
      "id": "way/1180524242"
    },
    {
      "type": "Feature",
      "properties": {
        "@id": "way/1180524243",
        "amenity": "restaurant",
        "building": "yes",
        "diet:vegetarian": "yes",
        "name": "Southern Canopy",
        "@geometry": "center"
      },
      "geometry": {
        "type": "Point",
        "coordinates": [
          79.0190583,
          10.7288713
        ]
      },
      "id": "way/1180524243"
    },
    {
      "type": "Feature",
      "properties": {
        "@id": "way/1180524244",
        "amenity": "cafe",
        "building": "yes",
        "name": "Kaapi Kudil",
        "@geometry": "center"
      },
      "geometry": {
        "type": "Point",
        "coordinates": [
          79.0155946,
          10.7299347
        ]
      },
      "id": "way/1180524244"
    },
    {
      "type": "Feature",
      "properties": {
        "@id": "way/1226563494",
        "addr:city": "Trichy",
        "addr:housenumber": "73/18-2",
        "addr:postcode": "620018",
        "addr:street": "Annamalai Nagar Main road",
        "air_conditioning": "yes",
        "amenity": "restaurant",
        "building": "yes",
        "delivery": "yes",
        "name": "Anjappar Chettinadu Restaurant",
        "phone": "097874 70115",
        "source": "microsoft/BuildingFootprints",
        "@geometry": "center"
      },
      "geometry": {
        "type": "Point",
        "coordinates": [
          78.6848298,
          10.8279268
        ]
      },
      "id": "way/1226563494"
    },
    {
      "type": "Feature",
      "properties": {
        "@id": "way/1226563624",
        "addr:city": "Trichy",
        "addr:housenumber": "73/B",
        "addr:postcode": "620018",
        "addr:street": "Annamalai Nagar Main road",
        "amenity": "restaurant",
        "building": "yes",
        "name": "Hotel Junior Kuppanna Trichy",
        "phone": "0431 497 2333",
        "source": "microsoft/BuildingFootprints",
        "@geometry": "center"
      },
      "geometry": {
        "type": "Point",
        "coordinates": [
          78.6852103,
          10.8281084
        ]
      },
      "id": "way/1226563624"
    },
    {
      "type": "Feature",
      "properties": {
        "@id": "way/1226563636",
        "addr:city": "Trichy",
        "addr:housenumber": "9/2a",
        "addr:postcode": "620018",
        "addr:street": "Karur Bypass road",
        "brand": "NEXA",
        "building": "yes",
        "name": "NEXA (Pillai & Sons, Trichy)",
        "second_hand": "no",
        "shop": "car",
        "source": "microsoft/BuildingFootprints",
        "@geometry": "center"
      },
      "geometry": {
        "type": "Point",
        "coordinates": [
          78.6850838,
          10.8310831
        ]
      },
      "id": "way/1226563636"
    },
    {
      "type": "Feature",
      "properties": {
        "@id": "way/1226763699",
        "addr:district": "Tiruchirappalli",
        "addr:full": "31,Bishop Road,Puthur",
        "addr:postcode": "620017",
        "addr:state": "Tamil Nadu",
        "amenity": "hospital",
        "building": "yes",
        "healthcare": "hospital",
        "name": "Vihas Hospital",
        "source": "OpenGovernmentData;microsoft/BuildingFootprints",
        "@geometry": "center"
      },
      "geometry": {
        "type": "Point",
        "coordinates": [
          78.6777472,
          10.8190868
        ]
      },
      "id": "way/1226763699"
    },
    {
      "type": "Feature",
      "properties": {
        "@id": "way/1226989456",
        "addr:city": "Trichy",
        "addr:housenumber": "73A,",
        "addr:postcode": "620018",
        "addr:street": "Salai road",
        "air_conditioning": "yes",
        "amenity": "restaurant",
        "building": "yes",
        "cuisine": "indian",
        "delivery": "yes",
        "name": "Hotel Kannapa",
        "phone": "0431 276 5807",
        "source": "microsoft/BuildingFootprints",
        "@geometry": "center"
      },
      "geometry": {
        "type": "Point",
        "coordinates": [
          78.683566,
          10.8273893
        ]
      },
      "id": "way/1226989456"
    },
    {
      "type": "Feature",
      "properties": {
        "@id": "way/1227207985",
        "building": "yes",
        "mapillary": "267025718475339",
        "name": "Shree Renga Supermarket",
        "shop": "supermarket",
        "@geometry": "center"
      },
      "geometry": {
        "type": "Point",
        "coordinates": [
          78.700011,
          10.8298824
        ]
      },
      "id": "way/1227207985"
    },
    {
      "type": "Feature",
      "properties": {
        "@id": "way/1227217339",
        "amenity": "pharmacy",
        "brand": "Apollo Pharmacy",
        "brand:wikidata": "Q62562612",
        "building": "yes",
        "healthcare": "pharmacy",
        "mapillary": "6057382760942283",
        "name": "Apollo Pharmacy",
        "source": "microsoft/BuildingFootprints",
        "@geometry": "center"
      },
      "geometry": {
        "type": "Point",
        "coordinates": [
          78.6987673,
          10.8264736
        ]
      },
      "id": "way/1227217339"
    },
    {
      "type": "Feature",
      "properties": {
        "@id": "way/1227409945",
        "addr:city": "Tiruchirappalli",
        "addr:housenumber": "17",
        "addr:postcode": "620008",
        "addr:street": "West Boulevard road",
        "alt_name": "South India Musical Instruments",
        "alt_name:ta": "தென் இந்திய சங்கீத நிறுவனம்",
        "building": "yes",
        "contact:mobile": "00917667836671",
        "email": "chitamchandru@gmail.com",
        "name": "South India Musikal Enterprises",
        "name:ta": "சவுத் இண்டியா மியூசிக்கல் எண்டபிரைஸ்",
        "shop": "musical_instrument",
        "source": "microsoft/BuildingFootprints",
        "@geometry": "center"
      },
      "geometry": {
        "type": "Point",
        "coordinates": [
          78.6934772,
          10.8218816
        ]
      },
      "id": "way/1227409945"
    },
    {
      "type": "Feature",
      "properties": {
        "@id": "way/1227557803",
        "addr:city": "Trichy",
        "addr:postcode": "620018",
        "addr:street": "7th Cross",
        "alt_name": "A2B",
        "amenity": "restaurant",
        "brand": "Adyar Ananda Bhavan",
        "brand:wikidata": "Q15178238",
        "brand:wikipedia": "en:Adyar Ananda Bhavan",
        "building": "yes",
        "cuisine": "regional",
        "diet:vegetarian": "only",
        "email": "info@aabsweets.com",
        "name": "Adyar Ananda Bhavan",
        "operator": "Adyar Ananda Bhavan",
        "phone": "+91 431 402 1177",
        "shop": "confectionery",
        "smoking": "no",
        "source": "microsoft/BuildingFootprints",
        "website": "https://aabsweets.com",
        "@geometry": "center"
      },
      "geometry": {
        "type": "Point",
        "coordinates": [
          78.6875495,
          10.8225639
        ]
      },
      "id": "way/1227557803"
    },
    {
      "type": "Feature",
      "properties": {
        "@id": "way/1228078008",
        "addr:city": "Trichy",
        "addr:postcode": "620002",
        "addr:street": "Melachinthamani",
        "amenity": "restaurant",
        "brand": "Dindigul Thalappakatti Restaurant",
        "brand:wikidata": "Q16312263",
        "building": "yes",
        "cuisine": "south_indian",
        "delivery": "yes",
        "name": "Dindigul Thalappakatti Restaurant",
        "source": "microsoft/BuildingFootprints",
        "takeaway": "yes",
        "@geometry": "center"
      },
      "geometry": {
        "type": "Point",
        "coordinates": [
          78.6903823,
          10.8342227
        ]
      },
      "id": "way/1228078008"
    },
    {
      "type": "Feature",
      "properties": {
        "@id": "way/1228078114",
        "addr:city": "Trichy",
        "addr:postcode": "620002",
        "addr:street": "Karur Bypass road",
        "building": "yes",
        "name": "Rockfort Honda",
        "shop": "motorcycle",
        "source": "microsoft/BuildingFootprints",
        "@geometry": "center"
      },
      "geometry": {
        "type": "Point",
        "coordinates": [
          78.6890367,
          10.8348868
        ]
      },
      "id": "way/1228078114"
    },
    {
      "type": "Feature",
      "properties": {
        "@id": "way/1229050670",
        "brand": "Nissan",
        "brand:wikidata": "Q20165",
        "building": "yes",
        "mapillary": "162384402367364",
        "name": "Nissan",
        "shop": "car",
        "source": "microsoft/BuildingFootprints",
        "@geometry": "center"
      },
      "geometry": {
        "type": "Point",
        "coordinates": [
          78.6823919,
          10.8030556
        ]
      },
      "id": "way/1229050670"
    },
    {
      "type": "Feature",
      "properties": {
        "@id": "way/1229464932",
        "addr:city": "Tiruchirapalli",
        "addr:housenumber": "19",
        "addr:postcode": "620008",
        "addr:street": "Allimaal street",
        "building": "yes",
        "name": "SRIRAM TRADERS",
        "opening_hours": "Mo-Sa 10:00-21:00",
        "payment:cash": "yes",
        "payment:upi": "yes",
        "phone": "04314974551",
        "shop": "Invitations_Showroom",
        "source": "microsoft/BuildingFootprints",
        "website": "https://sriram-wedding-cards-trichy.business.site/",
        "@geometry": "center"
      },
      "geometry": {
        "type": "Point",
        "coordinates": [
          78.6990483,
          10.8231952
        ]
      },
      "id": "way/1229464932"
    },
    {
      "type": "Feature",
      "properties": {
        "@id": "way/1229519544",
        "addr:city": "Tiruchirappalli",
        "addr:district": "Tiruchirappalli",
        "addr:housenumber": "61",
        "addr:postcode": "620008",
        "addr:street": "Big Sourashtra Street",
        "amenity": "restaurant",
        "building": "yes",
        "cuisine": "indian",
        "diet:vegetarian": "yes",
        "name": "Sri Rangaa Tiffen Stall",
        "opening_hours": "Mo-Su 07:30-16:00",
        "@geometry": "center"
      },
      "geometry": {
        "type": "Point",
        "coordinates": [
          78.6994146,
          10.8177619
        ]
      },
      "id": "way/1229519544"
    },
    {
      "type": "Feature",
      "properties": {
        "@id": "way/1229519821",
        "addr:street": "big Kamala street",
        "building": "yes",
        "name": "A1 essence mart",
        "shop": "yes",
        "source": "microsoft/BuildingFootprints",
        "@geometry": "center"
      },
      "geometry": {
        "type": "Point",
        "coordinates": [
          78.6966125,
          10.8168096
        ]
      },
      "id": "way/1229519821"
    },
    {
      "type": "Feature",
      "properties": {
        "@id": "way/1229867243",
        "addr:city": "Tiruchchirappalli town",
        "addr:street": "Race Course Road",
        "building": "yes",
        "name": "Balaji Xerox & Stationeries",
        "opening_hours": "Mo-Su 08:00-21:30",
        "shop": "stationery",
        "source": "microsoft/BuildingFootprints",
        "@geometry": "center"
      },
      "geometry": {
        "type": "Point",
        "coordinates": [
          78.694422,
          10.7753869
        ]
      },
      "id": "way/1229867243"
    },
    {
      "type": "Feature",
      "properties": {
        "@id": "way/1230154966",
        "addr:street": "Raja ram salai",
        "amenity": "restaurant",
        "building": "yes",
        "description": "Veg and Non-veg budget restaurant",
        "name": "Trichy Restaurant",
        "opening_hours": "Mo-Su 06:30-23:30",
        "source": "microsoft/BuildingFootprints",
        "@geometry": "center"
      },
      "geometry": {
        "type": "Point",
        "coordinates": [
          78.6854133,
          10.7596704
        ]
      },
      "id": "way/1230154966"
    },
    {
      "type": "Feature",
      "properties": {
        "@id": "way/1230892100",
        "addr:city": "Tiruchirappalli",
        "building": "yes",
        "name": "J.k.Textiles",
        "shop": "clothes",
        "source": "microsoft/BuildingFootprints",
        "@geometry": "center"
      },
      "geometry": {
        "type": "Point",
        "coordinates": [
          78.6932841,
          10.8241296
        ]
      },
      "id": "way/1230892100"
    },
    {
      "type": "Feature",
      "properties": {
        "@id": "way/1230892273",
        "addr:housenumber": "31",
        "building": "yes",
        "name": "New Bangalore Iyengar Bakery",
        "shop": "pastry",
        "source": "microsoft/BuildingFootprints",
        "@geometry": "center"
      },
      "geometry": {
        "type": "Point",
        "coordinates": [
          78.6948073,
          10.8247564
        ]
      },
      "id": "way/1230892273"
    },
    {
      "type": "Feature",
      "properties": {
        "@id": "way/1231079232",
        "addr:city": "Trichy",
        "addr:postcode": "620001",
        "addr:street": "Bharathiyar Salai",
        "building": "yes",
        "name": "POWERREKO",
        "operator": "Powerreko Generators",
        "phone": "9360111055",
        "shop": "electrical",
        "source": "microsoft/BuildingFootprints",
        "website": "https://bbay.in/seller/powerreko/",
        "@geometry": "center"
      },
      "geometry": {
        "type": "Point",
        "coordinates": [
          78.6894543,
          10.8007608
        ]
      },
      "id": "way/1231079232"
    },
    {
      "type": "Feature",
      "properties": {
        "@id": "way/1231079675",
        "addr:city": "Trichy",
        "addr:postcode": "625001",
        "addr:street": "Williams Road",
        "alt_name": "A2B",
        "amenity": "restaurant",
        "brand": "Adyar Ananda Bhavan",
        "brand:wikidata": "Q15178238",
        "brand:wikipedia": "en:Adyar Ananda Bhavan",
        "building": "yes",
        "cuisine": "regional",
        "diet:vegetarian": "only",
        "name": "Adyar Ananda Bhavan",
        "operator": "Adyar Ananda Bhavan",
        "phone": "+91 431 420 0333",
        "shop": "confectionery",
        "smoking": "no",
        "source": "microsoft/BuildingFootprints",
        "website": "https://aabsweets.com",
        "@geometry": "center"
      },
      "geometry": {
        "type": "Point",
        "coordinates": [
          78.6811691,
          10.8000184
        ]
      },
      "id": "way/1231079675"
    },
    {
      "type": "Feature",
      "properties": {
        "@id": "way/1231080001",
        "addr:city": "Trichy",
        "addr:housename": "107-A",
        "addr:postcode": "620001",
        "addr:street": "Williams Road",
        "brand": "Femina Shopping Mall",
        "building": "yes",
        "contact:phone": "0431-4200610,4200620",
        "fixme": "Correct the tags and name.",
        "name": "Femina Shopping Mall (Hyper);Femina shopping maal",
        "shop": "mall;yes",
        "source": "microsoft/BuildingFootprints",
        "@geometry": "center"
      },
      "geometry": {
        "type": "Point",
        "coordinates": [
          78.6807083,
          10.8001256
        ]
      },
      "id": "way/1231080001"
    },
    {
      "type": "Feature",
      "properties": {
        "@id": "way/1231163695",
        "addr:district": "Tiruchirappalli",
        "addr:full": "Sundar Nagar, Edamalaipatti Pudur",
        "addr:postcode": "620021",
        "addr:state": "Tamil Nadu",
        "amenity": "hospital",
        "building": "yes",
        "healthcare": "hospital",
        "name": "Varshini Hospitals",
        "source": "Local Knowledge;microsoft/BuildingFootprints",
        "@geometry": "center"
      },
      "geometry": {
        "type": "Point",
        "coordinates": [
          78.684288,
          10.7691144
        ]
      },
      "id": "way/1231163695"
    },
    {
      "type": "Feature",
      "properties": {
        "@id": "way/1312149911",
        "amenity": "bank",
        "brand": "State Bank of India",
        "brand:wikidata": "Q1340361",
        "building": "yes",
        "mapillary": "267025718475339",
        "name": "State Bank of India",
        "short_name": "SBI",
        "@geometry": "center"
      },
      "geometry": {
        "type": "Point",
        "coordinates": [
          78.7000515,
          10.8296772
        ]
      },
      "id": "way/1312149911"
    },
    {
      "type": "Feature",
      "properties": {
        "@id": "way/1312149929",
        "building": "yes",
        "mapillary": "380330956626298",
        "name": "Hayee Furn",
        "shop": "furniture",
        "@geometry": "center"
      },
      "geometry": {
        "type": "Point",
        "coordinates": [
          79.1379163,
          10.7744064
        ]
      },
      "id": "way/1312149929"
    },
    {
      "type": "Feature",
      "properties": {
        "@id": "way/1317057363",
        "addr:block": "Thanjavur Corporation",
        "addr:district": "Thanjavur",
        "addr:full": "Government Medical College Hospital, Thanjavur, Vallam Main Road",
        "addr:postcode": "613004",
        "addr:state": "Tamil Nadu",
        "amenity": "hospital",
        "building": "yes",
        "healthcare": "hospital",
        "name": "Thanjavur Medical College Hospital",
        "source": "OpenGovernmentData",
        "@geometry": "center"
      },
      "geometry": {
        "type": "Point",
        "coordinates": [
          79.1071428,
          10.7589345
        ]
      },
      "id": "way/1317057363"
    },
    {
      "type": "Feature",
      "properties": {
        "@id": "node/1464829643",
        "addr:district": "Thanjavur",
        "addr:full": "4,Tps Nagar,Medical College Road",
        "addr:postcode": "613007",
        "addr:state": "Tamil Nadu",
        "amenity": "hospital",
        "healthcare": "hospital",
        "name": "Deiva Hospital",
        "source": "OpenGovernmentData"
      },
      "geometry": {
        "type": "Point",
        "coordinates": [
          79.1231818,
          10.7746145
        ]
      },
      "id": "node/1464829643"
    },
    {
      "type": "Feature",
      "properties": {
        "@id": "node/1464829653",
        "amenity": "pharmacy",
        "healthcare": "pharmacy",
        "name": "Medical Shop"
      },
      "geometry": {
        "type": "Point",
        "coordinates": [
          79.1220667,
          10.7745388
        ]
      },
      "id": "node/1464829653"
    },
    {
      "type": "Feature",
      "properties": {
        "@id": "node/1464887237",
        "amenity": "bank",
        "atm": "yes",
        "brand": "Indian Overseas Bank",
        "brand:wikidata": "Q2003611",
        "brand:wikipedia": "en:Indian Overseas Bank",
        "name": "Indian Overseas Bank",
        "name:en": "Indian Overseas Bank",
        "short_name": "IOB",
        "website": "https://www.iob.in"
      },
      "geometry": {
        "type": "Point",
        "coordinates": [
          79.1095079,
          10.7664408
        ]
      },
      "id": "node/1464887237"
    },
    {
      "type": "Feature",
      "properties": {
        "@id": "node/1464887238",
        "amenity": "bank",
        "atm": "yes",
        "brand": "ICICI Bank",
        "brand:wikidata": "Q1653258",
        "brand:wikipedia": "en:ICICI Bank",
        "name": "ICICI Bank",
        "name:en": "ICICI Bank",
        "short_name": "ICICI",
        "website": "https://www.icicibank.com"
      },
      "geometry": {
        "type": "Point",
        "coordinates": [
          79.1333528,
          10.7726277
        ]
      },
      "id": "node/1464887238"
    },
    {
      "type": "Feature",
      "properties": {
        "@id": "node/1464979825",
        "amenity": "bank",
        "name": "IOB Reginal Office"
      },
      "geometry": {
        "type": "Point",
        "coordinates": [
          79.1175484,
          10.772566
        ]
      },
      "id": "node/1464979825"
    },
    {
      "type": "Feature",
      "properties": {
        "@id": "node/1465083377",
        "name": "R.V & son",
        "shop": "convenience"
      },
      "geometry": {
        "type": "Point",
        "coordinates": [
          79.1181103,
          10.7727207
        ]
      },
      "id": "node/1465083377"
    },
    {
      "type": "Feature",
      "properties": {
        "@id": "node/1465102151",
        "mapillary": "3780526668732444",
        "name": "Maharaja Silk House",
        "shop": "clothes"
      },
      "geometry": {
        "type": "Point",
        "coordinates": [
          79.1389672,
          10.7852338
        ]
      },
      "id": "node/1465102151"
    },
    {
      "type": "Feature",
      "properties": {
        "@id": "node/1465102164",
        "name": "Rajarathi Bakery",
        "shop": "bakery"
      },
      "geometry": {
        "type": "Point",
        "coordinates": [
          79.1227787,
          10.7744474
        ]
      },
      "id": "node/1465102164"
    },
    {
      "type": "Feature",
      "properties": {
        "@id": "node/1465102167",
        "name": "Raju's Bakery and Tea stall",
        "opening_hours": "Mo-Su 09:00-22:00",
        "shop": "bakery"
      },
      "geometry": {
        "type": "Point",
        "coordinates": [
          79.1256836,
          10.7757204
        ]
      },
      "id": "node/1465102167"
    },
    {
      "type": "Feature",
      "properties": {
        "@id": "node/1466729821",
        "name": "krishna sweets",
        "shop": "bakery"
      },
      "geometry": {
        "type": "Point",
        "coordinates": [
          79.1230725,
          10.7745663
        ]
      },
      "id": "node/1466729821"
    },
    {
      "type": "Feature",
      "properties": {
        "@id": "node/1481408402",
        "amenity": "restaurant",
        "cuisine": "indian",
        "name": "Presidency hotel"
      },
      "geometry": {
        "type": "Point",
        "coordinates": [
          78.7403686,
          10.9194863
        ]
      },
      "id": "node/1481408402"
    },
    {
      "type": "Feature",
      "properties": {
        "@id": "node/1669803333",
        "amenity": "restaurant",
        "cuisine": "regional",
        "indoor_seating": "yes",
        "name": "Sathars Restaurant",
        "outdoor_seating": "no"
      },
      "geometry": {
        "type": "Point",
        "coordinates": [
          79.13908,
          10.78447
        ]
      },
      "id": "node/1669803333"
    },
    {
      "type": "Feature",
      "properties": {
        "@id": "node/1719289076",
        "addr:district": "Tiruchirappalli",
        "addr:full": "#1, Annamalai Nagar,Main Road,Annamalai Nagar",
        "addr:postcode": "620018",
        "addr:state": "Tamil Nadu",
        "amenity": "hospital",
        "emergency": "yes",
        "healthcare": "hospital",
        "name": "Assured Best Care Hospital (P) Ltd., ( Abc Hospital)",
        "source": "OpenGovernmentData"
      },
      "geometry": {
        "type": "Point",
        "coordinates": [
          78.6848076,
          10.8308335
        ]
      },
      "id": "node/1719289076"
    },
    {
      "type": "Feature",
      "properties": {
        "@id": "node/1725081453",
        "amenity": "restaurant",
        "diet:vegetarian": "yes",
        "indoor_seating": "yes",
        "microbrewery": "no",
        "name": "Hotel Amudam",
        "outdoor_seating": "no",
        "takeaway": "yes",
        "wheelchair": "no"
      },
      "geometry": {
        "type": "Point",
        "coordinates": [
          78.6675514,
          10.7884978
        ]
      },
      "id": "node/1725081453"
    },
    {
      "type": "Feature",
      "properties": {
        "@id": "node/2152463907",
        "amenity": "restaurant",
        "name": "Banana Leaf"
      },
      "geometry": {
        "type": "Point",
        "coordinates": [
          78.6925646,
          10.8264119
        ]
      },
      "id": "node/2152463907"
    },
    {
      "type": "Feature",
      "properties": {
        "@id": "node/2152463908",
        "addr:district": "Tiruchirappalli",
        "addr:full": "37&39, Chinthamani Bazaar ( Near Anna Statue )",
        "addr:postcode": "620001",
        "addr:state": "Tamil Nadu",
        "amenity": "hospital",
        "healthcare": "hospital",
        "name": "Frontline Hospital and Research Institute",
        "source": "OpenGovernmentData",
        "wheelchair": "yes"
      },
      "geometry": {
        "type": "Point",
        "coordinates": [
          78.6947328,
          10.8340169
        ]
      },
      "id": "node/2152463908"
    },
    {
      "type": "Feature",
      "properties": {
        "@id": "node/2152463909",
        "amenity": "restaurant",
        "fixme": "Correct the tags and name.",
        "name": "Guru;Guru Hotel",
        "tourism": "hotel"
      },
      "geometry": {
        "type": "Point",
        "coordinates": [
          78.6810445,
          10.7992897
        ]
      },
      "id": "node/2152463909"
    },
    {
      "type": "Feature",
      "properties": {
        "@id": "node/2152463972",
        "amenity": "atm",
        "brand": "ICICI Bank",
        "brand:en": "ICICI Bank",
        "brand:wikidata": "Q1653258",
        "brand:wikipedia": "en:ICICI Bank",
        "currency:INR": "yes",
        "drive_through": "no",
        "indoor": "yes",
        "name": "ICICI Bank",
        "note": "Contributors are requested to not edit the \"brand\", \"brand:en\", \"brand:wikidata\", \"operator\", \"operator:en\" and \"operator:wikidata\" tags. (2025/03/03)",
        "opening_hours": "24/7",
        "operator": "ICICI Bank",
        "operator:en": "ICICI Bank",
        "operator:wikidata": "Q1653258",
        "operator:wikipedia": "en:ICICI Bank",
        "short_name": "ICICI"
      },
      "geometry": {
        "type": "Point",
        "coordinates": [
          78.689732,
          10.8566605
        ]
      },
      "id": "node/2152463972"
    },
    {
      "type": "Feature",
      "properties": {
        "@id": "node/2152463994",
        "name": "Sarathas",
        "shop": "clothes"
      },
      "geometry": {
        "type": "Point",
        "coordinates": [
          78.6962422,
          10.8267323
        ]
      },
      "id": "node/2152463994"
    },
    {
      "type": "Feature",
      "properties": {
        "@id": "node/2192009389",
        "addr:block": "Manaparai Mpty",
        "addr:district": "Tiruchirappalli",
        "addr:full": "No.76, Near Manaparai Busstand, Manaparai, Marudai Road",
        "addr:postcode": "621306",
        "addr:state": "Tamil Nadu",
        "addr:subdistrict": "Manapparai",
        "amenity": "hospital",
        "name": "Sinduja Hospital",
        "source": "OpenGovernmentData"
      },
      "geometry": {
        "type": "Point",
        "coordinates": [
          78.4168494,
          10.6039899
        ]
      },
      "id": "node/2192009389"
    },
    {
      "type": "Feature",
      "properties": {
        "@id": "node/2212489634",
        "brand": "Reliance Fresh",
        "brand:wikidata": "Q7311014",
        "brand:wikipedia": "en:Reliance Fresh",
        "name": "Reliance Fresh",
        "shop": "supermarket"
      },
      "geometry": {
        "type": "Point",
        "coordinates": [
          78.6677312,
          10.8144559
        ]
      },
      "id": "node/2212489634"
    },
    {
      "type": "Feature",
      "properties": {
        "@id": "node/2212490339",
        "amenity": "atm",
        "brand": "State Bank of India",
        "brand:en": "State Bank of India",
        "brand:wikidata": "Q1340361",
        "brand:wikipedia": "en:State Bank of India",
        "currency:INR": "yes",
        "drive_through": "no",
        "indoor": "yes",
        "name": "State Bank of India",
        "note": "Contributors are requested to not edit the \"brand\", \"brand:en\", \"brand:wikidata\", \"operator\", \"operator:en\" and \"operator:wikidata\" tags. (2025/03/03)",
        "opening_hours": "24/7",
        "operator": "State Bank of India",
        "operator:en": "State Bank of India",
        "operator:wikidata": "Q1340361",
        "operator:wikipedia": "en:State Bank of India",
        "short_name": "SBI"
      },
      "geometry": {
        "type": "Point",
        "coordinates": [
          78.6676534,
          10.8144401
        ]
      },
      "id": "node/2212490339"
    },
    {
      "type": "Feature",
      "properties": {
        "@id": "node/2212492352",
        "amenity": "hospital",
        "healthcare": "hospital",
        "name": "Maruti Hospital",
        "name:ta": "மாருதி மருத்துவமனை",
        "website": "http://www.marutihospital.in/"
      },
      "geometry": {
        "type": "Point",
        "coordinates": [
          78.6804341,
          10.8100113
        ]
      },
      "id": "node/2212492352"
    },
    {
      "type": "Feature",
      "properties": {
        "@id": "node/2214183739",
        "amenity": "bank",
        "brand": "Canara Bank",
        "brand:en": "Canara Bank",
        "brand:hi": "केनरा बैंक",
        "brand:kn": "ಕೆನರಾ ಬ್ಯಾಂಕ್",
        "brand:pa": "ਕੇਨਰਾ ਬੈਂਕ",
        "brand:pnb": "کینرا بینک",
        "brand:ur": "کینرا بینک",
        "brand:wikidata": "Q2003777",
        "name": "Canara Bank",
        "name:en": "Canara Bank",
        "name:hi": "केनरा बैंक",
        "name:kn": "ಕೆನರಾ ಬ್ಯಾಂಕ್",
        "name:pa": "ਕੇਨਰਾ ਬੈਂਕ",
        "name:pnb": "کینرا بینک",
        "name:ur": "کینرا بینک"
      },
      "geometry": {
        "type": "Point",
        "coordinates": [
          78.5512587,
          10.7059216
        ]
      },
      "id": "node/2214183739"
    },
    {
      "type": "Feature",
      "properties": {
        "@id": "node/2250783822",
        "name": "BG Naidu Sweets",
        "shop": "confectionery"
      },
      "geometry": {
        "type": "Point",
        "coordinates": [
          78.6703145,
          10.8140476
        ]
      },
      "id": "node/2250783822"
    },
    {
      "type": "Feature",
      "properties": {
        "@id": "node/2250783826",
        "name": "Kumudham Departmental Store",
        "shop": "supermarket"
      },
      "geometry": {
        "type": "Point",
        "coordinates": [
          78.6717951,
          10.8139343
        ]
      },
      "id": "node/2250783826"
    },
    {
      "type": "Feature",
      "properties": {
        "@id": "node/2250783829",
        "name": "Arasan Sweets & Bakery",
        "shop": "bakery"
      },
      "geometry": {
        "type": "Point",
        "coordinates": [
          78.6705237,
          10.8140423
        ]
      },
      "id": "node/2250783829"
    },
    {
      "type": "Feature",
      "properties": {
        "@id": "node/2250783832",
        "name": "Padma Fruit Shop",
        "shop": "greengrocer"
      },
      "geometry": {
        "type": "Point",
        "coordinates": [
          78.6702608,
          10.8140555
        ]
      },
      "id": "node/2250783832"
    },
    {
      "type": "Feature",
      "properties": {
        "@id": "node/2356058343",
        "amenity": "restaurant",
        "bar": "no",
        "check_date": "2025-02-12",
        "diet:vegetarian": "yes",
        "name": "Sri Abirami Bhavan Restaurant",
        "name:ta": "ஶ்ரீ அபிராமி பவன் உயர்தர சைவ உணவகம்",
        "source": "survey"
      },
      "geometry": {
        "type": "Point",
        "coordinates": [
          79.1386524,
          10.7874433
        ]
      },
      "id": "node/2356058343"
    },
    {
      "type": "Feature",
      "properties": {
        "@id": "node/2356058346",
        "amenity": "atm",
        "brand": "State Bank of India",
        "brand:en": "State Bank of India",
        "brand:wikidata": "Q1340361",
        "brand:wikipedia": "en:State Bank of India",
        "currency:INR": "yes",
        "drive_through": "no",
        "indoor": "yes",
        "name": "State Bank of India",
        "note": "Contributors are requested to not edit the \"brand\", \"brand:en\", \"brand:wikidata\", \"operator\", \"operator:en\" and \"operator:wikidata\" tags. (2025/03/03)",
        "opening_hours": "24/7",
        "operator": "State Bank of India",
        "operator:en": "State Bank of India",
        "operator:wikidata": "Q1340361",
        "operator:wikipedia": "en:State Bank of India",
        "short_name": "SBI"
      },
      "geometry": {
        "type": "Point",
        "coordinates": [
          79.1399435,
          10.7782292
        ]
      },
      "id": "node/2356058346"
    },
    {
      "type": "Feature",
      "properties": {
        "@id": "node/2356058350",
        "amenity": "atm",
        "brand": "State Bank of India",
        "brand:en": "State Bank of India",
        "brand:wikidata": "Q1340361",
        "brand:wikipedia": "en:State Bank of India",
        "currency:INR": "yes",
        "drive_through": "no",
        "indoor": "yes",
        "name": "State Bank of India",
        "note": "Contributors are requested to not edit the \"brand\", \"brand:en\", \"brand:wikidata\", \"operator\", \"operator:en\" and \"operator:wikidata\" tags. (2025/03/03)",
        "opening_hours": "24/7",
        "operator": "State Bank of India",
        "operator:en": "State Bank of India",
        "operator:wikidata": "Q1340361",
        "operator:wikipedia": "en:State Bank of India",
        "short_name": "SBI"
      },
      "geometry": {
        "type": "Point",
        "coordinates": [
          79.1364363,
          10.7817693
        ]
      },
      "id": "node/2356058350"
    },
    {
      "type": "Feature",
      "properties": {
        "@id": "node/2441196185",
        "name": "Sairam Supermarket",
        "shop": "supermarket"
      },
      "geometry": {
        "type": "Point",
        "coordinates": [
          78.6508139,
          10.8147529
        ]
      },
      "id": "node/2441196185"
    },
    {
      "type": "Feature",
      "properties": {
        "@id": "node/2441198996",
        "amenity": "atm",
        "brand": "State Bank of India",
        "brand:en": "State Bank of India",
        "brand:wikidata": "Q1340361",
        "brand:wikipedia": "en:State Bank of India",
        "currency:INR": "yes",
        "drive_through": "no",
        "indoor": "yes",
        "name": "State Bank of India",
        "note": "Contributors are requested to not edit the \"brand\", \"brand:en\", \"brand:wikidata\", \"operator\", \"operator:en\" and \"operator:wikidata\" tags. (2025/03/03)",
        "opening_hours": "24/7",
        "operator": "State Bank of India",
        "operator:en": "State Bank of India",
        "operator:wikidata": "Q1340361",
        "operator:wikipedia": "en:State Bank of India",
        "short_name": "SBI"
      },
      "geometry": {
        "type": "Point",
        "coordinates": [
          78.637787,
          10.8128175
        ]
      },
      "id": "node/2441198996"
    },
    {
      "type": "Feature",
      "properties": {
        "@id": "node/2441199064",
        "amenity": "atm",
        "brand": "Karur Vysya Bank",
        "brand:wikidata": "Q6373724",
        "name": "Karur Vysya Bank",
        "operator": "Karur Vysya Bank",
        "operator:wikidata": "Q6373724"
      },
      "geometry": {
        "type": "Point",
        "coordinates": [
          78.6352794,
          10.8125296
        ]
      },
      "id": "node/2441199064"
    },
    {
      "type": "Feature",
      "properties": {
        "@id": "node/2441199728",
        "name": "Allithurai bridge",
        "shop": "seafood"
      },
      "geometry": {
        "type": "Point",
        "coordinates": [
          78.6311042,
          10.8105783
        ]
      },
      "id": "node/2441199728"
    },
    {
      "type": "Feature",
      "properties": {
        "@id": "node/2441208661",
        "amenity": "atm",
        "brand": "Indian Overseas Bank",
        "brand:wikidata": "Q2003611",
        "name": "Indian Overseas Bank",
        "operator": "Indian Overseas Bank",
        "operator:wikidata": "Q2003611"
      },
      "geometry": {
        "type": "Point",
        "coordinates": [
          78.6672571,
          10.8145993
        ]
      },
      "id": "node/2441208661"
    },
    {
      "type": "Feature",
      "properties": {
        "@id": "node/2441209744",
        "amenity": "atm",
        "brand": "State Bank of India",
        "brand:en": "State Bank of India",
        "brand:wikidata": "Q1340361",
        "brand:wikipedia": "en:State Bank of India",
        "currency:INR": "yes",
        "drive_through": "no",
        "indoor": "yes",
        "name": "State Bank of India",
        "note": "Contributors are requested to not edit the \"brand\", \"brand:en\", \"brand:wikidata\", \"operator\", \"operator:en\" and \"operator:wikidata\" tags. (2025/03/03)",
        "opening_hours": "24/7",
        "operator": "State Bank of India",
        "operator:en": "State Bank of India",
        "operator:wikidata": "Q1340361",
        "operator:wikipedia": "en:State Bank of India",
        "short_name": "SBI"
      },
      "geometry": {
        "type": "Point",
        "coordinates": [
          78.6861204,
          10.8048887
        ]
      },
      "id": "node/2441209744"
    },
    {
      "type": "Feature",
      "properties": {
        "@id": "node/2517293372",
        "amenity": "restaurant",
        "cuisine": "indian",
        "name": "Hotel Om Saravana Bhavan",
        "parking": "surface"
      },
      "geometry": {
        "type": "Point",
        "coordinates": [
          78.7890921,
          11.0049343
        ]
      },
      "id": "node/2517293372"
    },
    {
      "type": "Feature",
      "properties": {
        "@id": "node/2517296804",
        "amenity": "restaurant",
        "cuisine": "indian",
        "name": "Only Coffee - Veg Restaurant"
      },
      "geometry": {
        "type": "Point",
        "coordinates": [
          78.8738466,
          11.1929897
        ]
      },
      "id": "node/2517296804"
    },
    {
      "type": "Feature",
      "properties": {
        "@id": "node/2859571323",
        "amenity": "restaurant",
        "name": "TTDC - Hotel Tamil Nadu"
      },
      "geometry": {
        "type": "Point",
        "coordinates": [
          78.8137027,
          10.374081
        ]
      },
      "id": "node/2859571323"
    },
    {
      "type": "Feature",
      "properties": {
        "@id": "node/3195410931",
        "amenity": "fuel",
        "brand": "Hindustan Petroleum",
        "brand:wikidata": "Q1619375",
        "check_date": "2024-07-28",
        "fuel:1_25": "yes",
        "fuel:diesel": "yes",
        "fuel:octane_80": "yes",
        "name": "HP",
        "official_name": "Hindustan Petroleum",
        "self_service": "no",
        "shop": "no Working Toilet",
        "source": "survey"
      },
      "geometry": {
        "type": "Point",
        "coordinates": [
          78.3137876,
          10.5563961
        ]
      },
      "id": "node/3195410931"
    },
    {
      "type": "Feature",
      "properties": {
        "@id": "node/3544012135",
        "addr:block": "Thanjavur Corporation",
        "addr:district": "Thanjavur",
        "addr:full": "Arulanatha Nagar, Arulanatha Nagar, Thanjavur, Thanjavur - 613 007, Arulanatha Nagar",
        "addr:postcode": "613007",
        "addr:state": "Tamil Nadu",
        "amenity": "hospital",
        "healthcare": "hospital",
        "name": "Our Lady Of Health Hospital",
        "source": "OpenGovernmentData"
      },
      "geometry": {
        "type": "Point",
        "coordinates": [
          79.1365736,
          10.7712003
        ]
      },
      "id": "node/3544012135"
    },
    {
      "type": "Feature",
      "properties": {
        "@id": "node/3546656794",
        "addr:street": "Athupalam",
        "amenity": "atm",
        "brand": "City Union Bank",
        "brand:en": "City Union Bank",
        "brand:hi": "सिटी यूनियन बैंक",
        "brand:ta": "சிட்டி யூனியன் வங்கி",
        "brand:wikidata": "Q2040264",
        "name": "City Union Bank",
        "name:en": "City Union Bank",
        "name:hi": "सिटी यूनियन बैंक",
        "name:ta": "சிட்டி யூனியன் வங்கி",
        "operator": "City Union Bank",
        "operator:wikidata": "Q2040264",
        "short_name": "CUB"
      },
      "geometry": {
        "type": "Point",
        "coordinates": [
          79.1465254,
          10.7785833
        ]
      },
      "id": "node/3546656794"
    },
    {
      "type": "Feature",
      "properties": {
        "@id": "node/3546823893",
        "amenity": "bank",
        "brand": "Indian Bank",
        "brand:wikidata": "Q2003789",
        "brand:wikipedia": "en:Indian Bank",
        "name": "Indian Bank",
        "name:en": "Indian Bank",
        "website": "https://www.indianbank.in/"
      },
      "geometry": {
        "type": "Point",
        "coordinates": [
          79.1464279,
          10.780336
        ]
      },
      "id": "node/3546823893"
    },
    {
      "type": "Feature",
      "properties": {
        "@id": "node/3546849493",
        "amenity": "atm",
        "brand": "Indian Bank",
        "brand:wikidata": "Q2003789",
        "brand:wikipedia": "en:Indian Bank",
        "name": "Indian Bank",
        "operator": "Indian Bank",
        "operator:wikidata": "Q2003789",
        "operator:wikipedia": "en:Indian Bank"
      },
      "geometry": {
        "type": "Point",
        "coordinates": [
          79.1463155,
          10.78035
        ]
      },
      "id": "node/3546849493"
    },
    {
      "type": "Feature",
      "properties": {
        "@id": "node/3550984093",
        "addr:street": "Anna Saalai",
        "amenity": "atm",
        "brand": "Indian Overseas Bank",
        "brand:wikidata": "Q2003611",
        "brand:wikipedia": "en:Indian Overseas Bank",
        "name": "Indian Overseas Bank",
        "operator": "Indian Overseas Bank",
        "operator:wikidata": "Q2003611",
        "operator:wikipedia": "en:Indian Overseas Bank"
      },
      "geometry": {
        "type": "Point",
        "coordinates": [
          79.1397068,
          10.7872992
        ]
      },
      "id": "node/3550984093"
    },
    {
      "type": "Feature",
      "properties": {
        "@id": "node/3551027393",
        "addr:street": "Anna Saalai",
        "name": "Jaffer merchant",
        "shop": "department_store"
      },
      "geometry": {
        "type": "Point",
        "coordinates": [
          79.1412535,
          10.7903126
        ]
      },
      "id": "node/3551027393"
    },
    {
      "type": "Feature",
      "properties": {
        "@id": "node/3625231402",
        "name": "Ambika Silk store",
        "shop": "clothes"
      },
      "geometry": {
        "type": "Point",
        "coordinates": [
          79.1374035,
          10.7886659
        ]
      },
      "id": "node/3625231402"
    },
    {
      "type": "Feature",
      "properties": {
        "@id": "node/3625231403",
        "brand": "Asian Paints",
        "brand:wikidata": "Q28171825",
        "name": "Asian Paints",
        "shop": "paint"
      },
      "geometry": {
        "type": "Point",
        "coordinates": [
          79.1375479,
          10.788817
        ]
      },
      "id": "node/3625231403"
    },
    {
      "type": "Feature",
      "properties": {
        "@id": "node/3625231404",
        "amenity": "bank",
        "brand": "Bank of Baroda",
        "brand:wikidata": "Q2003797",
        "brand:wikipedia": "en:Bank of Baroda",
        "name": "Bank of Baroda",
        "name:en": "Bank of Baroda",
        "short_name": "BoB",
        "website": "http://www.bankofbaroda.com"
      },
      "geometry": {
        "type": "Point",
        "coordinates": [
          79.1382049,
          10.7901855
        ]
      },
      "id": "node/3625231404"
    },
    {
      "type": "Feature",
      "properties": {
        "@id": "node/3625231405",
        "amenity": "atm",
        "brand": "Bank of Baroda",
        "brand:wikidata": "Q2003797",
        "brand:wikipedia": "en:Bank of Baroda",
        "cash_in": "no",
        "check_date": "2025-02-10",
        "name": "Bank of Baroda",
        "operator": "Bank of Baroda",
        "operator:wikidata": "Q2003797",
        "operator:wikipedia": "en:Bank of Baroda"
      },
      "geometry": {
        "type": "Point",
        "coordinates": [
          79.1382025,
          10.7902099
        ]
      },
      "id": "node/3625231405"
    },
    {
      "type": "Feature",
      "properties": {
        "@id": "node/3625231406",
        "amenity": "bank",
        "brand": "CSB Bank",
        "brand:wikidata": "Q5053244",
        "brand:wikipedia": "en:CSB Bank",
        "name": "CSB Bank",
        "official_name": "Catholic Syrian Bank"
      },
      "geometry": {
        "type": "Point",
        "coordinates": [
          79.1381713,
          10.7905658
        ]
      },
      "id": "node/3625231406"
    },
    {
      "type": "Feature",
      "properties": {
        "@id": "node/3625231407",
        "amenity": "bank",
        "name": "Muthoot Fincorp"
      },
      "geometry": {
        "type": "Point",
        "coordinates": [
          79.1371604,
          10.7886111
        ]
      },
      "id": "node/3625231407"
    },
    {
      "type": "Feature",
      "properties": {
        "@id": "node/3625231410",
        "name": "Poorvika Mobiles",
        "shop": "mobile_phone"
      },
      "geometry": {
        "type": "Point",
        "coordinates": [
          79.1372059,
          10.7886242
        ]
      },
      "id": "node/3625231410"
    },
    {
      "type": "Feature",
      "properties": {
        "@id": "node/3625231411",
        "name": "S.K.Electricals",
        "shop": "electronics"
      },
      "geometry": {
        "type": "Point",
        "coordinates": [
          79.1375707,
          10.7887082
        ]
      },
      "id": "node/3625231411"
    },
    {
      "type": "Feature",
      "properties": {
        "@id": "node/3625231413",
        "amenity": "bank",
        "brand": "South Indian Bank",
        "brand:wikidata": "Q2044973",
        "brand:wikipedia": "en:South Indian Bank",
        "name": "South Indian Bank"
      },
      "geometry": {
        "type": "Point",
        "coordinates": [
          79.1379008,
          10.7887608
        ]
      },
      "id": "node/3625231413"
    },
    {
      "type": "Feature",
      "properties": {
        "@id": "node/3625231414",
        "amenity": "atm",
        "brand": "South Indian Bank",
        "brand:wikidata": "Q2044973",
        "brand:wikipedia": "en:South Indian Bank",
        "cash_in": "no",
        "check_date": "2025-02-10",
        "name": "South Indian Bank",
        "operator": "South Indian Bank",
        "operator:wikidata": "Q2044973",
        "operator:wikipedia": "en:South Indian Bank"
      },
      "geometry": {
        "type": "Point",
        "coordinates": [
          79.1382127,
          10.7899156
        ]
      },
      "id": "node/3625231414"
    },
    {
      "type": "Feature",
      "properties": {
        "@id": "node/3625231415",
        "amenity": "bank",
        "brand": "South Indian Bank",
        "brand:wikidata": "Q2044973",
        "brand:wikipedia": "en:South Indian Bank",
        "name": "South Indian Bank"
      },
      "geometry": {
        "type": "Point",
        "coordinates": [
          79.1382141,
          10.7899405
        ]
      },
      "id": "node/3625231415"
    },
    {
      "type": "Feature",
      "properties": {
        "@id": "node/3625231416",
        "amenity": "bank",
        "brand": "Tamilnad Mercantile Bank Limited",
        "brand:wikidata": "Q2044991",
        "name": "Tamilnad Mercantile Bank Limited"
      },
      "geometry": {
        "type": "Point",
        "coordinates": [
          79.1382141,
          10.790034
        ]
      },
      "id": "node/3625231416"
    },
    {
      "type": "Feature",
      "properties": {
        "@id": "node/3625231417",
        "amenity": "bank",
        "branch": "Money Transfer",
        "brand": "Western Union",
        "brand:wikidata": "Q861042",
        "brand:wikipedia": "en:Western Union",
        "name": "Western Union"
      },
      "geometry": {
        "type": "Point",
        "coordinates": [
          79.1379205,
          10.7887654
        ]
      },
      "id": "node/3625231417"
    },
    {
      "type": "Feature",
      "properties": {
        "@id": "node/3664464697",
        "name": "Chennai Bakery",
        "shop": "bakery"
      },
      "geometry": {
        "type": "Point",
        "coordinates": [
          78.8153636,
          10.7648044
        ]
      },
      "id": "node/3664464697"
    },
    {
      "type": "Feature",
      "properties": {
        "@id": "node/3664464698",
        "name": "Fruits and Vegetables",
        "shop": "greengrocer"
      },
      "geometry": {
        "type": "Point",
        "coordinates": [
          78.815501,
          10.764834
        ]
      },
      "id": "node/3664464698"
    },
    {
      "type": "Feature",
      "properties": {
        "@id": "node/3664464700",
        "name": "Xerox shop",
        "shop": "copyshop"
      },
      "geometry": {
        "type": "Point",
        "coordinates": [
          78.8153054,
          10.7649078
        ]
      },
      "id": "node/3664464700"
    },
    {
      "type": "Feature",
      "properties": {
        "@id": "node/3667276810",
        "amenity": "atm",
        "name": "India 1 atm"
      },
      "geometry": {
        "type": "Point",
        "coordinates": [
          78.8299327,
          10.7560041
        ]
      },
      "id": "node/3667276810"
    },
    {
      "type": "Feature",
      "properties": {
        "@id": "node/3667276811",
        "amenity": "bank",
        "brand": "Indian Overseas Bank",
        "brand:wikidata": "Q2003611",
        "brand:wikipedia": "en:Indian Overseas Bank",
        "name": "Indian Overseas Bank",
        "name:en": "Indian Overseas Bank",
        "short_name": "IOB",
        "website": "https://www.iob.in"
      },
      "geometry": {
        "type": "Point",
        "coordinates": [
          78.8315413,
          10.7570283
        ]
      },
      "id": "node/3667276811"
    },
    {
      "type": "Feature",
      "properties": {
        "@id": "node/3677098151",
        "amenity": "bank",
        "brand": "Punjab National Bank",
        "brand:wikidata": "Q2743499",
        "brand:wikipedia": "en:Punjab National Bank",
        "name": "Punjab National Bank",
        "name:en": "Punjab National Bank",
        "operator": "Punjab National Bank",
        "short_name": "PNB",
        "website": "https://www.pnbindia.in"
      },
      "geometry": {
        "type": "Point",
        "coordinates": [
          78.7970307,
          10.7700999
        ]
      },
      "id": "node/3677098151"
    },
    {
      "type": "Feature",
      "properties": {
        "@id": "node/3677098153",
        "amenity": "bank",
        "branch": "(SME Branch)",
        "brand": "State Bank of India",
        "brand:wikidata": "Q1340361",
        "brand:wikipedia": "en:State Bank of India",
        "name": "State Bank of India",
        "operator": "State Bank of India",
        "short_name": "SBI"
      },
      "geometry": {
        "type": "Point",
        "coordinates": [
          78.8105805,
          10.7577127
        ]
      },
      "id": "node/3677098153"
    },
    {
      "type": "Feature",
      "properties": {
        "@id": "node/3686857434",
        "name": "Anand's tailoring",
        "shop": "tailor"
      },
      "geometry": {
        "type": "Point",
        "coordinates": [
          78.7755761,
          10.7861218
        ]
      },
      "id": "node/3686857434"
    },
    {
      "type": "Feature",
      "properties": {
        "@id": "node/3686857436",
        "amenity": "pharmacy",
        "healthcare": "pharmacy",
        "name": "Balaji Medicals"
      },
      "geometry": {
        "type": "Point",
        "coordinates": [
          78.7755974,
          10.7863162
        ]
      },
      "id": "node/3686857436"
    },
    {
      "type": "Feature",
      "properties": {
        "@id": "node/3686857442",
        "name": "Kanna's saloon",
        "shop": "hairdresser"
      },
      "geometry": {
        "type": "Point",
        "coordinates": [
          78.7755848,
          10.786142
        ]
      },
      "id": "node/3686857442"
    },
    {
      "type": "Feature",
      "properties": {
        "@id": "node/3686857444",
        "amenity": "restaurant",
        "cuisine": "asian",
        "name": "Motel Bamboos"
      },
      "geometry": {
        "type": "Point",
        "coordinates": [
          78.8120678,
          10.7565581
        ]
      },
      "id": "node/3686857444"
    },
    {
      "type": "Feature",
      "properties": {
        "@id": "node/3686857446",
        "amenity": "pharmacy",
        "healthcare": "pharmacy",
        "name": "Murugan Medical"
      },
      "geometry": {
        "type": "Point",
        "coordinates": [
          78.7761253,
          10.7858149
        ]
      },
      "id": "node/3686857446"
    },
    {
      "type": "Feature",
      "properties": {
        "@id": "node/3686857448",
        "name": "Sree Sweets",
        "shop": "bakery"
      },
      "geometry": {
        "type": "Point",
        "coordinates": [
          78.7763466,
          10.7856284
        ]
      },
      "id": "node/3686857448"
    },
    {
      "type": "Feature",
      "properties": {
        "@id": "node/3686857449",
        "amenity": "restaurant",
        "cuisine": "asian",
        "name": "Students Corner Restaurant"
      },
      "geometry": {
        "type": "Point",
        "coordinates": [
          78.812834,
          10.7561876
        ]
      },
      "id": "node/3686857449"
    },
    {
      "type": "Feature",
      "properties": {
        "@id": "node/3686969870",
        "name": "Airtel Express",
        "shop": "mobile_phone"
      },
      "geometry": {
        "type": "Point",
        "coordinates": [
          78.74917,
          10.7995267
        ]
      },
      "id": "node/3686969870"
    },
    {
      "type": "Feature",
      "properties": {
        "@id": "node/3686969871",
        "name": "Alaghu Beauty parlor",
        "shop": "beauty"
      },
      "geometry": {
        "type": "Point",
        "coordinates": [
          78.7752826,
          10.7840545
        ]
      },
      "id": "node/3686969871"
    },
    {
      "type": "Feature",
      "properties": {
        "@id": "node/3686969872",
        "amenity": "atm",
        "brand": "all",
        "name": "All Cards accepted"
      },
      "geometry": {
        "type": "Point",
        "coordinates": [
          78.7756661,
          10.7844153
        ]
      },
      "id": "node/3686969872"
    },
    {
      "type": "Feature",
      "properties": {
        "@id": "node/3686969873",
        "name": "Alvin Auto Parts",
        "shop": "car_parts"
      },
      "geometry": {
        "type": "Point",
        "coordinates": [
          78.7752994,
          10.7852625
        ]
      },
      "id": "node/3686969873"
    },
    {
      "type": "Feature",
      "properties": {
        "@id": "node/3686969874",
        "air_conditioning": "yes",
        "amenity": "restaurant",
        "bar": "no",
        "check_date": "2022-10-28",
        "cuisine": "regional",
        "diet:vegetarian": "yes",
        "highchair": "no",
        "internet_access": "no",
        "microbrewery": "no",
        "name": "Ashwins Restaurant",
        "outdoor_seating": "no",
        "payment:cash": "yes",
        "payment:credit_cards": "yes",
        "payment:debit_cards": "yes",
        "payment:upi": "yes",
        "phone": "+91 73730 41434",
        "smoking": "no",
        "source": "survey",
        "takeaway": "yes",
        "wheelchair": "no"
      },
      "geometry": {
        "type": "Point",
        "coordinates": [
          78.7654614,
          10.7918283
        ]
      },
      "id": "node/3686969874"
    },
    {
      "type": "Feature",
      "properties": {
        "@id": "node/3686969875",
        "brand": "Asian Paints",
        "brand:wikidata": "Q28171825",
        "name": "Asian Paints",
        "shop": "paint"
      },
      "geometry": {
        "type": "Point",
        "coordinates": [
          78.775423,
          10.7853092
        ]
      },
      "id": "node/3686969875"
    },
    {
      "type": "Feature",
      "properties": {
        "@id": "node/3686969876",
        "name": "Bajaj service",
        "shop": "car_repair"
      },
      "geometry": {
        "type": "Point",
        "coordinates": [
          78.7505867,
          10.7985897
        ]
      },
      "id": "node/3686969876"
    },
    {
      "type": "Feature",
      "properties": {
        "@id": "node/3686969877",
        "name": "Best Shoe Palace",
        "shop": "shoes"
      },
      "geometry": {
        "type": "Point",
        "coordinates": [
          78.7755639,
          10.7860907
        ]
      },
      "id": "node/3686969877"
    },
    {
      "type": "Feature",
      "properties": {
        "@id": "node/3686969879",
        "addr:city": "Kattur",
        "addr:district": "Trichy",
        "addr:postcode": "620019",
        "addr:street": "Tanjore Main road",
        "addr:suburb": "Ganesh Nagar",
        "name": "Bhavani Granite",
        "shop": "hardware"
      },
      "geometry": {
        "type": "Point",
        "coordinates": [
          78.7485431,
          10.7997559
        ]
      },
      "id": "node/3686969879"
    },
    {
      "type": "Feature",
      "properties": {
        "@id": "node/3686969880",
        "name": "Bread Basket Bakery",
        "shop": "bakery"
      },
      "geometry": {
        "type": "Point",
        "coordinates": [
          78.7681407,
          10.7904197
        ]
      },
      "id": "node/3686969880"
    },
    {
      "type": "Feature",
      "properties": {
        "@id": "node/3686969881",
        "amenity": "restaurant",
        "name": "Buhari Veg and non-Veg"
      },
      "geometry": {
        "type": "Point",
        "coordinates": [
          78.7754778,
          10.7855885
        ]
      },
      "id": "node/3686969881"
    },
    {
      "type": "Feature",
      "properties": {
        "@id": "node/3686969882",
        "amenity": "bank",
        "brand": "Canara Bank",
        "brand:en": "Canara Bank",
        "brand:hi": "केनरा बैंक",
        "brand:kn": "ಕೆನರಾ ಬ್ಯಾಂಕ್",
        "brand:pa": "ਕੇਨਰਾ ਬੈਂਕ",
        "brand:pnb": "کینرا بینک",
        "brand:ur": "کینرا بینک",
        "brand:wikidata": "Q2003777",
        "brand:wikipedia": "en:Canara Bank",
        "brand:wikipedia:pa": "ਕੇਨਰਾ ਬੈਂਕ",
        "name": "Canara Bank",
        "name:en": "Canara Bank",
        "name:hi": "केनरा बैंक",
        "name:kn": "ಕೆನರಾ ಬ್ಯಾಂಕ್",
        "name:pa": "ਕੇਨਰਾ ਬੈਂਕ",
        "name:pnb": "کینرا بینک",
        "name:ur": "کینرا بینک",
        "website": "https://www.canarabank.com/"
      },
      "geometry": {
        "type": "Point",
        "coordinates": [
          78.7693415,
          10.7898938
        ]
      },
      "id": "node/3686969882"
    },
    {
      "type": "Feature",
      "properties": {
        "@id": "node/3686969883",
        "amenity": "pharmacy",
        "healthcare": "pharmacy",
        "name": "Cauvery Medicals"
      },
      "geometry": {
        "type": "Point",
        "coordinates": [
          78.775466,
          10.7859381
        ]
      },
      "id": "node/3686969883"
    },
    {
      "type": "Feature",
      "properties": {
        "@id": "node/3686969885",
        "name": "Digital Express",
        "shop": "mobile_phone"
      },
      "geometry": {
        "type": "Point",
        "coordinates": [
          78.7514154,
          10.7982648
        ]
      },
      "id": "node/3686969885"
    },
    {
      "type": "Feature",
      "properties": {
        "@id": "node/3686969887",
        "name": "Friend's mobile",
        "shop": "electronics"
      },
      "geometry": {
        "type": "Point",
        "coordinates": [
          78.7753737,
          10.7856855
        ]
      },
      "id": "node/3686969887"
    },
    {
      "type": "Feature",
      "properties": {
        "@id": "node/3686969889",
        "name": "Hairways",
        "shop": "hairdresser"
      },
      "geometry": {
        "type": "Point",
        "coordinates": [
          78.7497925,
          10.7992887
        ]
      },
      "id": "node/3686969889"
    },
    {
      "type": "Feature",
      "properties": {
        "@id": "node/3686969890",
        "name": "Hatsun Milk store",
        "shop": "tea"
      },
      "geometry": {
        "type": "Point",
        "coordinates": [
          78.7756673,
          10.7843564
        ]
      },
      "id": "node/3686969890"
    },
    {
      "type": "Feature",
      "properties": {
        "@id": "node/3686969891",
        "addr:city": "Thiruverumbur",
        "addr:country": "IN",
        "addr:postcode": "620013",
        "addr:state": "Tamil Nadu",
        "addr:street": "Navalpet Road",
        "amenity": "restaurant",
        "name": "Hotel Sastha"
      },
      "geometry": {
        "type": "Point",
        "coordinates": [
          78.7752771,
          10.784148
        ]
      },
      "id": "node/3686969891"
    },
    {
      "type": "Feature",
      "properties": {
        "@id": "node/3686969892",
        "amenity": "atm",
        "brand": "ICICI Bank",
        "brand:en": "ICICI Bank",
        "brand:wikidata": "Q1653258",
        "brand:wikipedia": "en:ICICI Bank",
        "currency:INR": "yes",
        "drive_through": "no",
        "indoor": "yes",
        "name": "ICICI Bank",
        "note": "Contributors are requested to not edit the \"brand\", \"brand:en\", \"brand:wikidata\", \"operator\", \"operator:en\" and \"operator:wikidata\" tags. (2025/03/03)",
        "opening_hours": "24/7",
        "operator": "ICICI Bank",
        "operator:en": "ICICI Bank",
        "operator:wikidata": "Q1653258",
        "operator:wikipedia": "en:ICICI Bank",
        "short_name": "ICICI"
      },
      "geometry": {
        "type": "Point",
        "coordinates": [
          78.7756629,
          10.7845343
        ]
      },
      "id": "node/3686969892"
    },
    {
      "type": "Feature",
      "properties": {
        "@id": "node/3686969893",
        "name": "Indian Textiles Wholesale and Retail",
        "shop": "clothes"
      },
      "geometry": {
        "type": "Point",
        "coordinates": [
          78.775321,
          10.7855131
        ]
      },
      "id": "node/3686969893"
    },
    {
      "type": "Feature",
      "properties": {
        "@id": "node/3686969895",
        "name": "Kings look beauty parlor",
        "shop": "beauty"
      },
      "geometry": {
        "type": "Point",
        "coordinates": [
          78.7754237,
          10.7853221
        ]
      },
      "id": "node/3686969895"
    },
    {
      "type": "Feature",
      "properties": {
        "@id": "node/3686969896",
        "building:levels": "1",
        "name": "Kings look tailors",
        "shop": "tailor"
      },
      "geometry": {
        "type": "Point",
        "coordinates": [
          78.775423,
          10.785336
        ]
      },
      "id": "node/3686969896"
    },
    {
      "type": "Feature",
      "properties": {
        "@id": "node/3686969897",
        "name": "Kumaran Traders Rice shop",
        "shop": "greengrocer"
      },
      "geometry": {
        "type": "Point",
        "coordinates": [
          78.7754224,
          10.7853488
        ]
      },
      "id": "node/3686969897"
    },
    {
      "type": "Feature",
      "properties": {
        "@id": "node/3686969900",
        "name": "Malai Mobile",
        "shop": "electronics"
      },
      "geometry": {
        "type": "Point",
        "coordinates": [
          78.7669905,
          10.7914058
        ]
      },
      "id": "node/3686969900"
    },
    {
      "type": "Feature",
      "properties": {
        "@id": "node/3686969901",
        "name": "Meena saloon",
        "shop": "hairdresser"
      },
      "geometry": {
        "type": "Point",
        "coordinates": [
          78.775301,
          10.7852781
        ]
      },
      "id": "node/3686969901"
    },
    {
      "type": "Feature",
      "properties": {
        "@id": "node/3686969902",
        "name": "Men's Look Tailoring",
        "shop": "hairdresser"
      },
      "geometry": {
        "type": "Point",
        "coordinates": [
          78.7755511,
          10.7857754
        ]
      },
      "id": "node/3686969902"
    },
    {
      "type": "Feature",
      "properties": {
        "@id": "node/3686969905",
        "name": "New Best Footwear",
        "shop": "shoes"
      },
      "geometry": {
        "type": "Point",
        "coordinates": [
          78.7754307,
          10.7857987
        ]
      },
      "id": "node/3686969905"
    },
    {
      "type": "Feature",
      "properties": {
        "@id": "node/3686969906",
        "name": "Optical shop",
        "shop": "optician"
      },
      "geometry": {
        "type": "Point",
        "coordinates": [
          78.7584852,
          10.7957284
        ]
      },
      "id": "node/3686969906"
    },
    {
      "type": "Feature",
      "properties": {
        "@id": "node/3686969907",
        "name": "PG Tours and Travels",
        "shop": "travel_agency"
      },
      "geometry": {
        "type": "Point",
        "coordinates": [
          78.7754529,
          10.7843249
        ]
      },
      "id": "node/3686969907"
    },
    {
      "type": "Feature",
      "properties": {
        "@id": "node/3686969909",
        "name": "Pay less Broilers",
        "shop": "butcher"
      },
      "geometry": {
        "type": "Point",
        "coordinates": [
          78.7506497,
          10.7989291
        ]
      },
      "id": "node/3686969909"
    },
    {
      "type": "Feature",
      "properties": {
        "@id": "node/3686969910",
        "amenity": "cafe",
        "name": "Puthia Nila cool drinks"
      },
      "geometry": {
        "type": "Point",
        "coordinates": [
          78.7753042,
          10.7851256
        ]
      },
      "id": "node/3686969910"
    },
    {
      "type": "Feature",
      "properties": {
        "@id": "node/3686969913",
        "name": "Rukumani Finance Jewel Broker",
        "shop": "pawnbroker"
      },
      "geometry": {
        "type": "Point",
        "coordinates": [
          78.7753028,
          10.785398
        ]
      },
      "id": "node/3686969913"
    },
    {
      "type": "Feature",
      "properties": {
        "@id": "node/3686969914",
        "name": "Sai Surya Stationery",
        "shop": "stationery"
      },
      "geometry": {
        "type": "Point",
        "coordinates": [
          78.7632162,
          10.7930485
        ]
      },
      "id": "node/3686969914"
    },
    {
      "type": "Feature",
      "properties": {
        "@id": "node/3686969915",
        "name": "Selva Clinical lab",
        "shop": "medical_supply"
      },
      "geometry": {
        "type": "Point",
        "coordinates": [
          78.7756143,
          10.7860456
        ]
      },
      "id": "node/3686969915"
    },
    {
      "type": "Feature",
      "properties": {
        "@id": "node/3686969917",
        "name": "Shri Kasturi silk",
        "shop": "clothes"
      },
      "geometry": {
        "type": "Point",
        "coordinates": [
          78.7631736,
          10.7930655
        ]
      },
      "id": "node/3686969917"
    },
    {
      "type": "Feature",
      "properties": {
        "@id": "node/3686969918",
        "check_date": "2022-10-28",
        "name": "Sree Sweets",
        "shop": "bakery"
      },
      "geometry": {
        "type": "Point",
        "coordinates": [
          78.76334,
          10.7929769
        ]
      },
      "id": "node/3686969918"
    },
    {
      "type": "Feature",
      "properties": {
        "@id": "node/3686969919",
        "amenity": "restaurant",
        "name": "Sri Abnaya Veg Family restaurant"
      },
      "geometry": {
        "type": "Point",
        "coordinates": [
          78.7512268,
          10.7983446
        ]
      },
      "id": "node/3686969919"
    },
    {
      "type": "Feature",
      "properties": {
        "@id": "node/3686969920",
        "name": "Sri Ambal Fancy and stationeries",
        "shop": "variety_store"
      },
      "geometry": {
        "type": "Point",
        "coordinates": [
          78.775358,
          10.7849008
        ]
      },
      "id": "node/3686969920"
    },
    {
      "type": "Feature",
      "properties": {
        "@id": "node/3686969921",
        "name": "Sri Ambal Finance Jewel Pawnbroker",
        "shop": "pawnbroker"
      },
      "geometry": {
        "type": "Point",
        "coordinates": [
          78.7754214,
          10.7844931
        ]
      },
      "id": "node/3686969921"
    },
    {
      "type": "Feature",
      "properties": {
        "@id": "node/3686969922",
        "name": "Sri Jeyam furniture world",
        "shop": "furniture"
      },
      "geometry": {
        "type": "Point",
        "coordinates": [
          78.7498495,
          10.7992576
        ]
      },
      "id": "node/3686969922"
    },
    {
      "type": "Feature",
      "properties": {
        "@id": "node/3686969923",
        "name": "Sri Lakshmi Stores",
        "shop": "department_store"
      },
      "geometry": {
        "type": "Point",
        "coordinates": [
          78.7753606,
          10.7856606
        ]
      },
      "id": "node/3686969923"
    },
    {
      "type": "Feature",
      "properties": {
        "@id": "node/3686969924",
        "name": "Sri Raj Electricals",
        "shop": "hardware"
      },
      "geometry": {
        "type": "Point",
        "coordinates": [
          78.7755436,
          10.7857369
        ]
      },
      "id": "node/3686969924"
    },
    {
      "type": "Feature",
      "properties": {
        "@id": "node/3686978625",
        "amenity": "pharmacy",
        "healthcare": "pharmacy",
        "name": "Sujatha Medicals"
      },
      "geometry": {
        "type": "Point",
        "coordinates": [
          78.77558,
          10.7858863
        ]
      },
      "id": "node/3686978625"
    },
    {
      "type": "Feature",
      "properties": {
        "@id": "node/3686978626",
        "brand": "Techno Tiles",
        "name": "Techno tiles",
        "shop": "hardware"
      },
      "geometry": {
        "type": "Point",
        "coordinates": [
          78.7500349,
          10.7992031
        ]
      },
      "id": "node/3686978626"
    },
    {
      "type": "Feature",
      "properties": {
        "@id": "node/3686978627",
        "name": "Thirupathi Hardwares",
        "shop": "hardware"
      },
      "geometry": {
        "type": "Point",
        "coordinates": [
          78.7753658,
          10.7856739
        ]
      },
      "id": "node/3686978627"
    },
    {
      "type": "Feature",
      "properties": {
        "@id": "node/3686978628",
        "amenity": "pharmacy",
        "healthcare": "pharmacy",
        "name": "Vasan Medical Hall"
      },
      "geometry": {
        "type": "Point",
        "coordinates": [
          78.7754792,
          10.7850797
        ]
      },
      "id": "node/3686978628"
    },
    {
      "type": "Feature",
      "properties": {
        "@id": "node/3686978629",
        "name": "Vasantha stores - hardwares, paints, electrical",
        "shop": "hardware"
      },
      "geometry": {
        "type": "Point",
        "coordinates": [
          78.775358,
          10.784886
        ]
      },
      "id": "node/3686978629"
    },
    {
      "type": "Feature",
      "properties": {
        "@id": "node/3686978630",
        "name": "Vasantham footwear",
        "shop": "shoes"
      },
      "geometry": {
        "type": "Point",
        "coordinates": [
          78.7753034,
          10.7853427
        ]
      },
      "id": "node/3686978630"
    },
    {
      "type": "Feature",
      "properties": {
        "@id": "node/3686978631",
        "name": "Venus Beautician",
        "shop": "beauty"
      },
      "geometry": {
        "type": "Point",
        "coordinates": [
          78.7752978,
          10.785205
        ]
      },
      "id": "node/3686978631"
    },
    {
      "type": "Feature",
      "properties": {
        "@id": "node/3686978632",
        "branch": "Mini Store",
        "brand": "Vodafone",
        "brand:wikidata": "Q122141",
        "brand:wikipedia": "en:Vodafone",
        "name": "Vodafone",
        "shop": "mobile_phone"
      },
      "geometry": {
        "type": "Point",
        "coordinates": [
          78.7756566,
          10.7842119
        ]
      },
      "id": "node/3686978632"
    },
    {
      "type": "Feature",
      "properties": {
        "@id": "node/3686978633",
        "amenity": "atm",
        "brand": "Canara Bank",
        "brand:en": "Canara Bank",
        "brand:hi": "केनरा बैंक",
        "brand:kn": "ಕೆನರಾ ಬ್ಯಾಂಕ್",
        "brand:pa": "ਕੇਨਰਾ ਬੈਂਕ",
        "brand:pnb": "کینرا بینک",
        "brand:ur": "کینرا بینک",
        "brand:wikidata": "Q2003777",
        "brand:wikipedia": "en:Canara Bank",
        "brand:wikipedia:pa": "ਕੇਨਰਾ ਬੈਂਕ",
        "name": "Canara Bank",
        "name:en": "Canara Bank",
        "name:hi": "केनरा बैंक",
        "name:kn": "ಕೆನರಾ ಬ್ಯಾಂಕ್",
        "name:pa": "ਕੇਨਰਾ ਬੈਂਕ",
        "name:pnb": "کینرا بینک",
        "name:ur": "کینرا بینک",
        "operator": "Canara Bank",
        "operator:wikidata": "Q2003777"
      },
      "geometry": {
        "type": "Point",
        "coordinates": [
          78.7756613,
          10.7842524
        ]
      },
      "id": "node/3686978633"
    },
    {
      "type": "Feature",
      "properties": {
        "@id": "node/3686978634",
        "amenity": "atm",
        "brand": "Punjab National Bank",
        "brand:wikidata": "Q2743499",
        "brand:wikipedia": "en:Punjab National Bank",
        "name": "Punjab National Bank",
        "operator": "Punjab National Bank",
        "operator:wikidata": "Q2743499",
        "operator:wikipedia": "en:Punjab National Bank"
      },
      "geometry": {
        "type": "Point",
        "coordinates": [
          78.7756613,
          10.7842851
        ]
      },
      "id": "node/3686978634"
    },
    {
      "type": "Feature",
      "properties": {
        "@id": "node/3686978636",
        "amenity": "atm",
        "brand": "Axis Bank",
        "brand:wikidata": "Q2003549",
        "brand:wikipedia": "en:Axis Bank",
        "name": "Axis Bank",
        "operator": "Axis Bank",
        "operator:wikidata": "Q2003549",
        "operator:wikipedia": "en:Axis Bank"
      },
      "geometry": {
        "type": "Point",
        "coordinates": [
          78.7756617,
          10.7843333
        ]
      },
      "id": "node/3686978636"
    },
    {
      "type": "Feature",
      "properties": {
        "@id": "node/3686978637",
        "amenity": "atm",
        "brand": "State Bank of India",
        "brand:en": "State Bank of India",
        "brand:wikidata": "Q1340361",
        "brand:wikipedia": "en:State Bank of India",
        "currency:INR": "yes",
        "drive_through": "no",
        "indoor": "yes",
        "name": "State Bank of India",
        "note": "Contributors are requested to not edit the \"brand\", \"brand:en\", \"brand:wikidata\", \"operator\", \"operator:en\" and \"operator:wikidata\" tags. (2025/03/03)",
        "opening_hours": "24/7",
        "operator": "State Bank of India",
        "operator:en": "State Bank of India",
        "operator:wikidata": "Q1340361",
        "operator:wikipedia": "en:State Bank of India",
        "short_name": "SBI"
      },
      "geometry": {
        "type": "Point",
        "coordinates": [
          78.7756673,
          10.7843751
        ]
      },
      "id": "node/3686978637"
    },
    {
      "type": "Feature",
      "properties": {
        "@id": "node/3686978643",
        "amenity": "bank",
        "brand": "HDFC Bank",
        "brand:wikidata": "Q631047",
        "brand:wikipedia": "en:HDFC Bank",
        "name": "HDFC Bank",
        "short_name": "HDFC"
      },
      "geometry": {
        "type": "Point",
        "coordinates": [
          78.7499098,
          10.7988155
        ]
      },
      "id": "node/3686978643"
    },
    {
      "type": "Feature",
      "properties": {
        "@id": "node/3687732092",
        "name": "Nilgiris",
        "shop": "department_store"
      },
      "geometry": {
        "type": "Point",
        "coordinates": [
          78.6793029,
          10.6668502
        ]
      },
      "id": "node/3687732092"
    },
    {
      "type": "Feature",
      "properties": {
        "@id": "node/3687734358",
        "name": "Padma",
        "shop": "greengrocer"
      },
      "geometry": {
        "type": "Point",
        "coordinates": [
          78.679437,
          10.6667263
        ]
      },
      "id": "node/3687734358"
    },
    {
      "type": "Feature",
      "properties": {
        "@id": "node/3687735326",
        "amenity": "bank",
        "brand": "Indian Bank",
        "brand:wikidata": "Q2003789",
        "brand:wikipedia": "en:Indian Bank",
        "name": "Indian Bank",
        "name:en": "Indian Bank",
        "website": "https://www.indianbank.in/"
      },
      "geometry": {
        "type": "Point",
        "coordinates": [
          78.679579,
          10.667857
        ]
      },
      "id": "node/3687735326"
    },
    {
      "type": "Feature",
      "properties": {
        "@id": "node/3687736923",
        "amenity": "pharmacy",
        "name": "A-one"
      },
      "geometry": {
        "type": "Point",
        "coordinates": [
          78.6806017,
          10.6700215
        ]
      },
      "id": "node/3687736923"
    },
    {
      "type": "Feature",
      "properties": {
        "@id": "node/3687738467",
        "amenity": "restaurant",
        "name": "Anjappar"
      },
      "geometry": {
        "type": "Point",
        "coordinates": [
          78.6919627,
          10.7861684
        ]
      },
      "id": "node/3687738467"
    },
    {
      "type": "Feature",
      "properties": {
        "@id": "node/3688301045",
        "amenity": "bank",
        "branch": "Sub Service Branch",
        "brand": "Punjab National Bank",
        "brand:wikidata": "Q2743499",
        "drive_through": "yes",
        "name": "Punjab National Bank"
      },
      "geometry": {
        "type": "Point",
        "coordinates": [
          78.8217776,
          10.7834681
        ]
      },
      "id": "node/3688301045"
    },
    {
      "type": "Feature",
      "properties": {
        "@id": "node/3699567361",
        "amenity": "cafe",
        "name": "Chandru's Coffee Shop"
      },
      "geometry": {
        "type": "Point",
        "coordinates": [
          78.7924645,
          10.7745819
        ]
      },
      "id": "node/3699567361"
    },
    {
      "type": "Feature",
      "properties": {
        "@id": "node/3699567368",
        "amenity": "restaurant",
        "name": "Ashby hotel"
      },
      "geometry": {
        "type": "Point",
        "coordinates": [
          78.681775,
          10.7964075
        ]
      },
      "id": "node/3699567368"
    },
    {
      "type": "Feature",
      "properties": {
        "@id": "node/3699857490",
        "amenity": "atm",
        "brand": "Canara Bank",
        "brand:pa": "ਕੇਨਰਾ ਬੈਂਕ",
        "brand:ur": "کینرا بینک",
        "brand:wikidata": "Q2003777",
        "brand:wikipedia": "en:Canara Bank",
        "brand:wikipedia:pa": "ਕੇਨਰਾ ਬੈਂਕ",
        "name": "Canara Bank",
        "name:pa": "ਕੇਨਰਾ ਬੈਂਕ",
        "name:ur": "کینرا بینک",
        "operator": "Canara Bank",
        "operator:wikidata": "Q2003777"
      },
      "geometry": {
        "type": "Point",
        "coordinates": [
          78.8159066,
          10.7559371
        ]
      },
      "id": "node/3699857490"
    },
    {
      "type": "Feature",
      "properties": {
        "@id": "node/3730057446",
        "amenity": "atm",
        "brand": "State Bank of India",
        "brand:en": "State Bank of India",
        "brand:wikidata": "Q1340361",
        "brand:wikipedia": "en:State Bank of India",
        "currency:INR": "yes",
        "drive_through": "no",
        "indoor": "yes",
        "name": "State Bank of India",
        "note": "Contributors are requested to not edit the \"brand\", \"brand:en\", \"brand:wikidata\", \"operator\", \"operator:en\" and \"operator:wikidata\" tags. (2025/03/03)",
        "opening_hours": "24/7",
        "operator": "State Bank of India",
        "operator:en": "State Bank of India",
        "operator:wikidata": "Q1340361",
        "operator:wikipedia": "en:State Bank of India",
        "short_name": "SBI"
      },
      "geometry": {
        "type": "Point",
        "coordinates": [
          78.7951183,
          10.7637961
        ]
      },
      "id": "node/3730057446"
    },
    {
      "type": "Feature",
      "properties": {
        "@id": "node/3730057450",
        "amenity": "bank",
        "branch": "Kamarajapuram",
        "brand": "State Bank of India",
        "brand:wikidata": "Q1340361",
        "brand:wikipedia": "en:State Bank of India",
        "name": "State Bank of India",
        "short_name": "SBI"
      },
      "geometry": {
        "type": "Point",
        "coordinates": [
          78.7952968,
          10.7639232
        ]
      },
      "id": "node/3730057450"
    },
    {
      "type": "Feature",
      "properties": {
        "@id": "node/3730099496",
        "amenity": "atm",
        "branch": "Heavy Electricals ATM",
        "brand": "State Bank of India",
        "brand:en": "State Bank of India",
        "brand:wikidata": "Q1340361",
        "brand:wikipedia": "en:State Bank of India",
        "currency:INR": "yes",
        "drive_through": "no",
        "indoor": "yes",
        "name": "State Bank of India",
        "note": "Contributors are requested to not edit the \"brand\", \"brand:en\", \"brand:wikidata\", \"operator\", \"operator:en\" and \"operator:wikidata\" tags. (2025/03/03)",
        "opening_hours": "24/7",
        "operator": "State Bank of India",
        "operator:en": "State Bank of India",
        "operator:wikidata": "Q1340361",
        "operator:wikipedia": "en:State Bank of India",
        "short_name": "SBI"
      },
      "geometry": {
        "type": "Point",
        "coordinates": [
          78.7930978,
          10.7769088
        ]
      },
      "id": "node/3730099496"
    },
    {
      "type": "Feature",
      "properties": {
        "@id": "node/3730202052",
        "amenity": "restaurant",
        "name": "Anandhan Restaurant"
      },
      "geometry": {
        "type": "Point",
        "coordinates": [
          78.683318,
          10.8230695
        ]
      },
      "id": "node/3730202052"
    },
    {
      "type": "Feature",
      "properties": {
        "@id": "node/3730202053",
        "amenity": "cafe",
        "name": "Arasan's Fast Track"
      },
      "geometry": {
        "type": "Point",
        "coordinates": [
          78.6831463,
          10.8222963
        ]
      },
      "id": "node/3730202053"
    },
    {
      "type": "Feature",
      "properties": {
        "@id": "node/3730202054",
        "name": "Aruna Men's Saloon",
        "shop": "hairdresser"
      },
      "geometry": {
        "type": "Point",
        "coordinates": [
          78.683369,
          10.8221545
        ]
      },
      "id": "node/3730202054"
    },
    {
      "type": "Feature",
      "properties": {
        "@id": "node/3730202057",
        "amenity": "restaurant",
        "name": "Dear Foods Restaurant"
      },
      "geometry": {
        "type": "Point",
        "coordinates": [
          78.7838271,
          10.7798002
        ]
      },
      "id": "node/3730202057"
    },
    {
      "type": "Feature",
      "properties": {
        "@id": "node/3730202059",
        "brand": "HP",
        "name": "HP World",
        "shop": "electronics"
      },
      "geometry": {
        "type": "Point",
        "coordinates": [
          78.6833988,
          10.8214515
        ]
      },
      "id": "node/3730202059"
    },
    {
      "type": "Feature",
      "properties": {
        "@id": "node/3730202061",
        "name": "Home Ideas",
        "shop": "furniture"
      },
      "geometry": {
        "type": "Point",
        "coordinates": [
          78.6845091,
          10.8271888
        ]
      },
      "id": "node/3730202061"
    },
    {
      "type": "Feature",
      "properties": {
        "@id": "node/3730202062",
        "amenity": "restaurant",
        "name": "Hotel Jailani"
      },
      "geometry": {
        "type": "Point",
        "coordinates": [
          78.7414035,
          10.8022506
        ]
      },
      "id": "node/3730202062"
    },
    {
      "type": "Feature",
      "properties": {
        "@id": "node/3730202063",
        "amenity": "restaurant",
        "name": "Hotel Meena"
      },
      "geometry": {
        "type": "Point",
        "coordinates": [
          78.7338394,
          10.8048073
        ]
      },
      "id": "node/3730202063"
    },
    {
      "type": "Feature",
      "properties": {
        "@id": "node/3730202064",
        "amenity": "pharmacy",
        "healthcare": "pharmacy",
        "name": "LG Medicals"
      },
      "geometry": {
        "type": "Point",
        "coordinates": [
          78.7521043,
          10.7980349
        ]
      },
      "id": "node/3730202064"
    },
    {
      "type": "Feature",
      "properties": {
        "@id": "node/3730202065",
        "branch": "Shoppe",
        "brand": "LG",
        "brand:wikidata": "Q162345",
        "brand:wikipedia": "en:LG Electronics",
        "name": "LG",
        "shop": "electronics"
      },
      "geometry": {
        "type": "Point",
        "coordinates": [
          78.6909738,
          10.8269164
        ]
      },
      "id": "node/3730202065"
    },
    {
      "type": "Feature",
      "properties": {
        "@id": "node/3730202067",
        "name": "Maruthi Ply and Glass mart",
        "shop": "furniture"
      },
      "geometry": {
        "type": "Point",
        "coordinates": [
          78.7402242,
          10.8026871
        ]
      },
      "id": "node/3730202067"
    },
    {
      "type": "Feature",
      "properties": {
        "@id": "node/3730202068",
        "amenity": "restaurant",
        "name": "Parvathi Bhavan"
      },
      "geometry": {
        "type": "Point",
        "coordinates": [
          78.6833398,
          10.8222866
        ]
      },
      "id": "node/3730202068"
    },
    {
      "type": "Feature",
      "properties": {
        "@id": "node/3730202069",
        "amenity": "hospital",
        "healthcare": "hospital",
        "name": "Raja Maternity Hospital"
      },
      "geometry": {
        "type": "Point",
        "coordinates": [
          78.6846068,
          10.827056
        ]
      },
      "id": "node/3730202069"
    },
    {
      "type": "Feature",
      "properties": {
        "@id": "node/3730202071",
        "amenity": "restaurant",
        "name": "Rajeswari Restaurant"
      },
      "geometry": {
        "type": "Point",
        "coordinates": [
          78.6858306,
          10.8275467
        ]
      },
      "id": "node/3730202071"
    },
    {
      "type": "Feature",
      "properties": {
        "@id": "node/3730202072",
        "addr:block": "Thuraiyur Mpty",
        "addr:district": "Tiruchirappalli",
        "addr:full": "Near Smr Mahal, Ariyamangalam Area, Tiruchirappalli,",
        "addr:postcode": "621010",
        "addr:state": "Tamil Nadu",
        "addr:subdistrict": "Thuraiyur",
        "amenity": "hospital",
        "healthcare": "hospital",
        "name": "Sree Balaji Hospital",
        "source": "OpenGovernmentData",
        "wheelchair": "yes"
      },
      "geometry": {
        "type": "Point",
        "coordinates": [
          78.7162558,
          10.8123761
        ]
      },
      "id": "node/3730202072"
    },
    {
      "type": "Feature",
      "properties": {
        "@id": "node/3730202073",
        "name": "Sree Krishna Sweets",
        "shop": "bakery"
      },
      "geometry": {
        "type": "Point",
        "coordinates": [
          78.6832901,
          10.8217605
        ]
      },
      "id": "node/3730202073"
    },
    {
      "type": "Feature",
      "properties": {
        "@id": "node/3730202076",
        "brand": "Tanishq",
        "brand:en": "Tanishq",
        "brand:wikidata": "Q13117711",
        "name": "Tanishq",
        "name:en": "Tanishq",
        "shop": "jewelry"
      },
      "geometry": {
        "type": "Point",
        "coordinates": [
          78.6919374,
          10.8268768
        ]
      },
      "id": "node/3730202076"
    },
    {
      "type": "Feature",
      "properties": {
        "@id": "node/3730202078",
        "name": "Vasanth and Co",
        "operator": "Vasanth and Co",
        "shop": "electronics"
      },
      "geometry": {
        "type": "Point",
        "coordinates": [
          78.6911068,
          10.8269138
        ]
      },
      "id": "node/3730202078"
    },
    {
      "type": "Feature",
      "properties": {
        "@id": "node/3730202080",
        "name": "Venkatathalapathy Cycles",
        "shop": "bicycle"
      },
      "geometry": {
        "type": "Point",
        "coordinates": [
          78.777087,
          10.7850742
        ]
      },
      "id": "node/3730202080"
    },
    {
      "type": "Feature",
      "properties": {
        "@id": "node/3730202081",
        "name": "Venus Electronics",
        "shop": "electronics"
      },
      "geometry": {
        "type": "Point",
        "coordinates": [
          78.6908007,
          10.8269313
        ]
      },
      "id": "node/3730202081"
    },
    {
      "type": "Feature",
      "properties": {
        "@id": "node/3730202086",
        "amenity": "bank",
        "brand": "State Bank of India",
        "brand:wikidata": "Q1340361",
        "brand:wikipedia": "en:State Bank of India",
        "description": "formerly SBT",
        "name": "State Bank of India",
        "short_name": "SBI"
      },
      "geometry": {
        "type": "Point",
        "coordinates": [
          78.7803852,
          10.7823723
        ]
      },
      "id": "node/3730202086"
    },
    {
      "type": "Feature",
      "properties": {
        "@id": "node/3730202089",
        "amenity": "bank",
        "brand": "Indian Bank",
        "brand:wikidata": "Q2003789",
        "brand:wikipedia": "en:Indian Bank",
        "name": "Indian Bank"
      },
      "geometry": {
        "type": "Point",
        "coordinates": [
          78.7630997,
          10.7931049
        ]
      },
      "id": "node/3730202089"
    },
    {
      "type": "Feature",
      "properties": {
        "@id": "node/3730202090",
        "amenity": "bank",
        "brand": "Federal Bank",
        "brand:wikidata": "Q2044983",
        "brand:wikipedia": "en:Federal Bank",
        "check_date": "2022-10-28",
        "name": "Federal Bank"
      },
      "geometry": {
        "type": "Point",
        "coordinates": [
          78.7620895,
          10.7935344
        ]
      },
      "id": "node/3730202090"
    },
    {
      "type": "Feature",
      "properties": {
        "@id": "node/3730202098",
        "brand": "MRF",
        "name": "MRF Tyres",
        "shop": "tyres"
      },
      "geometry": {
        "type": "Point",
        "coordinates": [
          78.7388219,
          10.8032645
        ]
      },
      "id": "node/3730202098"
    },
    {
      "type": "Feature",
      "properties": {
        "@id": "node/3730202100",
        "amenity": "atm",
        "brand": "Indian Bank",
        "brand:wikidata": "Q2003789",
        "brand:wikipedia": "en:Indian Bank",
        "name": "Indian Bank",
        "operator": "Indian Bank",
        "operator:wikidata": "Q2003789",
        "operator:wikipedia": "en:Indian Bank"
      },
      "geometry": {
        "type": "Point",
        "coordinates": [
          78.7320045,
          10.8053033
        ]
      },
      "id": "node/3730202100"
    },
    {
      "type": "Feature",
      "properties": {
        "@id": "node/3730202117",
        "amenity": "atm",
        "brand": "Axis Bank",
        "brand:wikidata": "Q2003549",
        "brand:wikipedia": "en:Axis Bank",
        "name": "Axis Bank",
        "operator": "Axis Bank",
        "operator:wikidata": "Q2003549",
        "operator:wikipedia": "en:Axis Bank"
      },
      "geometry": {
        "type": "Point",
        "coordinates": [
          78.6995565,
          10.8150253
        ]
      },
      "id": "node/3730202117"
    },
    {
      "type": "Feature",
      "properties": {
        "@id": "node/3730202118",
        "amenity": "atm",
        "brand": "ICICI Bank",
        "brand:en": "ICICI Bank",
        "brand:wikidata": "Q1653258",
        "brand:wikipedia": "en:ICICI Bank",
        "currency:INR": "yes",
        "drive_through": "no",
        "indoor": "yes",
        "name": "ICICI Bank",
        "note": "Contributors are requested to not edit the \"brand\", \"brand:en\", \"brand:wikidata\", \"operator\", \"operator:en\" and \"operator:wikidata\" tags. (2025/03/03)",
        "opening_hours": "24/7",
        "operator": "ICICI Bank",
        "operator:en": "ICICI Bank",
        "operator:wikidata": "Q1653258",
        "operator:wikipedia": "en:ICICI Bank",
        "short_name": "ICICI"
      },
      "geometry": {
        "type": "Point",
        "coordinates": [
          78.6995314,
          10.8150321
        ]
      },
      "id": "node/3730202118"
    },
    {
      "type": "Feature",
      "properties": {
        "@id": "node/3730202125",
        "brand": "Levi's",
        "brand:wikidata": "Q127962",
        "brand:wikipedia": "en:Levi Strauss & Co.",
        "clothes": "denim;men;women",
        "name": "Levi's",
        "shop": "clothes"
      },
      "geometry": {
        "type": "Point",
        "coordinates": [
          78.6833202,
          10.8212189
        ]
      },
      "id": "node/3730202125"
    },
    {
      "type": "Feature",
      "properties": {
        "@id": "node/3730202127",
        "amenity": "bank",
        "brand": "Canara Bank",
        "brand:en": "Canara Bank",
        "brand:hi": "केनरा बैंक",
        "brand:kn": "ಕೆನರಾ ಬ್ಯಾಂಕ್",
        "brand:pa": "ਕੇਨਰਾ ਬੈਂਕ",
        "brand:pnb": "کینرا بینک",
        "brand:ur": "کینرا بینک",
        "brand:wikidata": "Q2003777",
        "brand:wikipedia": "en:Canara Bank",
        "brand:wikipedia:pa": "ਕੇਨਰਾ ਬੈਂਕ",
        "name": "Canara Bank",
        "name:en": "Canara Bank",
        "name:hi": "केनरा बैंक",
        "name:kn": "ಕೆನರಾ ಬ್ಯಾಂಕ್",
        "name:pa": "ਕੇਨਰਾ ਬੈਂਕ",
        "name:pnb": "کینرا بینک",
        "name:ur": "کینرا بینک",
        "website": "https://www.canarabank.com/"
      },
      "geometry": {
        "type": "Point",
        "coordinates": [
          78.692931,
          10.8211659
        ]
      },
      "id": "node/3730202127"
    },
    {
      "type": "Feature",
      "properties": {
        "@id": "node/3730202128",
        "brand": "Bata",
        "brand:wikidata": "Q688082",
        "brand:wikipedia": "en:Bata Corporation",
        "name": "Bata",
        "shop": "shoes"
      },
      "geometry": {
        "type": "Point",
        "coordinates": [
          78.6835667,
          10.8217319
        ]
      },
      "id": "node/3730202128"
    },
    {
      "type": "Feature",
      "properties": {
        "@id": "node/3730202130",
        "amenity": "atm",
        "brand": "Punjab National Bank",
        "brand:wikidata": "Q2743499",
        "brand:wikipedia": "en:Punjab National Bank",
        "name": "Punjab National Bank",
        "operator": "Punjab National Bank",
        "operator:wikidata": "Q2743499",
        "operator:wikipedia": "en:Punjab National Bank"
      },
      "geometry": {
        "type": "Point",
        "coordinates": [
          78.6934344,
          10.8244106
        ]
      },
      "id": "node/3730202130"
    },
    {
      "type": "Feature",
      "properties": {
        "@id": "node/3730202132",
        "brand": "The Bread Basket",
        "name": "The Bread Basket",
        "shop": "bakery"
      },
      "geometry": {
        "type": "Point",
        "coordinates": [
          78.6834971,
          10.8251404
        ]
      },
      "id": "node/3730202132"
    },
    {
      "type": "Feature",
      "properties": {
        "@id": "node/3730202133",
        "amenity": "atm",
        "brand": "Bank of Baroda",
        "brand:wikidata": "Q2003797",
        "brand:wikipedia": "en:Bank of Baroda",
        "name": "Bank of Baroda",
        "operator": "Bank of Baroda",
        "operator:wikidata": "Q2003797",
        "operator:wikipedia": "en:Bank of Baroda"
      },
      "geometry": {
        "type": "Point",
        "coordinates": [
          78.6834965,
          10.8258675
        ]
      },
      "id": "node/3730202133"
    },
    {
      "type": "Feature",
      "properties": {
        "@id": "node/3730202134",
        "amenity": "pharmacy",
        "brand": "Vasan Medical Hall",
        "healthcare": "pharmacy",
        "name": "Vasan Medical Hall"
      },
      "geometry": {
        "type": "Point",
        "coordinates": [
          78.6835188,
          10.8264695
        ]
      },
      "id": "node/3730202134"
    },
    {
      "type": "Feature",
      "properties": {
        "@id": "node/3730202136",
        "amenity": "fast_food",
        "brand": "Domino's",
        "brand:ks": "ڈومینوز",
        "brand:pa": "ਡੋਮੀਨੋਜ਼",
        "brand:ur": "ڈومینوز",
        "brand:wikidata": "Q839466",
        "brand:wikipedia": "en:Domino's Pizza",
        "cuisine": "pizza",
        "name": "Domino's",
        "name:ks": "ڈومینوز",
        "name:pa": "ਡੋਮੀਨੋਜ਼",
        "name:ur": "ڈومینوز",
        "takeaway": "yes"
      },
      "geometry": {
        "type": "Point",
        "coordinates": [
          78.6835202,
          10.8268714
        ]
      },
      "id": "node/3730202136"
    },
    {
      "type": "Feature",
      "properties": {
        "@id": "node/3730202137",
        "brand": "Kohler",
        "brand:wikidata": "Q6426036",
        "name": "Kohler",
        "shop": "bathroom_furnishing"
      },
      "geometry": {
        "type": "Point",
        "coordinates": [
          78.68743,
          10.8270613
        ]
      },
      "id": "node/3730202137"
    },
    {
      "type": "Feature",
      "properties": {
        "@id": "node/3730202144",
        "amenity": "bank",
        "brand": "Bank of Baroda",
        "brand:wikidata": "Q2003797",
        "brand:wikipedia": "en:Bank of Baroda",
        "name": "Bank of Baroda"
      },
      "geometry": {
        "type": "Point",
        "coordinates": [
          78.6854733,
          10.8271597
        ]
      },
      "id": "node/3730202144"
    },
    {
      "type": "Feature",
      "properties": {
        "@id": "node/3730202146",
        "amenity": "atm",
        "brand": "Andhra Bank",
        "brand:wikidata": "Q2003476",
        "brand:wikipedia": "en:Andhra Bank",
        "name": "Andhra Bank",
        "operator": "Andhra Bank",
        "operator:wikidata": "Q2003476",
        "operator:wikipedia": "en:Andhra Bank"
      },
      "geometry": {
        "type": "Point",
        "coordinates": [
          78.6848932,
          10.8272077
        ]
      },
      "id": "node/3730202146"
    },
    {
      "type": "Feature",
      "properties": {
        "@id": "node/3730202147",
        "amenity": "bank",
        "brand": "Federal Bank",
        "brand:wikidata": "Q2044983",
        "brand:wikipedia": "en:Federal Bank",
        "name": "Federal Bank",
        "name:en": "Federal Bank",
        "website": "https://www.federalbank.co.in"
      },
      "geometry": {
        "type": "Point",
        "coordinates": [
          78.6837923,
          10.8271027
        ]
      },
      "id": "node/3730202147"
    },
    {
      "type": "Feature",
      "properties": {
        "@id": "node/3730202149",
        "amenity": "bank",
        "brand": "Axis Bank",
        "brand:wikidata": "Q2003549",
        "brand:wikipedia": "en:Axis Bank",
        "name": "Axis Bank"
      },
      "geometry": {
        "type": "Point",
        "coordinates": [
          78.6837688,
          10.8272499
        ]
      },
      "id": "node/3730202149"
    },
    {
      "type": "Feature",
      "properties": {
        "@id": "node/3730202150",
        "amenity": "atm",
        "brand": "Punjab National Bank",
        "brand:wikidata": "Q2743499",
        "brand:wikipedia": "en:Punjab National Bank",
        "name": "Punjab National Bank",
        "operator": "Punjab National Bank",
        "operator:wikidata": "Q2743499",
        "operator:wikipedia": "en:Punjab National Bank"
      },
      "geometry": {
        "type": "Point",
        "coordinates": [
          78.6842783,
          10.8272853
        ]
      },
      "id": "node/3730202150"
    },
    {
      "type": "Feature",
      "properties": {
        "@id": "node/3730202151",
        "amenity": "atm",
        "brand": "State Bank of India",
        "brand:en": "State Bank of India",
        "brand:wikidata": "Q1340361",
        "brand:wikipedia": "en:State Bank of India",
        "currency:INR": "yes",
        "drive_through": "no",
        "indoor": "yes",
        "name": "State Bank of India",
        "note": "Contributors are requested to not edit the \"brand\", \"brand:en\", \"brand:wikidata\", \"operator\", \"operator:en\" and \"operator:wikidata\" tags. (2025/03/03)",
        "opening_hours": "24/7",
        "operator": "State Bank of India",
        "operator:en": "State Bank of India",
        "operator:wikidata": "Q1340361",
        "operator:wikipedia": "en:State Bank of India",
        "short_name": "SBI"
      },
      "geometry": {
        "type": "Point",
        "coordinates": [
          78.6842364,
          10.8272881
        ]
      },
      "id": "node/3730202151"
    },
    {
      "type": "Feature",
      "properties": {
        "@id": "node/3730202153",
        "brand": "Joyalukkas",
        "brand:wikidata": "Q6297357",
        "brand:wikipedia": "en:Joyalukkas",
        "name": "Joyalukkas",
        "operator": "Joyalukkas",
        "shop": "jewelry"
      },
      "geometry": {
        "type": "Point",
        "coordinates": [
          78.6932254,
          10.8281079
        ]
      },
      "id": "node/3730202153"
    },
    {
      "type": "Feature",
      "properties": {
        "@id": "node/3730202154",
        "brand": "Bata",
        "brand:wikidata": "Q688082",
        "brand:wikipedia": "en:Bata Corporation",
        "name": "Bata",
        "shop": "shoes"
      },
      "geometry": {
        "type": "Point",
        "coordinates": [
          78.6929657,
          10.8299799
        ]
      },
      "id": "node/3730202154"
    },
    {
      "type": "Feature",
      "properties": {
        "@id": "node/3734782464",
        "amenity": "restaurant",
        "name": "A1 Hotels"
      },
      "geometry": {
        "type": "Point",
        "coordinates": [
          78.6815295,
          10.7970368
        ]
      },
      "id": "node/3734782464"
    },
    {
      "type": "Feature",
      "properties": {
        "@id": "node/3734782465",
        "amenity": "restaurant",
        "name": "Agila Chetinad Hotel"
      },
      "geometry": {
        "type": "Point",
        "coordinates": [
          78.7419366,
          10.8022868
        ]
      },
      "id": "node/3734782465"
    },
    {
      "type": "Feature",
      "properties": {
        "@id": "node/3734782466",
        "amenity": "restaurant",
        "name": "Alsalam Hotel"
      },
      "geometry": {
        "type": "Point",
        "coordinates": [
          78.7645272,
          10.7923478
        ]
      },
      "id": "node/3734782466"
    },
    {
      "type": "Feature",
      "properties": {
        "@id": "node/3734782467",
        "amenity": "hospital",
        "healthcare": "hospital",
        "name": "Alvin Hospital"
      },
      "geometry": {
        "type": "Point",
        "coordinates": [
          78.7496107,
          10.7993396
        ]
      },
      "id": "node/3734782467"
    },
    {
      "type": "Feature",
      "properties": {
        "@id": "node/3734782468",
        "name": "Ammu Traders",
        "shop": "hardware"
      },
      "geometry": {
        "type": "Point",
        "coordinates": [
          78.745208,
          10.8009989
        ]
      },
      "id": "node/3734782468"
    },
    {
      "type": "Feature",
      "properties": {
        "@id": "node/3734782469",
        "addr:city": "Tiruchirapalli",
        "addr:district": "Tiruchirapalli",
        "addr:postcode": "620010",
        "addr:street": "Chennai-Madurai Highway",
        "addr:suburb": "Ariyamangalam Area",
        "amenity": "hospital",
        "brand": "Apollo Hospitals",
        "contact:email": "guestrelations_trichy@apollohospitals.com",
        "contact:phone": "+91-431-3307777",
        "contact:website": "https://www.apollohospitals.com/hospital-in-trichy.php",
        "email": "frontoffice_trichy@apollohospitals.com",
        "emergency": "yes",
        "healthcare": "hospital",
        "name": "Apollo Speciality Hospitals",
        "operator": "Apollo Hospitals",
        "operator:wikidata": "Q4780321",
        "operator:wikipedia": "en:Apollo Hospitals",
        "website": "https://www.apollohospitals.com/hospital-in-trichy.php"
      },
      "geometry": {
        "type": "Point",
        "coordinates": [
          78.7111538,
          10.80708
        ]
      },
      "id": "node/3734782469"
    },
    {
      "type": "Feature",
      "properties": {
        "@id": "node/3734782470",
        "brand": "Asian Paints",
        "brand:wikidata": "Q28171825",
        "name": "Asian Paints",
        "shop": "paint"
      },
      "geometry": {
        "type": "Point",
        "coordinates": [
          78.7535132,
          10.7977993
        ]
      },
      "id": "node/3734782470"
    },
    {
      "type": "Feature",
      "properties": {
        "@id": "node/3734782471",
        "amenity": "restaurant",
        "name": "Azeez Biriyani"
      },
      "geometry": {
        "type": "Point",
        "coordinates": [
          78.7687119,
          10.7905538
        ]
      },
      "id": "node/3734782471"
    },
    {
      "type": "Feature",
      "properties": {
        "@id": "node/3734782472",
        "name": "B.G.Naidu Sweets",
        "shop": "bakery"
      },
      "geometry": {
        "type": "Point",
        "coordinates": [
          78.7333944,
          10.8052446
        ]
      },
      "id": "node/3734782472"
    },
    {
      "type": "Feature",
      "properties": {
        "@id": "node/3734782473",
        "amenity": "bank",
        "brand": "Bank of India",
        "brand:wikidata": "Q2004439",
        "brand:wikipedia": "en:Bank of India",
        "name": "Bank of India",
        "name:en": "Bank of India",
        "short_name": "BoI",
        "website": "https://www.bankofindia.co.in/"
      },
      "geometry": {
        "type": "Point",
        "coordinates": [
          78.7275261,
          10.8073655
        ]
      },
      "id": "node/3734782473"
    },
    {
      "type": "Feature",
      "properties": {
        "@id": "node/3734782476",
        "addr:city": "Trichy",
        "addr:housenumber": "2",
        "addr:street": "Williams Road",
        "amenity": "atm",
        "brand": "Canara Bank",
        "brand:en": "Canara Bank",
        "brand:hi": "केनरा बैंक",
        "brand:kn": "ಕೆನರಾ ಬ್ಯಾಂಕ್",
        "brand:pa": "ਕੇਨਰਾ ਬੈਂਕ",
        "brand:pnb": "کینرا بینک",
        "brand:ur": "کینرا بینک",
        "brand:wikidata": "Q2003777",
        "brand:wikipedia": "en:Canara Bank",
        "brand:wikipedia:pa": "ਕੇਨਰਾ ਬੈਂਕ",
        "name": "Canara Bank",
        "name:en": "Canara Bank",
        "name:hi": "केनरा बैंक",
        "name:kn": "ಕೆನರಾ ಬ್ಯಾಂಕ್",
        "name:pa": "ਕੇਨਰਾ ਬੈਂਕ",
        "name:pnb": "کینرا بینک",
        "name:ur": "کینرا بینک",
        "operator": "Canara Bank",
        "operator:wikidata": "Q2003777"
      },
      "geometry": {
        "type": "Point",
        "coordinates": [
          78.680874,
          10.7997448
        ]
      },
      "id": "node/3734782476"
    },
    {
      "type": "Feature",
      "properties": {
        "@id": "node/3734782477",
        "amenity": "bank",
        "brand": "Canara Bank",
        "brand:en": "Canara Bank",
        "brand:hi": "केनरा बैंक",
        "brand:kn": "ಕೆನರಾ ಬ್ಯಾಂಕ್",
        "brand:pa": "ਕੇਨਰਾ ਬੈਂਕ",
        "brand:pnb": "کینرا بینک",
        "brand:ur": "کینرا بینک",
        "brand:wikidata": "Q2003777",
        "brand:wikipedia": "en:Canara Bank",
        "brand:wikipedia:pa": "ਕੇਨਰਾ ਬੈਂਕ",
        "name": "Canara Bank",
        "name:en": "Canara Bank",
        "name:hi": "केनरा बैंक",
        "name:kn": "ಕೆನರಾ ಬ್ಯಾಂಕ್",
        "name:pa": "ਕੇਨਰਾ ਬੈਂਕ",
        "name:pnb": "کینرا بینک",
        "name:ur": "کینرا بینک",
        "website": "https://www.canarabank.com/"
      },
      "geometry": {
        "type": "Point",
        "coordinates": [
          78.6806735,
          10.7996424
        ]
      },
      "id": "node/3734782477"
    },
    {
      "type": "Feature",
      "properties": {
        "@id": "node/3734782478",
        "amenity": "bank",
        "brand": "Canara Bank",
        "brand:en": "Canara Bank",
        "brand:hi": "केनरा बैंक",
        "brand:kn": "ಕೆನರಾ ಬ್ಯಾಂಕ್",
        "brand:pa": "ਕੇਨਰਾ ਬੈਂਕ",
        "brand:pnb": "کینرا بینک",
        "brand:ur": "کینرا بینک",
        "brand:wikidata": "Q2003777",
        "brand:wikipedia": "en:Canara Bank",
        "brand:wikipedia:pa": "ਕੇਨਰਾ ਬੈਂਕ",
        "name": "Canara Bank",
        "name:en": "Canara Bank",
        "name:hi": "केनरा बैंक",
        "name:kn": "ಕೆನರಾ ಬ್ಯಾಂಕ್",
        "name:pa": "ਕੇਨਰਾ ਬੈਂਕ",
        "name:pnb": "کینرا بینک",
        "name:ur": "کینرا بینک",
        "website": "https://www.canarabank.com/"
      },
      "geometry": {
        "type": "Point",
        "coordinates": [
          78.7414347,
          10.8025364
        ]
      },
      "id": "node/3734782478"
    },
    {
      "type": "Feature",
      "properties": {
        "@id": "node/3734782479",
        "amenity": "bank",
        "brand": "Canara Bank",
        "brand:en": "Canara Bank",
        "brand:hi": "केनरा बैंक",
        "brand:kn": "ಕೆನರಾ ಬ್ಯಾಂಕ್",
        "brand:pa": "ਕੇਨਰਾ ਬੈਂਕ",
        "brand:pnb": "کینرا بینک",
        "brand:ur": "کینرا بینک",
        "brand:wikidata": "Q2003777",
        "brand:wikipedia": "en:Canara Bank",
        "brand:wikipedia:pa": "ਕੇਨਰਾ ਬੈਂਕ",
        "name": "Canara Bank",
        "name:en": "Canara Bank",
        "name:hi": "केनरा बैंक",
        "name:kn": "ಕೆನರಾ ಬ್ಯಾಂಕ್",
        "name:pa": "ਕੇਨਰਾ ਬੈਂਕ",
        "name:pnb": "کینرا بینک",
        "name:ur": "کینرا بینک",
        "website": "https://www.canarabank.com/"
      },
      "geometry": {
        "type": "Point",
        "coordinates": [
          78.7369283,
          10.8042219
        ]
      },
      "id": "node/3734782479"
    },
    {
      "type": "Feature",
      "properties": {
        "@id": "node/3734782481",
        "amenity": "cafe",
        "name": "Dindugal Biriyani"
      },
      "geometry": {
        "type": "Point",
        "coordinates": [
          78.6839626,
          10.7947929
        ]
      },
      "id": "node/3734782481"
    },
    {
      "type": "Feature",
      "properties": {
        "@id": "node/3734782484",
        "amenity": "hospital",
        "healthcare": "hospital",
        "name": "Gitanjali Hospital"
      },
      "geometry": {
        "type": "Point",
        "coordinates": [
          78.7415659,
          10.8024873
        ]
      },
      "id": "node/3734782484"
    },
    {
      "type": "Feature",
      "properties": {
        "@id": "node/3734782486",
        "brand": "Hero",
        "brand:wikidata": "Q1613763",
        "name": "Hero",
        "shop": "motorcycle"
      },
      "geometry": {
        "type": "Point",
        "coordinates": [
          78.755983,
          10.7968645
        ]
      },
      "id": "node/3734782486"
    },
    {
      "type": "Feature",
      "properties": {
        "@id": "node/3734782488",
        "amenity": "restaurant",
        "fixme": "Correct the tags and name.",
        "name": "Hostel Rajasugam;Hotel Rajasugam",
        "tourism": "hotel"
      },
      "geometry": {
        "type": "Point",
        "coordinates": [
          78.6810678,
          10.7992674
        ]
      },
      "id": "node/3734782488"
    },
    {
      "type": "Feature",
      "properties": {
        "@id": "node/3734782490",
        "amenity": "restaurant",
        "name": "Hotel Pandias"
      },
      "geometry": {
        "type": "Point",
        "coordinates": [
          78.7596835,
          10.7952219
        ]
      },
      "id": "node/3734782490"
    },
    {
      "type": "Feature",
      "properties": {
        "@id": "node/3734782491",
        "amenity": "atm",
        "name": "Indi Cash"
      },
      "geometry": {
        "type": "Point",
        "coordinates": [
          78.7336797,
          10.8051608
        ]
      },
      "id": "node/3734782491"
    },
    {
      "type": "Feature",
      "properties": {
        "@id": "node/3734782493",
        "name": "K.A.S.Ramdas Fruits and Vegetables",
        "shop": "greengrocer"
      },
      "geometry": {
        "type": "Point",
        "coordinates": [
          78.6813638,
          10.7989658
        ]
      },
      "id": "node/3734782493"
    },
    {
      "type": "Feature",
      "properties": {
        "@id": "node/3734782494",
        "brand": "TMT",
        "name": "Kamatchi TMT Bars",
        "shop": "hardware"
      },
      "geometry": {
        "type": "Point",
        "coordinates": [
          78.7171311,
          10.8126277
        ]
      },
      "id": "node/3734782494"
    },
    {
      "type": "Feature",
      "properties": {
        "@id": "node/3734782496",
        "amenity": "restaurant",
        "name": "Kavitha Hotel"
      },
      "geometry": {
        "type": "Point",
        "coordinates": [
          78.6812561,
          10.7973054
        ]
      },
      "id": "node/3734782496"
    },
    {
      "type": "Feature",
      "properties": {
        "@id": "node/3734782497",
        "brand": "Mahindra",
        "name": "Mahindra 1",
        "shop": "car"
      },
      "geometry": {
        "type": "Point",
        "coordinates": [
          78.702188,
          10.7903775
        ]
      },
      "id": "node/3734782497"
    },
    {
      "type": "Feature",
      "properties": {
        "@id": "node/3734782498",
        "name": "Majestic Furniture",
        "shop": "furniture"
      },
      "geometry": {
        "type": "Point",
        "coordinates": [
          78.7701476,
          10.7898943
        ]
      },
      "id": "node/3734782498"
    },
    {
      "type": "Feature",
      "properties": {
        "@id": "node/3734782499",
        "name": "Mani Maligai Store",
        "shop": "department_store"
      },
      "geometry": {
        "type": "Point",
        "coordinates": [
          78.7323241,
          10.8055678
        ]
      },
      "id": "node/3734782499"
    },
    {
      "type": "Feature",
      "properties": {
        "@id": "node/3734782500",
        "name": "Muthu Selvan Tyres",
        "shop": "tyres"
      },
      "geometry": {
        "type": "Point",
        "coordinates": [
          78.7582508,
          10.7958949
        ]
      },
      "id": "node/3734782500"
    },
    {
      "type": "Feature",
      "properties": {
        "@id": "node/3734782501",
        "amenity": "restaurant",
        "name": "New Alsalam Hotel"
      },
      "geometry": {
        "type": "Point",
        "coordinates": [
          78.7691492,
          10.7903452
        ]
      },
      "id": "node/3734782501"
    },
    {
      "type": "Feature",
      "properties": {
        "@id": "node/3734782502",
        "name": "Nizam Footwear",
        "shop": "shoes"
      },
      "geometry": {
        "type": "Point",
        "coordinates": [
          78.7762136,
          10.7860938
        ]
      },
      "id": "node/3734782502"
    },
    {
      "type": "Feature",
      "properties": {
        "@id": "node/3734782503",
        "amenity": "pharmacy",
        "healthcare": "pharmacy",
        "name": "Pavaladiyan Medical Store"
      },
      "geometry": {
        "type": "Point",
        "coordinates": [
          78.7369658,
          10.8042096
        ]
      },
      "id": "node/3734782503"
    },
    {
      "type": "Feature",
      "properties": {
        "@id": "node/3734782505",
        "amenity": "restaurant",
        "name": "Pushpam Restaurant"
      },
      "geometry": {
        "type": "Point",
        "coordinates": [
          78.6812731,
          10.7990682
        ]
      },
      "id": "node/3734782505"
    },
    {
      "type": "Feature",
      "properties": {
        "@id": "node/3734782506",
        "amenity": "restaurant",
        "name": "Royal Restaurant"
      },
      "geometry": {
        "type": "Point",
        "coordinates": [
          78.681412,
          10.7989178
        ]
      },
      "id": "node/3734782506"
    },
    {
      "type": "Feature",
      "properties": {
        "@id": "node/3734782507",
        "amenity": "cafe",
        "cuisine": "indian",
        "name": "Saraswathi Cafe"
      },
      "geometry": {
        "type": "Point",
        "coordinates": [
          78.6833575,
          10.7958542
        ]
      },
      "id": "node/3734782507"
    },
    {
      "type": "Feature",
      "properties": {
        "@id": "node/3734782509",
        "name": "Used Computer mart",
        "shop": "electronics"
      },
      "geometry": {
        "type": "Point",
        "coordinates": [
          78.7417887,
          10.80234
        ]
      },
      "id": "node/3734782509"
    },
    {
      "type": "Feature",
      "properties": {
        "@id": "node/3734782510",
        "amenity": "pharmacy",
        "brand": "Vasan Medical Hall",
        "healthcare": "pharmacy",
        "name": "Vasan Medical Hall"
      },
      "geometry": {
        "type": "Point",
        "coordinates": [
          78.6808575,
          10.7994642
        ]
      },
      "id": "node/3734782510"
    },
    {
      "type": "Feature",
      "properties": {
        "@id": "node/3734782511",
        "amenity": "restaurant",
        "fixme": "Correct the tags and name.",
        "name": "Vijey Hotels",
        "tourism": "hotel"
      },
      "geometry": {
        "type": "Point",
        "coordinates": [
          78.6811701,
          10.7991802
        ]
      },
      "id": "node/3734782511"
    },
    {
      "type": "Feature",
      "properties": {
        "@id": "node/3734782512",
        "branch": "smartphone",
        "brand": "Vivo",
        "brand:wikidata": "Q18301787",
        "brand:wikipedia": "en:Vivo (technology company)",
        "name": "Vivo",
        "shop": "mobile_phone"
      },
      "geometry": {
        "type": "Point",
        "coordinates": [
          78.7515599,
          10.7984805
        ]
      },
      "id": "node/3734782512"
    },
    {
      "type": "Feature",
      "properties": {
        "@id": "node/3734782513",
        "brand": "Yamaha",
        "brand:wikidata": "Q158888",
        "brand:wikipedia": "en:Yamaha Motor Company",
        "name": "Yamaha",
        "shop": "motorcycle"
      },
      "geometry": {
        "type": "Point",
        "coordinates": [
          78.7543399,
          10.797519
        ]
      },
      "id": "node/3734782513"
    },
    {
      "type": "Feature",
      "properties": {
        "@id": "node/3734782519",
        "amenity": "restaurant",
        "name": "priya Chettinad Mess"
      },
      "geometry": {
        "type": "Point",
        "coordinates": [
          78.7308705,
          10.8060669
        ]
      },
      "id": "node/3734782519"
    },
    {
      "type": "Feature",
      "properties": {
        "@id": "node/3779645527",
        "addr:city": "Trichy",
        "amenity": "hospital",
        "healthcare": "hospital",
        "name": "Main Hospital"
      },
      "geometry": {
        "type": "Point",
        "coordinates": [
          78.7974406,
          10.7789063
        ]
      },
      "id": "node/3779645527"
    },
    {
      "type": "Feature",
      "properties": {
        "@id": "node/3802121093",
        "amenity": "restaurant",
        "name": "Ammajee Cafe and Tea Stall"
      },
      "geometry": {
        "type": "Point",
        "coordinates": [
          78.7409756,
          10.7815362
        ]
      },
      "id": "node/3802121093"
    },
    {
      "type": "Feature",
      "properties": {
        "@id": "node/3861773681",
        "name": "Annai Cycles",
        "opening_hours": "10:00-19:30",
        "service:bicycle:repair": "yes",
        "service:bicycle:retail": "no",
        "shop": "bicycle"
      },
      "geometry": {
        "type": "Point",
        "coordinates": [
          78.8161477,
          10.7653185
        ]
      },
      "id": "node/3861773681"
    },
    {
      "type": "Feature",
      "properties": {
        "@id": "node/3932156231",
        "name": "Nilgiri supermarket",
        "shop": "supermarket"
      },
      "geometry": {
        "type": "Point",
        "coordinates": [
          78.6849646,
          10.8242568
        ]
      },
      "id": "node/3932156231"
    },
    {
      "type": "Feature",
      "properties": {
        "@id": "node/3949988706",
        "amenity": "cafe",
        "name": "teashop"
      },
      "geometry": {
        "type": "Point",
        "coordinates": [
          78.7135716,
          10.84878
        ]
      },
      "id": "node/3949988706"
    },
    {
      "type": "Feature",
      "properties": {
        "@id": "node/4080118490",
        "name": "Royal Furniture",
        "shop": "furniture"
      },
      "geometry": {
        "type": "Point",
        "coordinates": [
          78.6921402,
          10.8212139
        ]
      },
      "id": "node/4080118490"
    },
    {
      "type": "Feature",
      "properties": {
        "@id": "node/4238775658",
        "level": "0",
        "name": "Malto Bakers",
        "shop": "bakery"
      },
      "geometry": {
        "type": "Point",
        "coordinates": [
          78.693121,
          10.8238953
        ]
      },
      "id": "node/4238775658"
    },
    {
      "type": "Feature",
      "properties": {
        "@id": "node/4349265791",
        "amenity": "restaurant",
        "name": "Grill Chicken"
      },
      "geometry": {
        "type": "Point",
        "coordinates": [
          78.6842837,
          10.806285
        ]
      },
      "id": "node/4349265791"
    },
    {
      "type": "Feature",
      "properties": {
        "@id": "node/4349861866",
        "amenity": "fast_food",
        "brand": "Marrybrown",
        "brand:wikidata": "Q3380773",
        "brand:wikipedia": "en:Marrybrown",
        "cuisine": "malaysian;chicken;burger",
        "diet:halal": "yes",
        "name": "Marrybrown",
        "takeaway": "yes"
      },
      "geometry": {
        "type": "Point",
        "coordinates": [
          78.6846151,
          10.8024945
        ]
      },
      "id": "node/4349861866"
    },
    {
      "type": "Feature",
      "properties": {
        "@id": "node/4349861867",
        "addr:city": "Trichy",
        "addr:district": "TIRUCHIRAPPALLI",
        "addr:full": "No. 7C Williams Road, Contonment",
        "addr:postcode": "620001",
        "addr:state": "Tamil Nadu",
        "amenity": "blood_bank",
        "contact:phone": "4312460646",
        "healthcare": "blood_bank",
        "name": "Friends Blood Bank",
        "operator:type": "private",
        "phone": "04312460646",
        "source": "OpenGovernmentData"
      },
      "geometry": {
        "type": "Point",
        "coordinates": [
          78.6840697,
          10.8015533
        ]
      },
      "id": "node/4349861867"
    },
    {
      "type": "Feature",
      "properties": {
        "@id": "node/4349862026",
        "amenity": "bank",
        "brand": "State Bank of India",
        "brand:wikidata": "Q1340361",
        "brand:wikipedia": "en:State Bank of India",
        "name": "State Bank of India",
        "short_name": "SBI"
      },
      "geometry": {
        "type": "Point",
        "coordinates": [
          78.6763644,
          10.8201108
        ]
      },
      "id": "node/4349862026"
    },
    {
      "type": "Feature",
      "properties": {
        "@id": "node/4362343190",
        "amenity": "cafe",
        "cuisine": "coffee_shop",
        "name": "Kaapikudil",
        "opening_hours": "Mo-Su 09:00-20:00"
      },
      "geometry": {
        "type": "Point",
        "coordinates": [
          79.1142235,
          10.7504119
        ]
      },
      "id": "node/4362343190"
    },
    {
      "type": "Feature",
      "properties": {
        "@id": "node/4362707815",
        "amenity": "pharmacy",
        "brand": "MedPlus",
        "brand:wikidata": "Q65684234",
        "check_date": "2022-10-28",
        "healthcare": "pharmacy",
        "name": "MedPlus"
      },
      "geometry": {
        "type": "Point",
        "coordinates": [
          78.7518781,
          10.7984701
        ]
      },
      "id": "node/4362707815"
    },
    {
      "type": "Feature",
      "properties": {
        "@id": "node/4362724178",
        "name": "Sembhiyyan's supermarket",
        "shop": "supermarket"
      },
      "geometry": {
        "type": "Point",
        "coordinates": [
          78.701273,
          10.8471273
        ]
      },
      "id": "node/4362724178"
    },
    {
      "type": "Feature",
      "properties": {
        "@id": "node/4404360250",
        "amenity": "atm",
        "brand": "ICICI Bank",
        "brand:en": "ICICI Bank",
        "brand:wikidata": "Q1653258",
        "brand:wikipedia": "en:ICICI Bank",
        "check_date": "2024-07-23",
        "currency:INR": "yes",
        "drive_through": "no",
        "indoor": "yes",
        "name": "ICICI Bank",
        "note": "Contributors are requested to not edit the \"brand\", \"brand:en\", \"brand:wikidata\", \"operator\", \"operator:en\" and \"operator:wikidata\" tags. (2025/03/03)",
        "opening_hours": "24/7",
        "operator": "ICICI Bank",
        "operator:en": "ICICI Bank",
        "operator:wikidata": "Q1653258",
        "operator:wikipedia": "en:ICICI Bank",
        "short_name": "ICICI"
      },
      "geometry": {
        "type": "Point",
        "coordinates": [
          78.6682965,
          10.7882894
        ]
      },
      "id": "node/4404360250"
    },
    {
      "type": "Feature",
      "properties": {
        "@id": "node/4405908699",
        "name": "Gee Vee Electronics",
        "shop": "electronics"
      },
      "geometry": {
        "type": "Point",
        "coordinates": [
          78.6953032,
          10.8252374
        ]
      },
      "id": "node/4405908699"
    },
    {
      "type": "Feature",
      "properties": {
        "@id": "node/4409883779",
        "amenity": "hospital",
        "name": "TMSSS hospital"
      },
      "geometry": {
        "type": "Point",
        "coordinates": [
          78.4008614,
          10.6000872
        ]
      },
      "id": "node/4409883779"
    },
    {
      "type": "Feature",
      "properties": {
        "@id": "node/4420664515",
        "amenity": "restaurant",
        "cuisine": "arab",
        "name": "Al Rayan Arabian Restaurant"
      },
      "geometry": {
        "type": "Point",
        "coordinates": [
          78.6926173,
          10.752728
        ]
      },
      "id": "node/4420664515"
    },
    {
      "type": "Feature",
      "properties": {
        "@id": "node/4420664516",
        "name": "All Car service",
        "shop": "car_repair"
      },
      "geometry": {
        "type": "Point",
        "coordinates": [
          78.6924813,
          10.7595272
        ]
      },
      "id": "node/4420664516"
    },
    {
      "type": "Feature",
      "properties": {
        "@id": "node/4420664518",
        "name": "GoldenFruits",
        "shop": "greengrocer"
      },
      "geometry": {
        "type": "Point",
        "coordinates": [
          78.6879474,
          10.7836362
        ]
      },
      "id": "node/4420664518"
    },
    {
      "type": "Feature",
      "properties": {
        "@id": "node/4420664519",
        "name": "Grace Decorators",
        "shop": "interior_decoration"
      },
      "geometry": {
        "type": "Point",
        "coordinates": [
          78.6940102,
          10.7686338
        ]
      },
      "id": "node/4420664519"
    },
    {
      "type": "Feature",
      "properties": {
        "@id": "node/4420664520",
        "name": "ImperialBakery",
        "shop": "bakery"
      },
      "geometry": {
        "type": "Point",
        "coordinates": [
          78.688747,
          10.7822935
        ]
      },
      "id": "node/4420664520"
    },
    {
      "type": "Feature",
      "properties": {
        "@id": "node/4420664521",
        "name": "Junction women Wear",
        "shop": "clothes"
      },
      "geometry": {
        "type": "Point",
        "coordinates": [
          78.6931458,
          10.7709128
        ]
      },
      "id": "node/4420664521"
    },
    {
      "type": "Feature",
      "properties": {
        "@id": "node/4420664524",
        "name": "Kings Bakery",
        "shop": "bakery"
      },
      "geometry": {
        "type": "Point",
        "coordinates": [
          78.6923089,
          10.7516631
        ]
      },
      "id": "node/4420664524"
    },
    {
      "type": "Feature",
      "properties": {
        "@id": "node/4420664525",
        "name": "Lourdes supermarket",
        "shop": "supermarket"
      },
      "geometry": {
        "type": "Point",
        "coordinates": [
          78.6919679,
          10.7485986
        ]
      },
      "id": "node/4420664525"
    },
    {
      "type": "Feature",
      "properties": {
        "@id": "node/4420664529",
        "name": "Sahara Supermarket",
        "shop": "supermarket"
      },
      "geometry": {
        "type": "Point",
        "coordinates": [
          78.6932256,
          10.7755423
        ]
      },
      "id": "node/4420664529"
    },
    {
      "type": "Feature",
      "properties": {
        "@id": "node/4420664531",
        "name": "Sri Balaji store",
        "shop": "department_store"
      },
      "geometry": {
        "type": "Point",
        "coordinates": [
          78.6970171,
          10.7453091
        ]
      },
      "id": "node/4420664531"
    },
    {
      "type": "Feature",
      "properties": {
        "@id": "node/4420664532",
        "amenity": "pharmacy",
        "healthcare": "pharmacy",
        "name": "Sri Hari Pharmacy"
      },
      "geometry": {
        "type": "Point",
        "coordinates": [
          78.6921194,
          10.7479548
        ]
      },
      "id": "node/4420664532"
    },
    {
      "type": "Feature",
      "properties": {
        "@id": "node/4420664552",
        "brand": "Reliance Fresh",
        "brand:wikidata": "Q7311014",
        "brand:wikipedia": "en:Reliance Fresh",
        "name": "Reliance Fresh",
        "operator": "Reliance",
        "shop": "supermarket"
      },
      "geometry": {
        "type": "Point",
        "coordinates": [
          78.6924115,
          10.7528753
        ]
      },
      "id": "node/4420664552"
    },
    {
      "type": "Feature",
      "properties": {
        "@id": "node/4420664569",
        "amenity": "atm",
        "brand": "Allahabad Bank",
        "brand:wikidata": "Q2018840",
        "brand:wikipedia": "en:Allahabad Bank",
        "name": "Allahabad Bank",
        "operator": "Allahabad Bank",
        "operator:wikidata": "Q2018840",
        "operator:wikipedia": "en:Allahabad Bank"
      },
      "geometry": {
        "type": "Point",
        "coordinates": [
          78.6932156,
          10.7736857
        ]
      },
      "id": "node/4420664569"
    },
    {
      "type": "Feature",
      "properties": {
        "@id": "node/4420664571",
        "amenity": "atm",
        "brand": "State Bank of India",
        "brand:en": "State Bank of India",
        "brand:wikidata": "Q1340361",
        "brand:wikipedia": "en:State Bank of India",
        "currency:INR": "yes",
        "drive_through": "no",
        "indoor": "yes",
        "name": "State Bank of India",
        "note": "Contributors are requested to not edit the \"brand\", \"brand:en\", \"brand:wikidata\", \"operator\", \"operator:en\" and \"operator:wikidata\" tags. (2025/03/03)",
        "opening_hours": "24/7",
        "operator": "State Bank of India",
        "operator:en": "State Bank of India",
        "operator:wikidata": "Q1340361",
        "operator:wikipedia": "en:State Bank of India",
        "short_name": "SBI"
      },
      "geometry": {
        "type": "Point",
        "coordinates": [
          78.6884341,
          10.7827717
        ]
      },
      "id": "node/4420664571"
    },
    {
      "type": "Feature",
      "properties": {
        "@id": "node/4426350234",
        "addr:housenumber": "306/28A/94A",
        "addr:street": "Rajaram salai",
        "description": "Fruits and vegetable store",
        "name": "Kurunji pazhamudir Cholai",
        "phone": "0431-4200777",
        "shop": "greengrocer"
      },
      "geometry": {
        "type": "Point",
        "coordinates": [
          78.6882679,
          10.7573459
        ]
      },
      "id": "node/4426350234"
    },
    {
      "type": "Feature",
      "properties": {
        "@id": "node/4433637532",
        "name": "Maria Granites",
        "shop": "trade"
      },
      "geometry": {
        "type": "Point",
        "coordinates": [
          78.7124818,
          10.8129644
        ]
      },
      "id": "node/4433637532"
    },
    {
      "type": "Feature",
      "properties": {
        "@id": "node/4435485434",
        "amenity": "hospital",
        "emergency": "yes",
        "healthcare": "hospital",
        "name": "Dr.Raj kumar"
      },
      "geometry": {
        "type": "Point",
        "coordinates": [
          78.8163052,
          10.8752821
        ]
      },
      "id": "node/4435485434"
    },
    {
      "type": "Feature",
      "properties": {
        "@id": "node/4436124644",
        "amenity": "bank",
        "atm": "yes",
        "brand": "Canara Bank",
        "brand:pa": "ਕੇਨਰਾ ਬੈਂਕ",
        "brand:ur": "کینرا بینک",
        "brand:wikidata": "Q2003777",
        "brand:wikipedia": "en:Canara Bank",
        "brand:wikipedia:pa": "ਕੇਨਰਾ ਬੈਂਕ",
        "name": "Canara Bank",
        "name:pa": "ਕੇਨਰਾ ਬੈਂਕ",
        "name:ur": "کینرا بینک",
        "website": "https://www.canarabank.com/"
      },
      "geometry": {
        "type": "Point",
        "coordinates": [
          78.7086241,
          10.7603258
        ]
      },
      "id": "node/4436124644"
    },
    {
      "type": "Feature",
      "properties": {
        "@id": "node/4438997018",
        "amenity": "restaurant",
        "diet:vegetarian": "yes",
        "name": "Balaji Bhavan"
      },
      "geometry": {
        "type": "Point",
        "coordinates": [
          78.6898812,
          10.8574983
        ]
      },
      "id": "node/4438997018"
    },
    {
      "type": "Feature",
      "properties": {
        "@id": "node/4438997019",
        "amenity": "restaurant",
        "name": "Nivedham Restaurant"
      },
      "geometry": {
        "type": "Point",
        "coordinates": [
          78.6899236,
          10.8472802
        ]
      },
      "id": "node/4438997019"
    },
    {
      "type": "Feature",
      "properties": {
        "@id": "node/4438997123",
        "amenity": "atm",
        "brand": "HDFC Bank",
        "brand:en": "HDFC Bank",
        "brand:wikidata": "Q631047",
        "brand:wikipedia": "en:HDFC Bank",
        "currency:INR": "yes",
        "drive_through": "no",
        "indoor": "yes",
        "name": "HDFC Bank",
        "note": "Contributors are requested to not edit the \"brand\", \"brand:en\", \"brand:wikidata\", \"operator\", \"operator:en\" and \"operator:wikidata\" tags. (2025/03/03)",
        "opening_hours": "24/7",
        "operator": "HDFC Bank",
        "operator:en": "HDFC Bank",
        "operator:wikidata": "Q631047",
        "operator:wikipedia": "en:HDFC Bank",
        "short_name": "HDFC"
      },
      "geometry": {
        "type": "Point",
        "coordinates": [
          78.6898417,
          10.8483616
        ]
      },
      "id": "node/4438997123"
    },
    {
      "type": "Feature",
      "properties": {
        "@id": "node/4441619661",
        "addr:city": "Trichy",
        "addr:housenumber": "4/306",
        "addr:postcode": "620019",
        "addr:street": "9th Street Sakthi Nagar",
        "name": "Selvam Stores",
        "shop": "supermarket"
      },
      "geometry": {
        "type": "Point",
        "coordinates": [
          78.7515329,
          10.7957742
        ]
      },
      "id": "node/4441619661"
    },
    {
      "type": "Feature",
      "properties": {
        "@id": "node/4441873088",
        "addr:street": "TRP College",
        "amenity": "cafe",
        "cuisine": "regional",
        "internet_access": "no",
        "name": "TRP Cafeteria",
        "smoking": "no"
      },
      "geometry": {
        "type": "Point",
        "coordinates": [
          78.7520649,
          10.9514457
        ]
      },
      "id": "node/4441873088"
    },
    {
      "type": "Feature",
      "properties": {
        "@id": "node/4442170457",
        "brand": "PDS",
        "designation": "TN Public Distribution Center",
        "name": "Ration shop",
        "operator": "நியாயவிலை கடை",
        "shop": "convenience"
      },
      "geometry": {
        "type": "Point",
        "coordinates": [
          78.7288383,
          10.8203439
        ]
      },
      "id": "node/4442170457"
    },
    {
      "type": "Feature",
      "properties": {
        "@id": "node/4442171229",
        "amenity": "restaurant",
        "name": "Angalaman hotel"
      },
      "geometry": {
        "type": "Point",
        "coordinates": [
          78.7127568,
          10.8133177
        ]
      },
      "id": "node/4442171229"
    },
    {
      "type": "Feature",
      "properties": {
        "@id": "node/4447848034",
        "amenity": "restaurant",
        "diet:vegetarian": "only",
        "name": "Ramajayam veg restaurant"
      },
      "geometry": {
        "type": "Point",
        "coordinates": [
          78.6937164,
          10.8307586
        ]
      },
      "id": "node/4447848034"
    },
    {
      "type": "Feature",
      "properties": {
        "@id": "node/4447848036",
        "amenity": "atm",
        "brand": "Central Bank of India",
        "brand:wikidata": "Q2007090",
        "brand:wikipedia": "en:Central Bank of India",
        "name": "Central Bank of India",
        "operator": "Central Bank of India",
        "operator:wikidata": "Q2007090",
        "operator:wikipedia": "en:Central Bank of India"
      },
      "geometry": {
        "type": "Point",
        "coordinates": [
          78.6918357,
          10.8573837
        ]
      },
      "id": "node/4447848036"
    },
    {
      "type": "Feature",
      "properties": {
        "@id": "node/4447848038",
        "amenity": "restaurant",
        "fixme": "Correct the tags and name.",
        "name": "Kanchanna Lodge;Kanchanna Restaurant",
        "tourism": "hotel"
      },
      "geometry": {
        "type": "Point",
        "coordinates": [
          78.6818125,
          10.7981174
        ]
      },
      "id": "node/4447848038"
    },
    {
      "type": "Feature",
      "properties": {
        "@id": "node/4447848039",
        "amenity": "restaurant",
        "name": "RM restaurant"
      },
      "geometry": {
        "type": "Point",
        "coordinates": [
          78.5538009,
          10.604421
        ]
      },
      "id": "node/4447848039"
    },
    {
      "type": "Feature",
      "properties": {
        "@id": "node/4458827827",
        "name": "soundrapandiyan medicals",
        "shop": "medical_supply"
      },
      "geometry": {
        "type": "Point",
        "coordinates": [
          78.7219892,
          10.7802563
        ]
      },
      "id": "node/4458827827"
    },
    {
      "type": "Feature",
      "properties": {
        "@id": "node/4458827844",
        "amenity": "hospital",
        "name": "central Government railway Hospital"
      },
      "geometry": {
        "type": "Point",
        "coordinates": [
          78.7251483,
          10.7857499
        ]
      },
      "id": "node/4458827844"
    },
    {
      "type": "Feature",
      "properties": {
        "@id": "node/4458827881",
        "name": "louis store;geetha store",
        "shop": "stationery;department_store"
      },
      "geometry": {
        "type": "Point",
        "coordinates": [
          78.7203586,
          10.7781524
        ]
      },
      "id": "node/4458827881"
    },
    {
      "type": "Feature",
      "properties": {
        "@id": "node/4524010191",
        "amenity": "atm",
        "brand": "State Bank of India",
        "brand:en": "State Bank of India",
        "brand:wikidata": "Q1340361",
        "brand:wikipedia": "en:State Bank of India",
        "currency:INR": "yes",
        "drive_through": "no",
        "indoor": "yes",
        "name": "State Bank of India",
        "note": "Contributors are requested to not edit the \"brand\", \"brand:en\", \"brand:wikidata\", \"operator\", \"operator:en\" and \"operator:wikidata\" tags. (2025/03/03)",
        "opening_hours": "24/7",
        "operator": "State Bank of India",
        "operator:en": "State Bank of India",
        "operator:wikidata": "Q1340361",
        "operator:wikipedia": "en:State Bank of India",
        "short_name": "SBI"
      },
      "geometry": {
        "type": "Point",
        "coordinates": [
          78.6855062,
          10.7981252
        ]
      },
      "id": "node/4524010191"
    },
    {
      "type": "Feature",
      "properties": {
        "@id": "node/4543299303",
        "addr:housenumber": "G1,G2 Surya Complex, 40/145,",
        "addr:street": "Madurai Road",
        "name": "Faritha Quality Store",
        "phone": "0431-2712386",
        "shop": "yes"
      },
      "geometry": {
        "type": "Point",
        "coordinates": [
          78.6928597,
          10.8237386
        ]
      },
      "id": "node/4543299303"
    },
    {
      "type": "Feature",
      "properties": {
        "@id": "node/4543306144",
        "amenity": "restaurant",
        "name": "Sri Arasi Hotel"
      },
      "geometry": {
        "type": "Point",
        "coordinates": [
          79.0201409,
          10.572687
        ]
      },
      "id": "node/4543306144"
    },
    {
      "type": "Feature",
      "properties": {
        "@id": "node/4543308032",
        "name": "Anbu Men's Parlour",
        "shop": "hairdresser"
      },
      "geometry": {
        "type": "Point",
        "coordinates": [
          78.7517835,
          10.7981618
        ]
      },
      "id": "node/4543308032"
    },
    {
      "type": "Feature",
      "properties": {
        "@id": "node/4543308033",
        "amenity": "bank",
        "brand": "State Bank of India",
        "brand:wikidata": "Q1340361",
        "brand:wikipedia": "en:State Bank of India",
        "name": "State Bank of India",
        "short_name": "SBI"
      },
      "geometry": {
        "type": "Point",
        "coordinates": [
          78.7500722,
          10.7987278
        ]
      },
      "id": "node/4543308033"
    },
    {
      "type": "Feature",
      "properties": {
        "@id": "node/4543308034",
        "addr:housename": "75/2, Anna Towers",
        "addr:street": "Trichy Tanjore Road",
        "name": "S.R. Electrical and Hardware",
        "shop": "hardware"
      },
      "geometry": {
        "type": "Point",
        "coordinates": [
          78.7507888,
          10.7988812
        ]
      },
      "id": "node/4543308034"
    },
    {
      "type": "Feature",
      "properties": {
        "@id": "node/4543308036",
        "check_date": "2022-10-28",
        "name": "New National Maligai Store",
        "shop": "greengrocer"
      },
      "geometry": {
        "type": "Point",
        "coordinates": [
          78.7517709,
          10.7988567
        ]
      },
      "id": "node/4543308036"
    },
    {
      "type": "Feature",
      "properties": {
        "@id": "node/4543308038",
        "amenity": "cafe",
        "name": "Ayngaran coffee"
      },
      "geometry": {
        "type": "Point",
        "coordinates": [
          78.7512857,
          10.7983118
        ]
      },
      "id": "node/4543308038"
    },
    {
      "type": "Feature",
      "properties": {
        "@id": "node/4543308039",
        "addr:district": "Tiruchirappalli",
        "addr:full": "Post Box No:138, Melapudhur,General Post Office",
        "addr:postcode": "620001",
        "addr:state": "Tamil Nadu",
        "amenity": "hospital",
        "healthcare": "hospital",
        "name": "Joseph Eye Hospital (Institute Of Ophthalmology)",
        "source": "OpenGovernmentData"
      },
      "geometry": {
        "type": "Point",
        "coordinates": [
          78.6915667,
          10.8020383
        ]
      },
      "id": "node/4543308039"
    },
    {
      "type": "Feature",
      "properties": {
        "@id": "node/4543308041",
        "name": "A.J.S. Steel",
        "shop": "hardware"
      },
      "geometry": {
        "type": "Point",
        "coordinates": [
          78.6962448,
          10.8114475
        ]
      },
      "id": "node/4543308041"
    },
    {
      "type": "Feature",
      "properties": {
        "@id": "node/4543308047",
        "name": "Janapriya maligai",
        "shop": "greengrocer"
      },
      "geometry": {
        "type": "Point",
        "coordinates": [
          78.6945675,
          10.8164219
        ]
      },
      "id": "node/4543308047"
    },
    {
      "type": "Feature",
      "properties": {
        "@id": "node/4543308053",
        "name": "Saravana Electricals",
        "shop": "hardware"
      },
      "geometry": {
        "type": "Point",
        "coordinates": [
          78.6947932,
          10.8244962
        ]
      },
      "id": "node/4543308053"
    },
    {
      "type": "Feature",
      "properties": {
        "@id": "node/4543308054",
        "name": "Abans electronics",
        "shop": "electronics"
      },
      "geometry": {
        "type": "Point",
        "coordinates": [
          78.6949849,
          10.8244852
        ]
      },
      "id": "node/4543308054"
    },
    {
      "type": "Feature",
      "properties": {
        "@id": "node/4543308093",
        "name": "Abirami Electricals",
        "shop": "hardware"
      },
      "geometry": {
        "type": "Point",
        "coordinates": [
          78.694866,
          10.8251047
        ]
      },
      "id": "node/4543308093"
    },
    {
      "type": "Feature",
      "properties": {
        "@id": "node/4543308097",
        "name": "Kalyani covering",
        "shop": "jewelry"
      },
      "geometry": {
        "type": "Point",
        "coordinates": [
          78.6937932,
          10.8210768
        ]
      },
      "id": "node/4543308097"
    },
    {
      "type": "Feature",
      "properties": {
        "@id": "node/4543308103",
        "name": "Mangal and Mangal",
        "shop": "jewelry"
      },
      "geometry": {
        "type": "Point",
        "coordinates": [
          78.6955186,
          10.8264328
        ]
      },
      "id": "node/4543308103"
    },
    {
      "type": "Feature",
      "properties": {
        "@id": "node/4543308104",
        "name": "Chennai Mobiles",
        "shop": "mobile_phone"
      },
      "geometry": {
        "type": "Point",
        "coordinates": [
          78.683286,
          10.8260855
        ]
      },
      "id": "node/4543308104"
    },
    {
      "type": "Feature",
      "properties": {
        "@id": "node/4543308105",
        "amenity": "atm",
        "brand": "State Bank of India",
        "brand:en": "State Bank of India",
        "brand:wikidata": "Q1340361",
        "brand:wikipedia": "en:State Bank of India",
        "currency:INR": "yes",
        "drive_through": "no",
        "indoor": "yes",
        "name": "State Bank of India",
        "note": "Contributors are requested to not edit the \"brand\", \"brand:en\", \"brand:wikidata\", \"operator\", \"operator:en\" and \"operator:wikidata\" tags. (2025/03/03)",
        "opening_hours": "24/7",
        "operator": "State Bank of India",
        "operator:en": "State Bank of India",
        "operator:wikidata": "Q1340361",
        "operator:wikipedia": "en:State Bank of India",
        "short_name": "SBI"
      },
      "geometry": {
        "type": "Point",
        "coordinates": [
          78.6836973,
          10.820382
        ]
      },
      "id": "node/4543308105"
    },
    {
      "type": "Feature",
      "properties": {
        "@id": "node/4543308219",
        "name": "BSNL",
        "shop": "mobile_phone"
      },
      "geometry": {
        "type": "Point",
        "coordinates": [
          78.794882,
          10.7747184
        ]
      },
      "id": "node/4543308219"
    },
    {
      "type": "Feature",
      "properties": {
        "@id": "node/4543308221",
        "amenity": "bank",
        "brand": "Andhra Bank",
        "brand:wikidata": "Q2003476",
        "brand:wikipedia": "en:Andhra Bank",
        "name": "Andhra Bank"
      },
      "geometry": {
        "type": "Point",
        "coordinates": [
          78.7501097,
          10.7987107
        ]
      },
      "id": "node/4543308221"
    },
    {
      "type": "Feature",
      "properties": {
        "@id": "node/4543308222",
        "brand": "Asian Paints",
        "brand:wikidata": "Q28171825",
        "name": "Asian Paints",
        "shop": "paint"
      },
      "geometry": {
        "type": "Point",
        "coordinates": [
          78.7508232,
          10.7988689
        ]
      },
      "id": "node/4543308222"
    },
    {
      "type": "Feature",
      "properties": {
        "@id": "node/4543308223",
        "branch": "Kattur",
        "name": "M.P.M Muthu General Store",
        "shop": "general"
      },
      "geometry": {
        "type": "Point",
        "coordinates": [
          78.7508456,
          10.7988584
        ]
      },
      "id": "node/4543308223"
    },
    {
      "type": "Feature",
      "properties": {
        "@id": "node/4543308224",
        "name": "Renuka Store",
        "shop": "convenience"
      },
      "geometry": {
        "type": "Point",
        "coordinates": [
          78.7515723,
          10.7988861
        ]
      },
      "id": "node/4543308224"
    },
    {
      "type": "Feature",
      "properties": {
        "@id": "node/4543308235",
        "name": "Amman stores",
        "shop": "greengrocer"
      },
      "geometry": {
        "type": "Point",
        "coordinates": [
          78.751613,
          10.7981328
        ]
      },
      "id": "node/4543308235"
    },
    {
      "type": "Feature",
      "properties": {
        "@id": "node/4543308265",
        "amenity": "pharmacy",
        "brand": "MedPlus",
        "brand:wikidata": "Q65684234",
        "healthcare": "pharmacy",
        "name": "MedPlus"
      },
      "geometry": {
        "type": "Point",
        "coordinates": [
          78.6903922,
          10.8088831
        ]
      },
      "id": "node/4543308265"
    },
    {
      "type": "Feature",
      "properties": {
        "@id": "node/4543308267",
        "name": "Mohamad Kasim",
        "shop": "hardware"
      },
      "geometry": {
        "type": "Point",
        "coordinates": [
          78.6960304,
          10.8123689
        ]
      },
      "id": "node/4543308267"
    },
    {
      "type": "Feature",
      "properties": {
        "@id": "node/4543308269",
        "name": "Rasi Furniture",
        "shop": "furniture"
      },
      "geometry": {
        "type": "Point",
        "coordinates": [
          78.6928164,
          10.8199466
        ]
      },
      "id": "node/4543308269"
    },
    {
      "type": "Feature",
      "properties": {
        "@id": "node/4543308270",
        "name": "Marvel mens wear",
        "phone": "9443673767",
        "shop": "clothes"
      },
      "geometry": {
        "type": "Point",
        "coordinates": [
          78.6949795,
          10.8245322
        ]
      },
      "id": "node/4543308270"
    },
    {
      "type": "Feature",
      "properties": {
        "@id": "node/4543308338",
        "name": "Watch repair",
        "shop": "watches"
      },
      "geometry": {
        "type": "Point",
        "coordinates": [
          78.6930873,
          10.8312923
        ]
      },
      "id": "node/4543308338"
    },
    {
      "type": "Feature",
      "properties": {
        "@id": "node/4543308339",
        "name": "Anand",
        "shop": "hardware"
      },
      "geometry": {
        "type": "Point",
        "coordinates": [
          78.6928688,
          10.8207941
        ]
      },
      "id": "node/4543308339"
    },
    {
      "type": "Feature",
      "properties": {
        "@id": "node/4543308340",
        "name": "Ashika Tools",
        "shop": "hardware"
      },
      "geometry": {
        "type": "Point",
        "coordinates": [
          78.6927006,
          10.8205332
        ]
      },
      "id": "node/4543308340"
    },
    {
      "type": "Feature",
      "properties": {
        "@id": "node/4543308343",
        "amenity": "hospital",
        "check_date": "2022-10-28",
        "healthcare": "hospital",
        "name": "Krishna Hospital",
        "source": "survey"
      },
      "geometry": {
        "type": "Point",
        "coordinates": [
          78.7517146,
          10.7987855
        ]
      },
      "id": "node/4543308343"
    },
    {
      "type": "Feature",
      "properties": {
        "@id": "node/4543308346",
        "name": "Bamboo shop",
        "shop": "trade",
        "trade": "timber"
      },
      "geometry": {
        "type": "Point",
        "coordinates": [
          78.777962,
          10.7847993
        ]
      },
      "id": "node/4543308346"
    },
    {
      "type": "Feature",
      "properties": {
        "@id": "node/4543308499",
        "amenity": "cafe",
        "cuisine": "regional",
        "name": "HAPP Bustand Tea-shop"
      },
      "geometry": {
        "type": "Point",
        "coordinates": [
          78.793477,
          10.7096487
        ]
      },
      "id": "node/4543308499"
    },
    {
      "type": "Feature",
      "properties": {
        "@id": "node/4543308534",
        "name": "TRB Pork Stall",
        "shop": "butcher"
      },
      "geometry": {
        "type": "Point",
        "coordinates": [
          78.6948315,
          10.7924024
        ]
      },
      "id": "node/4543308534"
    },
    {
      "type": "Feature",
      "properties": {
        "@id": "node/4543308535",
        "name": "Bharath Trading Company",
        "shop": "hardware"
      },
      "geometry": {
        "type": "Point",
        "coordinates": [
          78.6928684,
          10.8208299
        ]
      },
      "id": "node/4543308535"
    },
    {
      "type": "Feature",
      "properties": {
        "@id": "node/4543308536",
        "name": "Singapore hardwares",
        "shop": "hardware"
      },
      "geometry": {
        "type": "Point",
        "coordinates": [
          78.6929102,
          10.820747
        ]
      },
      "id": "node/4543308536"
    },
    {
      "type": "Feature",
      "properties": {
        "@id": "node/4543308538",
        "amenity": "bank",
        "brand": "Indian Overseas Bank",
        "brand:wikidata": "Q2003611",
        "brand:wikipedia": "en:Indian Overseas Bank",
        "name": "Indian Overseas Bank",
        "name:en": "Indian Overseas Bank",
        "short_name": "IOB",
        "website": "https://www.iob.in"
      },
      "geometry": {
        "type": "Point",
        "coordinates": [
          78.6888296,
          10.7888593
        ]
      },
      "id": "node/4543308538"
    },
    {
      "type": "Feature",
      "properties": {
        "@id": "node/4607145190",
        "amenity": "atm",
        "brand": "Indian Bank",
        "brand:wikidata": "Q2003789",
        "brand:wikipedia": "en:Indian Bank",
        "name": "Indian Bank",
        "operator": "Indian Bank",
        "operator:wikidata": "Q2003789",
        "operator:wikipedia": "en:Indian Bank"
      },
      "geometry": {
        "type": "Point",
        "coordinates": [
          78.8147877,
          10.3757226
        ]
      },
      "id": "node/4607145190"
    },
    {
      "type": "Feature",
      "properties": {
        "@id": "node/4638960318",
        "amenity": "cafe",
        "internet_access:fee": "no",
        "name": "sakthi cafe",
        "outdoor_seating": "no"
      },
      "geometry": {
        "type": "Point",
        "coordinates": [
          78.7443756,
          10.6610324
        ]
      },
      "id": "node/4638960318"
    },
    {
      "type": "Feature",
      "properties": {
        "@id": "node/4666705441",
        "name": "mangal&mangal",
        "shop": "bathroom_furnishing"
      },
      "geometry": {
        "type": "Point",
        "coordinates": [
          78.6956677,
          10.8261068
        ]
      },
      "id": "node/4666705441"
    },
    {
      "type": "Feature",
      "properties": {
        "@id": "node/4666705442",
        "amenity": "restaurant",
        "cuisine": "regional",
        "name": "Akash Restaurant",
        "takeaway": "yes"
      },
      "geometry": {
        "type": "Point",
        "coordinates": [
          78.7587127,
          10.954046
        ]
      },
      "id": "node/4666705442"
    },
    {
      "type": "Feature",
      "properties": {
        "@id": "node/4666705443",
        "amenity": "restaurant",
        "name": "basil"
      },
      "geometry": {
        "type": "Point",
        "coordinates": [
          78.7541004,
          10.9550156
        ]
      },
      "id": "node/4666705443"
    },
    {
      "type": "Feature",
      "properties": {
        "@id": "node/4672525726",
        "name": "Nature Supermarket",
        "shop": "supermarket"
      },
      "geometry": {
        "type": "Point",
        "coordinates": [
          78.7860369,
          10.7833125
        ]
      },
      "id": "node/4672525726"
    },
    {
      "type": "Feature",
      "properties": {
        "@id": "node/4672525727",
        "name": "Deepa Stores",
        "shop": "greengrocer"
      },
      "geometry": {
        "type": "Point",
        "coordinates": [
          78.7866957,
          10.7827869
        ]
      },
      "id": "node/4672525727"
    },
    {
      "type": "Feature",
      "properties": {
        "@id": "node/4672525728",
        "name": "Sakthi Malligai",
        "shop": "greengrocer"
      },
      "geometry": {
        "type": "Point",
        "coordinates": [
          78.7867053,
          10.7843616
        ]
      },
      "id": "node/4672525728"
    },
    {
      "type": "Feature",
      "properties": {
        "@id": "node/4672525730",
        "name": "Parvathi Stores",
        "shop": "greengrocer"
      },
      "geometry": {
        "type": "Point",
        "coordinates": [
          78.7885681,
          10.7839544
        ]
      },
      "id": "node/4672525730"
    },
    {
      "type": "Feature",
      "properties": {
        "@id": "node/4672672945",
        "amenity": "atm",
        "branch": "Heavy Electricals ATM",
        "brand": "State Bank of India",
        "brand:en": "State Bank of India",
        "brand:wikidata": "Q1340361",
        "brand:wikipedia": "en:State Bank of India",
        "currency:INR": "yes",
        "drive_through": "no",
        "indoor": "yes",
        "name": "State Bank of India",
        "note": "Contributors are requested to not edit the \"brand\", \"brand:en\", \"brand:wikidata\", \"operator\", \"operator:en\" and \"operator:wikidata\" tags. (2025/03/03)",
        "opening_hours": "24/7",
        "operator": "State Bank of India",
        "operator:en": "State Bank of India",
        "operator:wikidata": "Q1340361",
        "operator:wikipedia": "en:State Bank of India",
        "short_name": "SBI"
      },
      "geometry": {
        "type": "Point",
        "coordinates": [
          78.7930344,
          10.7773809
        ]
      },
      "id": "node/4672672945"
    },
    {
      "type": "Feature",
      "properties": {
        "@id": "node/4672674477",
        "amenity": "bank",
        "branch": "Heavy Electricals Branch",
        "brand": "State Bank of India",
        "brand:wikidata": "Q1340361",
        "brand:wikipedia": "en:State Bank of India",
        "name": "State Bank of India",
        "short_name": "SBI"
      },
      "geometry": {
        "type": "Point",
        "coordinates": [
          78.793161,
          10.7772569
        ]
      },
      "id": "node/4672674477"
    },
    {
      "type": "Feature",
      "properties": {
        "@id": "node/4680432137",
        "addr:city": "Tiruchirapalli",
        "addr:housenumber": "Plot / Door No. 1",
        "addr:postcode": "620001",
        "addr:street": "Lawson's Road",
        "name": "The Arvind Store",
        "opening_hours": "10:00-23:00",
        "phone": "+91 89736 26989",
        "shop": "clothes",
        "website": "https://thearvindstore.com/"
      },
      "geometry": {
        "type": "Point",
        "coordinates": [
          78.6805877,
          10.8087463
        ]
      },
      "id": "node/4680432137"
    },
    {
      "type": "Feature",
      "properties": {
        "@id": "node/4701647543",
        "name": "National Electricals",
        "shop": "electrical"
      },
      "geometry": {
        "type": "Point",
        "coordinates": [
          78.6926905,
          10.8207542
        ]
      },
      "id": "node/4701647543"
    },
    {
      "type": "Feature",
      "properties": {
        "@id": "node/4701647887",
        "name": "Iyengar Cake Shop",
        "shop": "bakery"
      },
      "geometry": {
        "type": "Point",
        "coordinates": [
          78.6929633,
          10.8326559
        ]
      },
      "id": "node/4701647887"
    },
    {
      "type": "Feature",
      "properties": {
        "@id": "node/4701647888",
        "name": "Raghunath Bakery",
        "shop": "bakery"
      },
      "geometry": {
        "type": "Point",
        "coordinates": [
          78.6929704,
          10.8327691
        ]
      },
      "id": "node/4701647888"
    },
    {
      "type": "Feature",
      "properties": {
        "@id": "node/4701649266",
        "name": "Sri Mahalakshmi Iyengar Bakery",
        "shop": "bakery"
      },
      "geometry": {
        "type": "Point",
        "coordinates": [
          78.6036225,
          10.8747128
        ]
      },
      "id": "node/4701649266"
    },
    {
      "type": "Feature",
      "properties": {
        "@id": "node/4701650726",
        "brand": "Poorvika",
        "name": "Poorvika Mobile Store",
        "name:ta": "பூர்வீகா மொபைல் ஸ்டோர்",
        "shop": "mobile_phone"
      },
      "geometry": {
        "type": "Point",
        "coordinates": [
          78.6870584,
          10.8041177
        ]
      },
      "id": "node/4701650726"
    },
    {
      "type": "Feature",
      "properties": {
        "@id": "node/4701650727",
        "brand": "BSNL",
        "name": "BSNL",
        "shop": "mobile_phone"
      },
      "geometry": {
        "type": "Point",
        "coordinates": [
          78.6885105,
          10.8021056
        ]
      },
      "id": "node/4701650727"
    },
    {
      "type": "Feature",
      "properties": {
        "@id": "node/4701650872",
        "amenity": "pharmacy",
        "brand": "MedPlus",
        "brand:wikidata": "Q65684234",
        "healthcare": "pharmacy",
        "name": "MedPlus"
      },
      "geometry": {
        "type": "Point",
        "coordinates": [
          78.7333621,
          10.8047832
        ]
      },
      "id": "node/4701650872"
    },
    {
      "type": "Feature",
      "properties": {
        "@id": "node/4701650873",
        "name": "India agencies",
        "shop": "trade",
        "trade": "tiles"
      },
      "geometry": {
        "type": "Point",
        "coordinates": [
          78.7270308,
          10.8071896
        ]
      },
      "id": "node/4701650873"
    },
    {
      "type": "Feature",
      "properties": {
        "@id": "node/4701651261",
        "name": "Rajasekaran Nadar Firm",
        "shop": "trade"
      },
      "geometry": {
        "type": "Point",
        "coordinates": [
          78.6929903,
          10.816382
        ]
      },
      "id": "node/4701651261"
    },
    {
      "type": "Feature",
      "properties": {
        "@id": "node/4701651518",
        "name": "Color media",
        "shop": "electronics"
      },
      "geometry": {
        "type": "Point",
        "coordinates": [
          78.7309067,
          10.8057748
        ]
      },
      "id": "node/4701651518"
    },
    {
      "type": "Feature",
      "properties": {
        "@id": "node/4701651519",
        "name": "K S Rice Mundy",
        "shop": "farm"
      },
      "geometry": {
        "type": "Point",
        "coordinates": [
          78.7021966,
          10.8138629
        ]
      },
      "id": "node/4701651519"
    },
    {
      "type": "Feature",
      "properties": {
        "@id": "node/4701651675",
        "name": "City Corporation",
        "shop": "trade"
      },
      "geometry": {
        "type": "Point",
        "coordinates": [
          78.6926078,
          10.8197359
        ]
      },
      "id": "node/4701651675"
    },
    {
      "type": "Feature",
      "properties": {
        "@id": "node/4701651684",
        "brand": "Havells",
        "name": "Havells Gallery",
        "shop": "electrical"
      },
      "geometry": {
        "type": "Point",
        "coordinates": [
          78.6928337,
          10.8219135
        ]
      },
      "id": "node/4701651684"
    },
    {
      "type": "Feature",
      "properties": {
        "@id": "node/4701651809",
        "name": "A+ve Laptop Solutions",
        "shop": "computer"
      },
      "geometry": {
        "type": "Point",
        "coordinates": [
          78.6834236,
          10.8220245
        ]
      },
      "id": "node/4701651809"
    },
    {
      "type": "Feature",
      "properties": {
        "@id": "node/4701651933",
        "brand": "Woodland",
        "brand:wikidata": "Q123068491",
        "name": "Woodland",
        "shop": "shoes"
      },
      "geometry": {
        "type": "Point",
        "coordinates": [
          78.6836397,
          10.8196026
        ]
      },
      "id": "node/4701651933"
    },
    {
      "type": "Feature",
      "properties": {
        "@id": "node/4701651956",
        "beauty": "hair;spa",
        "brand": "Naturals",
        "brand:wikidata": "Q125728261",
        "name": "Naturals",
        "shop": "beauty"
      },
      "geometry": {
        "type": "Point",
        "coordinates": [
          78.6834819,
          10.8182287
        ]
      },
      "id": "node/4701651956"
    },
    {
      "type": "Feature",
      "properties": {
        "@id": "node/4701652106",
        "name": "Pink and Orange",
        "not:brand:wikidata": "Q20716793",
        "shop": "clothes"
      },
      "geometry": {
        "type": "Point",
        "coordinates": [
          78.6835293,
          10.8204395
        ]
      },
      "id": "node/4701652106"
    },
    {
      "type": "Feature",
      "properties": {
        "@id": "node/4701652117",
        "name": "Need4IT",
        "shop": "computer"
      },
      "geometry": {
        "type": "Point",
        "coordinates": [
          78.6841001,
          10.817739
        ]
      },
      "id": "node/4701652117"
    },
    {
      "type": "Feature",
      "properties": {
        "@id": "node/4701652118",
        "name": "Deen Marakadai",
        "shop": "trade"
      },
      "geometry": {
        "type": "Point",
        "coordinates": [
          78.6839839,
          10.8172341
        ]
      },
      "id": "node/4701652118"
    },
    {
      "type": "Feature",
      "properties": {
        "@id": "node/4701652410",
        "name": "Focus",
        "shop": "computer"
      },
      "geometry": {
        "type": "Point",
        "coordinates": [
          78.6843766,
          10.817257
        ]
      },
      "id": "node/4701652410"
    },
    {
      "type": "Feature",
      "properties": {
        "@id": "node/4701652411",
        "amenity": "bank",
        "brand": "Oriental Bank of Commerce",
        "brand:wikidata": "Q367008",
        "brand:wikipedia": "en:Oriental Bank of Commerce",
        "name": "Oriental Bank of Commerce"
      },
      "geometry": {
        "type": "Point",
        "coordinates": [
          78.6837363,
          10.8171744
        ]
      },
      "id": "node/4701652411"
    },
    {
      "type": "Feature",
      "properties": {
        "@id": "node/4701652414",
        "brand": "Sony Centre",
        "brand:wikidata": "Q3437496",
        "brand:wikipedia": "en:Sony Centre",
        "name": "Sony Centre",
        "shop": "electronics"
      },
      "geometry": {
        "type": "Point",
        "coordinates": [
          78.6834988,
          10.8182285
        ]
      },
      "id": "node/4701652414"
    },
    {
      "type": "Feature",
      "properties": {
        "@id": "node/4764529783",
        "name": "Amma try TMT kambi",
        "shop": "trade"
      },
      "geometry": {
        "type": "Point",
        "coordinates": [
          78.7155504,
          10.8125154
        ]
      },
      "id": "node/4764529783"
    },
    {
      "type": "Feature",
      "properties": {
        "@id": "node/4764529784",
        "amenity": "restaurant",
        "name": "Ayesha Hot Chicken"
      },
      "geometry": {
        "type": "Point",
        "coordinates": [
          78.7335914,
          10.8048151
        ]
      },
      "id": "node/4764529784"
    },
    {
      "type": "Feature",
      "properties": {
        "@id": "node/4764532283",
        "name": "Bharath ceramics",
        "shop": "trade"
      },
      "geometry": {
        "type": "Point",
        "coordinates": [
          78.7264639,
          10.807299
        ]
      },
      "id": "node/4764532283"
    },
    {
      "type": "Feature",
      "properties": {
        "@id": "node/4764532304",
        "amenity": "restaurant",
        "name": "KMS Hakkim Kalyana Biriyani"
      },
      "geometry": {
        "type": "Point",
        "coordinates": [
          78.7697127,
          10.7895916
        ]
      },
      "id": "node/4764532304"
    },
    {
      "type": "Feature",
      "properties": {
        "@id": "node/4764532305",
        "name": "Venus byuttisan",
        "shop": "hairdresser"
      },
      "geometry": {
        "type": "Point",
        "coordinates": [
          78.7752977,
          10.7852351
        ]
      },
      "id": "node/4764532305"
    },
    {
      "type": "Feature",
      "properties": {
        "@id": "node/4764532448",
        "name": "Ganesh Beauty Parlour",
        "shop": "hairdresser"
      },
      "geometry": {
        "type": "Point",
        "coordinates": [
          78.700688,
          10.814607
        ]
      },
      "id": "node/4764532448"
    },
    {
      "type": "Feature",
      "properties": {
        "@id": "node/4764533045",
        "name": "Sree Sathya Plywood",
        "shop": "trade",
        "trade": "wood"
      },
      "geometry": {
        "type": "Point",
        "coordinates": [
          78.6928068,
          10.8205688
        ]
      },
      "id": "node/4764533045"
    },
    {
      "type": "Feature",
      "properties": {
        "@id": "node/4764534447",
        "description": "\"The largest mobile kingdom in Tamil Nadu\"",
        "name": "Mobile Xpress",
        "shop": "mobile_phone"
      },
      "geometry": {
        "type": "Point",
        "coordinates": [
          78.6835918,
          10.8224222
        ]
      },
      "id": "node/4764534447"
    },
    {
      "type": "Feature",
      "properties": {
        "@id": "node/4764534448",
        "amenity": "cafe",
        "name": "Padma Cafe"
      },
      "geometry": {
        "type": "Point",
        "coordinates": [
          78.6934007,
          10.8242947
        ]
      },
      "id": "node/4764534448"
    },
    {
      "type": "Feature",
      "properties": {
        "@id": "node/4764534451",
        "name": "Noor Traders",
        "shop": "yes"
      },
      "geometry": {
        "type": "Point",
        "coordinates": [
          78.6976537,
          10.8150864
        ]
      },
      "id": "node/4764534451"
    },
    {
      "type": "Feature",
      "properties": {
        "@id": "node/4764534452",
        "name": "Kamatchi Battery",
        "shop": "electrical"
      },
      "geometry": {
        "type": "Point",
        "coordinates": [
          78.7035984,
          10.8134274
        ]
      },
      "id": "node/4764534452"
    },
    {
      "type": "Feature",
      "properties": {
        "@id": "node/4764535096",
        "amenity": "restaurant",
        "name": "Taj Biriyani"
      },
      "geometry": {
        "type": "Point",
        "coordinates": [
          78.6992375,
          10.8151138
        ]
      },
      "id": "node/4764535096"
    },
    {
      "type": "Feature",
      "properties": {
        "@id": "node/4764535097",
        "name": "Sri Balaji Marble",
        "shop": "trade"
      },
      "geometry": {
        "type": "Point",
        "coordinates": [
          78.7076982,
          10.8132461
        ]
      },
      "id": "node/4764535097"
    },
    {
      "type": "Feature",
      "properties": {
        "@id": "node/4764535099",
        "name": "SPM supermarket",
        "shop": "supermarket"
      },
      "geometry": {
        "type": "Point",
        "coordinates": [
          78.8241984,
          10.7507542
        ]
      },
      "id": "node/4764535099"
    },
    {
      "type": "Feature",
      "properties": {
        "@id": "node/4764535101",
        "name": "Lakshmanan Traders",
        "shop": "hardware"
      },
      "geometry": {
        "type": "Point",
        "coordinates": [
          78.6926978,
          10.820578
        ]
      },
      "id": "node/4764535101"
    },
    {
      "type": "Feature",
      "properties": {
        "@id": "node/4764535103",
        "amenity": "bank",
        "brand": "Bank of India",
        "brand:wikidata": "Q2004439",
        "brand:wikipedia": "en:Bank of India",
        "name": "Bank of India"
      },
      "geometry": {
        "type": "Point",
        "coordinates": [
          78.6932088,
          10.8258898
        ]
      },
      "id": "node/4764535103"
    },
    {
      "type": "Feature",
      "properties": {
        "@id": "node/4764535221",
        "amenity": "hospital",
        "healthcare": "hospital",
        "name": "Ashwin clinic"
      },
      "geometry": {
        "type": "Point",
        "coordinates": [
          78.7428121,
          10.8016445
        ]
      },
      "id": "node/4764535221"
    },
    {
      "type": "Feature",
      "properties": {
        "@id": "node/4764535222",
        "name": "Mismi maligai",
        "shop": "yes"
      },
      "geometry": {
        "type": "Point",
        "coordinates": [
          78.7753235,
          10.7850762
        ]
      },
      "id": "node/4764535222"
    },
    {
      "type": "Feature",
      "properties": {
        "@id": "node/4764535376",
        "name": "Sakthi Agencies",
        "shop": "electrical"
      },
      "geometry": {
        "type": "Point",
        "coordinates": [
          78.6927033,
          10.8206085
        ]
      },
      "id": "node/4764535376"
    },
    {
      "type": "Feature",
      "properties": {
        "@id": "node/4764535523",
        "amenity": "atm",
        "brand": "Canara Bank",
        "brand:en": "Canara Bank",
        "brand:hi": "केनरा बैंक",
        "brand:kn": "ಕೆನರಾ ಬ್ಯಾಂಕ್",
        "brand:pa": "ਕੇਨਰਾ ਬੈਂਕ",
        "brand:pnb": "کینرا بینک",
        "brand:ur": "کینرا بینک",
        "brand:wikidata": "Q2003777",
        "brand:wikipedia": "en:Canara Bank",
        "brand:wikipedia:pa": "ਕੇਨਰਾ ਬੈਂਕ",
        "cash_in": "no",
        "name": "Canara Bank",
        "name:en": "Canara Bank",
        "name:hi": "केनरा बैंक",
        "name:kn": "ಕೆನರಾ ಬ್ಯಾಂಕ್",
        "name:pa": "ਕੇਨਰਾ ਬੈਂਕ",
        "name:pnb": "کینرا بینک",
        "name:ur": "کینرا بینک",
        "operator": "Canara Bank",
        "operator:wikidata": "Q2003777"
      },
      "geometry": {
        "type": "Point",
        "coordinates": [
          78.7268788,
          10.8071326
        ]
      },
      "id": "node/4764535523"
    },
    {
      "type": "Feature",
      "properties": {
        "@id": "node/4764535524",
        "name": "Shanthi Electricals",
        "shop": "electrical"
      },
      "geometry": {
        "type": "Point",
        "coordinates": [
          78.6927009,
          10.8205601
        ]
      },
      "id": "node/4764535524"
    },
    {
      "type": "Feature",
      "properties": {
        "@id": "node/4764535859",
        "amenity": "atm",
        "brand": "State Bank of India",
        "brand:en": "State Bank of India",
        "brand:wikidata": "Q1340361",
        "brand:wikipedia": "en:State Bank of India",
        "currency:INR": "yes",
        "drive_through": "no",
        "indoor": "yes",
        "name": "State Bank of India",
        "note": "Contributors are requested to not edit the \"brand\", \"brand:en\", \"brand:wikidata\", \"operator\", \"operator:en\" and \"operator:wikidata\" tags. (2025/03/03)",
        "opening_hours": "24/7",
        "operator": "State Bank of India",
        "operator:en": "State Bank of India",
        "operator:wikidata": "Q1340361",
        "operator:wikipedia": "en:State Bank of India",
        "short_name": "SBI"
      },
      "geometry": {
        "type": "Point",
        "coordinates": [
          78.693764,
          10.8229039
        ]
      },
      "id": "node/4764535859"
    },
    {
      "type": "Feature",
      "properties": {
        "@id": "node/4764535860",
        "name": "Iyengars bakery",
        "shop": "bakery"
      },
      "geometry": {
        "type": "Point",
        "coordinates": [
          78.6960365,
          10.7903379
        ]
      },
      "id": "node/4764535860"
    },
    {
      "type": "Feature",
      "properties": {
        "@id": "node/4764536121",
        "amenity": "bank",
        "branch": "Subramaniapuram",
        "brand": "State Bank of India",
        "brand:wikidata": "Q1340361",
        "brand:wikipedia": "en:State Bank of India",
        "name": "State Bank of India",
        "short_name": "SBI"
      },
      "geometry": {
        "type": "Point",
        "coordinates": [
          78.6989395,
          10.7889803
        ]
      },
      "id": "node/4764536121"
    },
    {
      "type": "Feature",
      "properties": {
        "@id": "node/4764536757",
        "name": "Trichy Mirror Mart",
        "shop": "houseware"
      },
      "geometry": {
        "type": "Point",
        "coordinates": [
          78.6928525,
          10.8204039
        ]
      },
      "id": "node/4764536757"
    },
    {
      "type": "Feature",
      "properties": {
        "@id": "node/4793244930",
        "amenity": "restaurant",
        "name": "Hotel Surya",
        "toilets": "yes"
      },
      "geometry": {
        "type": "Point",
        "coordinates": [
          78.3215182,
          10.5599762
        ]
      },
      "id": "node/4793244930"
    },
    {
      "type": "Feature",
      "properties": {
        "@id": "node/4793248552",
        "addr:street": "dindigul road",
        "name": "The bread basket bakery",
        "shop": "bakery"
      },
      "geometry": {
        "type": "Point",
        "coordinates": [
          78.6750308,
          10.7900331
        ]
      },
      "id": "node/4793248552"
    },
    {
      "type": "Feature",
      "properties": {
        "@id": "node/4793248810",
        "addr:street": "dindigul road",
        "amenity": "atm",
        "brand": "HDFC Bank",
        "brand:en": "HDFC Bank",
        "brand:wikidata": "Q631047",
        "brand:wikipedia": "en:HDFC Bank",
        "currency:INR": "yes",
        "drive_through": "no",
        "indoor": "yes",
        "name": "HDFC Bank",
        "note": "Contributors are requested to not edit the \"brand\", \"brand:en\", \"brand:wikidata\", \"operator\", \"operator:en\" and \"operator:wikidata\" tags. (2025/03/03)",
        "opening_hours": "24/7",
        "operator": "HDFC Bank",
        "operator:en": "HDFC Bank",
        "operator:wikidata": "Q631047",
        "operator:wikipedia": "en:HDFC Bank",
        "short_name": "HDFC"
      },
      "geometry": {
        "type": "Point",
        "coordinates": [
          78.6749904,
          10.7899956
        ]
      },
      "id": "node/4793248810"
    },
    {
      "type": "Feature",
      "properties": {
        "@id": "node/4799120035",
        "addr:city": "Trichy",
        "addr:postcode": "625001",
        "addr:street": "Bharathiyar Road",
        "alt_name": "A2B",
        "amenity": "restaurant",
        "brand": "Adyar Ananda Bhavan",
        "brand:wikidata": "Q15178238",
        "brand:wikipedia": "en:Adyar Ananda Bhavan",
        "cuisine": "regional",
        "diet:vegetarian": "only",
        "name": "Adyar Ananda Bhavan",
        "operator": "Adyar Ananda Bhavan",
        "phone": "+91 431 241 2777",
        "shop": "confectionery",
        "smoking": "no",
        "website": "https://aabsweets.com"
      },
      "geometry": {
        "type": "Point",
        "coordinates": [
          78.6858599,
          10.7951846
        ]
      },
      "id": "node/4799120035"
    },
    {
      "type": "Feature",
      "properties": {
        "@id": "node/4810005067",
        "addr:street": "Trichy tanjavur highway",
        "air_conditioning": "no",
        "check_date": "2022-10-28",
        "internet_access": "no",
        "name": "Arokya daily Hatsun",
        "payment:cash": "yes",
        "payment:upi": "yes",
        "shop": "dairy",
        "source": "survey",
        "wheelchair": "no"
      },
      "geometry": {
        "type": "Point",
        "coordinates": [
          78.7633299,
          10.7930603
        ]
      },
      "id": "node/4810005067"
    },
    {
      "type": "Feature",
      "properties": {
        "@id": "node/4817782720",
        "branch": "showroom",
        "brand": "Bata",
        "brand:wikidata": "Q688082",
        "brand:wikipedia": "en:Bata Corporation",
        "name": "Bata",
        "shop": "shoes"
      },
      "geometry": {
        "type": "Point",
        "coordinates": [
          78.6937152,
          10.8230115
        ]
      },
      "id": "node/4817782720"
    },
    {
      "type": "Feature",
      "properties": {
        "@id": "node/4817784056",
        "name": "Thaila silks",
        "shop": "clothes"
      },
      "geometry": {
        "type": "Point",
        "coordinates": [
          78.6971675,
          10.8244159
        ]
      },
      "id": "node/4817784056"
    },
    {
      "type": "Feature",
      "properties": {
        "@id": "node/4817784530",
        "amenity": "atm",
        "brand": "State Bank of India",
        "brand:en": "State Bank of India",
        "brand:wikidata": "Q1340361",
        "brand:wikipedia": "en:State Bank of India",
        "currency:INR": "yes",
        "drive_through": "no",
        "indoor": "yes",
        "name": "State Bank of India",
        "note": "Contributors are requested to not edit the \"brand\", \"brand:en\", \"brand:wikidata\", \"operator\", \"operator:en\" and \"operator:wikidata\" tags. (2025/03/03)",
        "opening_hours": "24/7",
        "operator": "State Bank of India",
        "operator:en": "State Bank of India",
        "operator:wikidata": "Q1340361",
        "operator:wikipedia": "en:State Bank of India",
        "short_name": "SBI"
      },
      "geometry": {
        "type": "Point",
        "coordinates": [
          78.693201,
          10.8236668
        ]
      },
      "id": "node/4817784530"
    },
    {
      "type": "Feature",
      "properties": {
        "@id": "node/4818481130",
        "amenity": "cafe",
        "name": "Thental Tea stall"
      },
      "geometry": {
        "type": "Point",
        "coordinates": [
          78.7430421,
          10.9283645
        ]
      },
      "id": "node/4818481130"
    },
    {
      "type": "Feature",
      "properties": {
        "@id": "node/4826304594",
        "amenity": "restaurant",
        "name": "Maghai restaurant"
      },
      "geometry": {
        "type": "Point",
        "coordinates": [
          78.6949,
          10.8212584
        ]
      },
      "id": "node/4826304594"
    },
    {
      "type": "Feature",
      "properties": {
        "@id": "node/4832818692",
        "name": "Kavi motors Yamaha",
        "shop": "motorcycle"
      },
      "geometry": {
        "type": "Point",
        "coordinates": [
          78.684479,
          10.8023
        ]
      },
      "id": "node/4832818692"
    },
    {
      "type": "Feature",
      "properties": {
        "@id": "node/4832818693",
        "amenity": "bank",
        "brand": "Indian Bank",
        "brand:wikidata": "Q2003789",
        "brand:wikipedia": "en:Indian Bank",
        "name": "Indian Bank",
        "name:en": "Indian Bank",
        "website": "https://www.indianbank.in/"
      },
      "geometry": {
        "type": "Point",
        "coordinates": [
          78.68475,
          10.802468
        ]
      },
      "id": "node/4832818693"
    },
    {
      "type": "Feature",
      "properties": {
        "@id": "node/4832818694",
        "amenity": "atm",
        "brand": "Canara Bank",
        "brand:en": "Canara Bank",
        "brand:hi": "केनरा बैंक",
        "brand:kn": "ಕೆನರಾ ಬ್ಯಾಂಕ್",
        "brand:pa": "ਕੇਨਰਾ ਬੈਂਕ",
        "brand:pnb": "کینرا بینک",
        "brand:ur": "کینرا بینک",
        "brand:wikidata": "Q2003777",
        "brand:wikipedia": "en:Canara Bank",
        "brand:wikipedia:pa": "ਕੇਨਰਾ ਬੈਂਕ",
        "name": "Canara Bank",
        "name:pa": "ਕੇਨਰਾ ਬੈਂਕ",
        "name:ur": "کینرا بینک",
        "operator": "Canara Bank",
        "operator:wikidata": "Q2003777"
      },
      "geometry": {
        "type": "Point",
        "coordinates": [
          78.6850093,
          10.8027025
        ]
      },
      "id": "node/4832818694"
    },
    {
      "type": "Feature",
      "properties": {
        "@id": "node/4832818695",
        "name": "Bread basket bakery",
        "shop": "bakery"
      },
      "geometry": {
        "type": "Point",
        "coordinates": [
          78.6857997,
          10.8036559
        ]
      },
      "id": "node/4832818695"
    },
    {
      "type": "Feature",
      "properties": {
        "@id": "node/4832818696",
        "amenity": "bank",
        "brand": "Indian Overseas Bank",
        "brand:wikidata": "Q2003611",
        "brand:wikipedia": "en:Indian Overseas Bank",
        "name": "Indian Overseas Bank",
        "name:en": "Indian Overseas Bank",
        "short_name": "IOB",
        "website": "https://www.iob.in"
      },
      "geometry": {
        "type": "Point",
        "coordinates": [
          78.685554,
          10.8052877
        ]
      },
      "id": "node/4832818696"
    },
    {
      "type": "Feature",
      "properties": {
        "@id": "node/4832818698",
        "name": "Mobile store",
        "shop": "mobile_phone"
      },
      "geometry": {
        "type": "Point",
        "coordinates": [
          78.6835251,
          10.8067432
        ]
      },
      "id": "node/4832818698"
    },
    {
      "type": "Feature",
      "properties": {
        "@id": "node/4878931282",
        "air_conditioning": "yes",
        "amenity": "restaurant",
        "bar": "no",
        "brand": "Banana Leaf",
        "check_date": "2022-10-28",
        "cuisine": "regional",
        "diet:non-vegetarian": "yes",
        "highchair": "no",
        "name": "Banana Leaf",
        "outdoor_seating": "no",
        "payment:cash": "yes",
        "payment:credit_cards": "yes",
        "payment:debit_cards": "yes",
        "payment:upi": "yes",
        "smoking": "no",
        "source": "survey",
        "takeaway": "yes"
      },
      "geometry": {
        "type": "Point",
        "coordinates": [
          78.7541997,
          10.7969858
        ]
      },
      "id": "node/4878931282"
    },
    {
      "type": "Feature",
      "properties": {
        "@id": "node/4878934408",
        "name": "Elite Rexine House",
        "shop": "trade"
      },
      "geometry": {
        "type": "Point",
        "coordinates": [
          78.6927969,
          10.8205895
        ]
      },
      "id": "node/4878934408"
    },
    {
      "type": "Feature",
      "properties": {
        "@id": "node/4878936355",
        "description": "Woman's styling saloon",
        "name": "Lemon Elegance",
        "shop": "beauty"
      },
      "geometry": {
        "type": "Point",
        "coordinates": [
          78.754621,
          10.7969499
        ]
      },
      "id": "node/4878936355"
    },
    {
      "type": "Feature",
      "properties": {
        "@id": "node/4878936360",
        "amenity": "cafe",
        "name": "Mala kadai"
      },
      "geometry": {
        "type": "Point",
        "coordinates": [
          78.9155685,
          10.7229389
        ]
      },
      "id": "node/4878936360"
    },
    {
      "type": "Feature",
      "properties": {
        "@id": "node/4878937206",
        "amenity": "bank",
        "branch": "Thiruverumbur",
        "brand": "Karnataka Bank",
        "brand:wikidata": "Q2042632",
        "brand:wikipedia": "en:Karnataka Bank",
        "name": "Karnataka Bank"
      },
      "geometry": {
        "type": "Point",
        "coordinates": [
          78.7547029,
          10.7968647
        ]
      },
      "id": "node/4878937206"
    },
    {
      "type": "Feature",
      "properties": {
        "@id": "node/4878937227",
        "brand": "asianpaints",
        "name": "MJMK Agencies",
        "shop": "paint"
      },
      "geometry": {
        "type": "Point",
        "coordinates": [
          78.8008611,
          10.7677732
        ]
      },
      "id": "node/4878937227"
    },
    {
      "type": "Feature",
      "properties": {
        "@id": "node/4878938451",
        "amenity": "restaurant",
        "name": "Kerala Burger Cafe"
      },
      "geometry": {
        "type": "Point",
        "coordinates": [
          78.7545636,
          10.7969813
        ]
      },
      "id": "node/4878938451"
    },
    {
      "type": "Feature",
      "properties": {
        "@id": "node/4878938457",
        "name": "Shoba electrical",
        "shop": "electrical"
      },
      "geometry": {
        "type": "Point",
        "coordinates": [
          78.6928597,
          10.8214421
        ]
      },
      "id": "node/4878938457"
    },
    {
      "type": "Feature",
      "properties": {
        "@id": "node/4951079185",
        "amenity": "restaurant",
        "indoor_seating": "yes",
        "name": "Hotel Anapurna",
        "outdoor_seating": "no"
      },
      "geometry": {
        "type": "Point",
        "coordinates": [
          79.1127591,
          10.7485922
        ]
      },
      "id": "node/4951079185"
    },
    {
      "type": "Feature",
      "properties": {
        "@id": "node/4951080272",
        "amenity": "hospital",
        "name": "Meenakshi Hospital"
      },
      "geometry": {
        "type": "Point",
        "coordinates": [
          79.1117927,
          10.7454732
        ]
      },
      "id": "node/4951080272"
    },
    {
      "type": "Feature",
      "properties": {
        "@id": "node/4951080821",
        "amenity": "hospital",
        "branch": "Kulithilai",
        "brand": "Government Hospital",
        "healthcare": "hospital",
        "name": "Government Hospital"
      },
      "geometry": {
        "type": "Point",
        "coordinates": [
          78.4146362,
          10.9428055
        ]
      },
      "id": "node/4951080821"
    },
    {
      "type": "Feature",
      "properties": {
        "@id": "node/4951080823",
        "addr:city": "Thanjavur (தஞ்சாவூர் )",
        "addr:street": "Trichy Thanjavur Road",
        "amenity": "restaurant",
        "brand": "KMS Hakkim",
        "name": "Kalyana Briyani"
      },
      "geometry": {
        "type": "Point",
        "coordinates": [
          79.1098084,
          10.744284
        ]
      },
      "id": "node/4951080823"
    },
    {
      "type": "Feature",
      "properties": {
        "@id": "node/4951080827",
        "amenity": "cafe",
        "name": "Grill Chicks"
      },
      "geometry": {
        "type": "Point",
        "coordinates": [
          79.1270259,
          10.7612027
        ]
      },
      "id": "node/4951080827"
    },
    {
      "type": "Feature",
      "properties": {
        "@id": "node/5003288803",
        "amenity": "cafe",
        "name": "Hathivilas"
      },
      "geometry": {
        "type": "Point",
        "coordinates": [
          78.6967855,
          10.8160242
        ]
      },
      "id": "node/5003288803"
    },
    {
      "type": "Feature",
      "properties": {
        "@id": "node/5003288805",
        "addr:housenumber": "235",
        "addr:street": "West Boulevard road",
        "check_date": "2024-04-02",
        "name": "Indian Timber Trading Company",
        "shop": "trade",
        "source": "survey",
        "trade": "timber"
      },
      "geometry": {
        "type": "Point",
        "coordinates": [
          78.6941197,
          10.8167053
        ]
      },
      "id": "node/5003288805"
    },
    {
      "type": "Feature",
      "properties": {
        "@id": "node/5003289359",
        "amenity": "fast_food",
        "brand": "Marrybrown",
        "brand:wikidata": "Q3380773",
        "brand:wikipedia": "en:Marrybrown",
        "cuisine": "malaysian;chicken;burger",
        "diet:halal": "yes",
        "name": "Marrybrown",
        "takeaway": "yes"
      },
      "geometry": {
        "type": "Point",
        "coordinates": [
          78.6855052,
          10.8281663
        ]
      },
      "id": "node/5003289359"
    },
    {
      "type": "Feature",
      "properties": {
        "@id": "node/5003289361",
        "amenity": "restaurant",
        "description": "Free home delivery",
        "name": "Al-Habibi Fried Chicken",
        "phone": "+91-431-4030502"
      },
      "geometry": {
        "type": "Point",
        "coordinates": [
          78.6858728,
          10.8313856
        ]
      },
      "id": "node/5003289361"
    },
    {
      "type": "Feature",
      "properties": {
        "@id": "node/5003289363",
        "amenity": "cafe",
        "name": "Sri Lakshmi cafe"
      },
      "geometry": {
        "type": "Point",
        "coordinates": [
          78.6878474,
          10.8370425
        ]
      },
      "id": "node/5003289363"
    },
    {
      "type": "Feature",
      "properties": {
        "@id": "node/5003289364",
        "name": "Hot Chips",
        "shop": "bakery"
      },
      "geometry": {
        "type": "Point",
        "coordinates": [
          78.6925352,
          10.8330114
        ]
      },
      "id": "node/5003289364"
    },
    {
      "type": "Feature",
      "properties": {
        "@id": "node/5003289365",
        "name": "Lalitha Jewellery",
        "shop": "jewelry"
      },
      "geometry": {
        "type": "Point",
        "coordinates": [
          78.6920221,
          10.8329175
        ]
      },
      "id": "node/5003289365"
    },
    {
      "type": "Feature",
      "properties": {
        "@id": "node/5003289407",
        "name": "MP traders (rice wholesale)",
        "shop": "farm"
      },
      "geometry": {
        "type": "Point",
        "coordinates": [
          78.6971997,
          10.8150897
        ]
      },
      "id": "node/5003289407"
    },
    {
      "type": "Feature",
      "properties": {
        "@id": "node/5003289408",
        "amenity": "cafe",
        "name": "Pucca Tea stall and cooldrinks"
      },
      "geometry": {
        "type": "Point",
        "coordinates": [
          78.696784,
          10.81599
        ]
      },
      "id": "node/5003289408"
    },
    {
      "type": "Feature",
      "properties": {
        "@id": "node/5003291556",
        "air_conditioning": "no",
        "amenity": "restaurant",
        "bar": "no",
        "check_date": "2022-10-28",
        "diet:vegetarian": "yes",
        "highchair": "no",
        "name": "Hotel Chitra",
        "outdoor_seating": "no",
        "source": "survey",
        "takeaway": "yes"
      },
      "geometry": {
        "type": "Point",
        "coordinates": [
          78.7539862,
          10.7976722
        ]
      },
      "id": "node/5003291556"
    },
    {
      "type": "Feature",
      "properties": {
        "@id": "node/5003291560",
        "name": "Santhi traders (rice wholesale)",
        "shop": "farm"
      },
      "geometry": {
        "type": "Point",
        "coordinates": [
          78.6971268,
          10.8150767
        ]
      },
      "id": "node/5003291560"
    },
    {
      "type": "Feature",
      "properties": {
        "@id": "node/5003295021",
        "addr:block": "Tiruchirapalli Corp",
        "addr:district": "Tiruchirappalli",
        "addr:full": "No.B-17, (Behind) Yes Bank, Trichy, 11-B Cross Thillai Nagar",
        "addr:postcode": "620018",
        "addr:state": "Tamil Nadu",
        "amenity": "hospital",
        "healthcare": "hospital",
        "name": "Tiruchy Medical Center & Hospitals",
        "source": "OpenGovernmentData"
      },
      "geometry": {
        "type": "Point",
        "coordinates": [
          78.6817074,
          10.8181109
        ]
      },
      "id": "node/5003295021"
    },
    {
      "type": "Feature",
      "properties": {
        "@id": "node/5038250838",
        "amenity": "hospital",
        "healthcare": "hospital",
        "name": "Mahatma eye hospital"
      },
      "geometry": {
        "type": "Point",
        "coordinates": [
          78.6850014,
          10.8181383
        ]
      },
      "id": "node/5038250838"
    },
    {
      "type": "Feature",
      "properties": {
        "@id": "node/5038250842",
        "amenity": "restaurant",
        "diet:vegetarian": "yes",
        "name": "Hotel Suvai"
      },
      "geometry": {
        "type": "Point",
        "coordinates": [
          78.6921956,
          10.8328131
        ]
      },
      "id": "node/5038250842"
    },
    {
      "type": "Feature",
      "properties": {
        "@id": "node/5038251107",
        "name": "S V R readymades and textiles",
        "shop": "mall"
      },
      "geometry": {
        "type": "Point",
        "coordinates": [
          78.6923233,
          10.8327155
        ]
      },
      "id": "node/5038251107"
    },
    {
      "type": "Feature",
      "properties": {
        "@id": "node/5079394857",
        "amenity": "restaurant",
        "name": "Sindhoor Hall"
      },
      "geometry": {
        "type": "Point",
        "coordinates": [
          78.6806701,
          10.7964162
        ]
      },
      "id": "node/5079394857"
    },
    {
      "type": "Feature",
      "properties": {
        "@id": "node/5079396732",
        "brand": "Tata",
        "brand:wikidata": "Q188514",
        "name": "Tata",
        "shop": "car"
      },
      "geometry": {
        "type": "Point",
        "coordinates": [
          78.6461603,
          10.746656
        ]
      },
      "id": "node/5079396732"
    },
    {
      "type": "Feature",
      "properties": {
        "@id": "node/5079396741",
        "amenity": "restaurant",
        "name": "Star Biriyani"
      },
      "geometry": {
        "type": "Point",
        "coordinates": [
          78.7481734,
          10.9316525
        ]
      },
      "id": "node/5079396741"
    },
    {
      "type": "Feature",
      "properties": {
        "@id": "node/5079396744",
        "amenity": "restaurant",
        "name": "Kitchen and Recreation"
      },
      "geometry": {
        "type": "Point",
        "coordinates": [
          78.7516165,
          10.9565166
        ]
      },
      "id": "node/5079396744"
    },
    {
      "type": "Feature",
      "properties": {
        "@id": "node/5079396758",
        "amenity": "restaurant",
        "name": "Chettinad mess"
      },
      "geometry": {
        "type": "Point",
        "coordinates": [
          78.7423637,
          10.928539
        ]
      },
      "id": "node/5079396758"
    },
    {
      "type": "Feature",
      "properties": {
        "@id": "node/5079396773",
        "addr:housenumber": "18",
        "name": "Andavar Auto Stores",
        "shop": "car_parts"
      },
      "geometry": {
        "type": "Point",
        "coordinates": [
          78.6889473,
          10.7853427
        ]
      },
      "id": "node/5079396773"
    },
    {
      "type": "Feature",
      "properties": {
        "@id": "node/5079396895",
        "amenity": "restaurant",
        "name": "Sangeethas"
      },
      "geometry": {
        "type": "Point",
        "coordinates": [
          78.7482158,
          10.9323352
        ]
      },
      "id": "node/5079396895"
    },
    {
      "type": "Feature",
      "properties": {
        "@id": "node/5092537123",
        "name": "Gayathri saw mill",
        "shop": "hardware"
      },
      "geometry": {
        "type": "Point",
        "coordinates": [
          78.7401936,
          10.8029791
        ]
      },
      "id": "node/5092537123"
    },
    {
      "type": "Feature",
      "properties": {
        "@id": "node/5092541261",
        "name": "Abba maligai",
        "shop": "houseware"
      },
      "geometry": {
        "type": "Point",
        "coordinates": [
          78.6969482,
          10.8162703
        ]
      },
      "id": "node/5092541261"
    },
    {
      "type": "Feature",
      "properties": {
        "@id": "node/5092541262",
        "name": "K S patel & sons Timber plywood",
        "shop": "hardware"
      },
      "geometry": {
        "type": "Point",
        "coordinates": [
          78.7112664,
          10.8132474
        ]
      },
      "id": "node/5092541262"
    },
    {
      "type": "Feature",
      "properties": {
        "@id": "node/5092541263",
        "amenity": "fast_food",
        "name": "Shri Krishna hot chips"
      },
      "geometry": {
        "type": "Point",
        "coordinates": [
          78.7362426,
          10.8043598
        ]
      },
      "id": "node/5092541263"
    },
    {
      "type": "Feature",
      "properties": {
        "@id": "node/5092541372",
        "name": "S K Trading",
        "shop": "hardware"
      },
      "geometry": {
        "type": "Point",
        "coordinates": [
          78.7256469,
          10.8079815
        ]
      },
      "id": "node/5092541372"
    },
    {
      "type": "Feature",
      "properties": {
        "@id": "node/5092541373",
        "name": "Sriraj TVS",
        "shop": "car_parts"
      },
      "geometry": {
        "type": "Point",
        "coordinates": [
          78.7555003,
          10.7968652
        ]
      },
      "id": "node/5092541373"
    },
    {
      "type": "Feature",
      "properties": {
        "@id": "node/5092541488",
        "name": "Akshaya Bakery",
        "name:ta": "அக்சயா பேக்கரி",
        "shop": "bakery"
      },
      "geometry": {
        "type": "Point",
        "coordinates": [
          78.7007711,
          10.8146286
        ]
      },
      "id": "node/5092541488"
    },
    {
      "type": "Feature",
      "properties": {
        "@id": "node/5092541489",
        "name": "Naveen hardware and electricals",
        "shop": "hardware"
      },
      "geometry": {
        "type": "Point",
        "coordinates": [
          78.7227119,
          10.8095592
        ]
      },
      "id": "node/5092541489"
    },
    {
      "type": "Feature",
      "properties": {
        "@id": "node/5092541490",
        "brand": "Naturals",
        "brand:wikidata": "Q125728261",
        "name": "Naturals",
        "shop": "beauty"
      },
      "geometry": {
        "type": "Point",
        "coordinates": [
          78.7591491,
          10.795302
        ]
      },
      "id": "node/5092541490"
    },
    {
      "type": "Feature",
      "properties": {
        "@id": "node/5198417291",
        "name": "Kaveri super market",
        "shop": "supermarket"
      },
      "geometry": {
        "type": "Point",
        "coordinates": [
          78.7638966,
          10.7929778
        ]
      },
      "id": "node/5198417291"
    },
    {
      "type": "Feature",
      "properties": {
        "@id": "node/5206031776",
        "amenity": "restaurant",
        "name": "Sri Krishna Bhavan"
      },
      "geometry": {
        "type": "Point",
        "coordinates": [
          78.691265,
          10.8611425
        ]
      },
      "id": "node/5206031776"
    },
    {
      "type": "Feature",
      "properties": {
        "@id": "node/5224414466",
        "amenity": "cafe",
        "name": "NVS tea stall"
      },
      "geometry": {
        "type": "Point",
        "coordinates": [
          78.7587844,
          10.9543133
        ]
      },
      "id": "node/5224414466"
    },
    {
      "type": "Feature",
      "properties": {
        "@id": "node/5224414469",
        "name": "Jai sports and Games",
        "shop": "sports",
        "sport": "multi"
      },
      "geometry": {
        "type": "Point",
        "coordinates": [
          78.6931085,
          10.824439
        ]
      },
      "id": "node/5224414469"
    },
    {
      "type": "Feature",
      "properties": {
        "@id": "node/5224414472",
        "amenity": "cafe",
        "description": "Tea, coffee, fresh juice and Badam milk",
        "name": "ARP Tea and Coffee"
      },
      "geometry": {
        "type": "Point",
        "coordinates": [
          78.7134051,
          10.8132009
        ]
      },
      "id": "node/5224414472"
    },
    {
      "type": "Feature",
      "properties": {
        "@id": "node/5224415321",
        "addr:housenumber": "9",
        "name": "Insys Solutions",
        "phone": "+919843079797",
        "shop": "computer"
      },
      "geometry": {
        "type": "Point",
        "coordinates": [
          78.7584444,
          10.7957484
        ]
      },
      "id": "node/5224415321"
    },
    {
      "type": "Feature",
      "properties": {
        "@id": "node/5224415327",
        "name": "J.A.S. Ramdas fruit shop",
        "shop": "greengrocer"
      },
      "geometry": {
        "type": "Point",
        "coordinates": [
          78.6925879,
          10.832508
        ]
      },
      "id": "node/5224415327"
    },
    {
      "type": "Feature",
      "properties": {
        "@id": "node/5224415328",
        "name": "Metro Furnitures",
        "shop": "furniture"
      },
      "geometry": {
        "type": "Point",
        "coordinates": [
          78.6929974,
          10.8216311
        ]
      },
      "id": "node/5224415328"
    },
    {
      "type": "Feature",
      "properties": {
        "@id": "node/5224415330",
        "amenity": "cafe",
        "description": "tea, coffee, fresh juice and Badam milk",
        "name": "ARP Tea and coffee"
      },
      "geometry": {
        "type": "Point",
        "coordinates": [
          78.7127761,
          10.8133201
        ]
      },
      "id": "node/5224415330"
    },
    {
      "type": "Feature",
      "properties": {
        "@id": "node/5224415520",
        "amenity": "hospital",
        "brand": "SRM",
        "healthcare": "hospital",
        "name": "Accident and Emergency"
      },
      "geometry": {
        "type": "Point",
        "coordinates": [
          78.755235,
          10.9537896
        ]
      },
      "id": "node/5224415520"
    },
    {
      "type": "Feature",
      "properties": {
        "@id": "node/5224415521",
        "name": "Iyengar Bakery",
        "shop": "bakery"
      },
      "geometry": {
        "type": "Point",
        "coordinates": [
          78.6930935,
          10.8310805
        ]
      },
      "id": "node/5224415521"
    },
    {
      "type": "Feature",
      "properties": {
        "@id": "node/5232267667",
        "addr:city": "Thanjavur",
        "addr:postcode": "613001",
        "addr:street": "Mary's Corner",
        "name": "Krishna Sweets",
        "shop": "bakery"
      },
      "geometry": {
        "type": "Point",
        "coordinates": [
          79.1408259,
          10.7759326
        ]
      },
      "id": "node/5232267667"
    },
    {
      "type": "Feature",
      "properties": {
        "@id": "node/5232295039",
        "addr:city": "Thanjavur",
        "addr:street": "VOC Nagar",
        "amenity": "bank",
        "atm": "yes",
        "brand": "State Bank of India",
        "brand:wikidata": "Q1340361",
        "brand:wikipedia": "en:State Bank of India",
        "name": "State Bank of India",
        "operator": "Government of India",
        "short_name": "SBI"
      },
      "geometry": {
        "type": "Point",
        "coordinates": [
          79.1336885,
          10.7730368
        ]
      },
      "id": "node/5232295039"
    },
    {
      "type": "Feature",
      "properties": {
        "@id": "node/5232309655",
        "addr:city": "Thanjavur",
        "addr:street": "Membalam",
        "name": "Opal Systems",
        "shop": "computer"
      },
      "geometry": {
        "type": "Point",
        "coordinates": [
          79.1337329,
          10.7817689
        ]
      },
      "id": "node/5232309655"
    },
    {
      "type": "Feature",
      "properties": {
        "@id": "node/5232319662",
        "name": "Murugan Books & Stationaries",
        "shop": "books"
      },
      "geometry": {
        "type": "Point",
        "coordinates": [
          79.1358424,
          10.7864398
        ]
      },
      "id": "node/5232319662"
    },
    {
      "type": "Feature",
      "properties": {
        "@id": "node/5232319663",
        "addr:city": "Thanjavur",
        "addr:street": "South Rampart Street",
        "name": "Siva Chidhambaram Pillai Jewellary",
        "shop": "jewelry"
      },
      "geometry": {
        "type": "Point",
        "coordinates": [
          79.134812,
          10.7867465
        ]
      },
      "id": "node/5232319663"
    },
    {
      "type": "Feature",
      "properties": {
        "@id": "node/5232319664",
        "addr:city": "Thanjavur",
        "addr:street": "South Rampart Street",
        "name": "Malliga Jewellary",
        "shop": "jewelry"
      },
      "geometry": {
        "type": "Point",
        "coordinates": [
          79.1365447,
          10.7871653
        ]
      },
      "id": "node/5232319664"
    },
    {
      "type": "Feature",
      "properties": {
        "@id": "node/5232330081",
        "addr:city": "Thanjavur",
        "addr:street": "East Rampart Street",
        "amenity": "cafe",
        "name": "Anbu Milk Cafe"
      },
      "geometry": {
        "type": "Point",
        "coordinates": [
          79.1383552,
          10.7875809
        ]
      },
      "id": "node/5232330081"
    },
    {
      "type": "Feature",
      "properties": {
        "@id": "node/5232330082",
        "addr:city": "Thanjavur",
        "name": "Anandham Silks",
        "shop": "clothes"
      },
      "geometry": {
        "type": "Point",
        "coordinates": [
          79.1390604,
          10.7867813
        ]
      },
      "id": "node/5232330082"
    },
    {
      "type": "Feature",
      "properties": {
        "@id": "node/5232347484",
        "air_conditioning": "yes",
        "brand": "Joyalukkas",
        "brand:wikidata": "Q6297357",
        "brand:wikipedia": "en:Joyalukkas",
        "check_date": "2025-02-12",
        "name": "Joyalukkas",
        "payment:cash": "yes",
        "payment:credit_cards": "yes",
        "payment:debit_cards": "yes",
        "shop": "jewelry"
      },
      "geometry": {
        "type": "Point",
        "coordinates": [
          79.138181,
          10.7877976
        ]
      },
      "id": "node/5232347484"
    },
    {
      "type": "Feature",
      "properties": {
        "@id": "node/5232347485",
        "addr:city": "Thanjavur",
        "addr:street": "East Main Street (கிழக்கு வீதி)",
        "name": "Nataraja Silks",
        "shop": "clothes"
      },
      "geometry": {
        "type": "Point",
        "coordinates": [
          79.1382063,
          10.7881279
        ]
      },
      "id": "node/5232347485"
    },
    {
      "type": "Feature",
      "properties": {
        "@id": "node/5232347486",
        "addr:city": "Thanjavur",
        "addr:street": "East Main Street (கிழக்கு வீதி)",
        "name": "Grand Shoping Mall",
        "shop": "gift"
      },
      "geometry": {
        "type": "Point",
        "coordinates": [
          79.1381012,
          10.78857
        ]
      },
      "id": "node/5232347486"
    },
    {
      "type": "Feature",
      "properties": {
        "@id": "node/5232347487",
        "amenity": "cafe",
        "name": "Divya Sweets and Cafe"
      },
      "geometry": {
        "type": "Point",
        "coordinates": [
          79.1382266,
          10.7892418
        ]
      },
      "id": "node/5232347487"
    },
    {
      "type": "Feature",
      "properties": {
        "@id": "node/5232347489",
        "addr:district": "Thanjavur",
        "addr:full": "Rajakrisnapuram, Thanjavur",
        "addr:postcode": "613001",
        "addr:state": "Tamil Nadu",
        "amenity": "cafe;hospital",
        "name": "Bombay Sweets;Ramanathan hospital",
        "source": "Local Knowledge"
      },
      "geometry": {
        "type": "Point",
        "coordinates": [
          79.1375194,
          10.7875292
        ]
      },
      "id": "node/5232347489"
    },
    {
      "type": "Feature",
      "properties": {
        "@id": "node/5232351757",
        "addr:city": "Thanjavur",
        "addr:street": "East Rampart Street",
        "air_conditioning": "yes",
        "check_date": "2025-02-12",
        "name": "Kalyan Jewellary",
        "payment:cash": "yes",
        "payment:credit_cards": "yes",
        "payment:debit_cards": "yes",
        "shop": "jewelry"
      },
      "geometry": {
        "type": "Point",
        "coordinates": [
          79.1386226,
          10.7880607
        ]
      },
      "id": "node/5232351757"
    },
    {
      "type": "Feature",
      "properties": {
        "@id": "node/5232351758",
        "air_conditioning": "yes",
        "brand": "Jos Alukkas",
        "brand:wikidata": "Q6279093",
        "brand:wikipedia": "en:Jos Alukka & Sons",
        "check_date": "2025-02-12",
        "name": "Jos Alukkas",
        "payment:cash": "yes",
        "payment:credit_cards": "yes",
        "payment:debit_cards": "yes",
        "shop": "jewelry"
      },
      "geometry": {
        "type": "Point",
        "coordinates": [
          79.1387018,
          10.7880984
        ]
      },
      "id": "node/5232351758"
    },
    {
      "type": "Feature",
      "properties": {
        "@id": "node/5232351759",
        "name": "Malabar Jewells",
        "shop": "jewelry"
      },
      "geometry": {
        "type": "Point",
        "coordinates": [
          79.1388646,
          10.7882973
        ]
      },
      "id": "node/5232351759"
    },
    {
      "type": "Feature",
      "properties": {
        "@id": "node/5232363023",
        "addr:city": "Thanjavur",
        "addr:street": "Gandhiji Road",
        "name": "Lucky Silks",
        "shop": "clothes"
      },
      "geometry": {
        "type": "Point",
        "coordinates": [
          79.1387625,
          10.7866405
        ]
      },
      "id": "node/5232363023"
    },
    {
      "type": "Feature",
      "properties": {
        "@id": "node/5232363024",
        "addr:city": "Thanjavur",
        "addr:street": "Gandhiji Road",
        "name": "Arasu Jewells",
        "shop": "jewelry"
      },
      "geometry": {
        "type": "Point",
        "coordinates": [
          79.1391969,
          10.783694
        ]
      },
      "id": "node/5232363024"
    },
    {
      "type": "Feature",
      "properties": {
        "@id": "node/5232368190",
        "name": "Karthik Metals",
        "shop": "yes"
      },
      "geometry": {
        "type": "Point",
        "coordinates": [
          79.138951,
          10.7825572
        ]
      },
      "id": "node/5232368190"
    },
    {
      "type": "Feature",
      "properties": {
        "@id": "node/5232368191",
        "addr:city": "Thanjavur",
        "addr:street": "Athupalam",
        "name": "Raymond",
        "shop": "clothes"
      },
      "geometry": {
        "type": "Point",
        "coordinates": [
          79.1393339,
          10.782541
        ]
      },
      "id": "node/5232368191"
    },
    {
      "type": "Feature",
      "properties": {
        "@id": "node/5232368193",
        "addr:city": "Thanjavur",
        "addr:postcode": "613001",
        "addr:street": "Railady",
        "amenity": "restaurant",
        "diet:vegetarian": "yes",
        "name": "Ganesh Bhavan"
      },
      "geometry": {
        "type": "Point",
        "coordinates": [
          79.1405644,
          10.778297
        ]
      },
      "id": "node/5232368193"
    },
    {
      "type": "Feature",
      "properties": {
        "@id": "node/5232369316",
        "addr:city": "Thanjavur",
        "addr:postcode": "613001",
        "addr:street": "Gandhiji Road",
        "amenity": "fast_food",
        "brand": "Domino's",
        "brand:ks": "ڈومینوز",
        "brand:pa": "ਡੋਮੀਨੋਜ਼",
        "brand:ur": "ڈومینوز",
        "brand:wikidata": "Q839466",
        "brand:wikipedia": "en:Domino's Pizza",
        "cuisine": "pizza",
        "name": "Domino's",
        "name:ks": "ڈومینوز",
        "name:pa": "ਡੋਮੀਨੋਜ਼",
        "name:ur": "ڈومینوز",
        "takeaway": "yes"
      },
      "geometry": {
        "type": "Point",
        "coordinates": [
          79.1393176,
          10.7826103
        ]
      },
      "id": "node/5232369316"
    },
    {
      "type": "Feature",
      "properties": {
        "@id": "node/5232374765",
        "addr:city": "Thanjavur",
        "addr:postcode": "613001",
        "addr:street": "Gandhiji Road",
        "branch": "Gold",
        "brand": "Tanishq",
        "brand:en": "Tanishq",
        "brand:wikidata": "Q13117711",
        "brand:wikipedia": "en:Tanishq",
        "name": "Tanishq",
        "name:en": "Tanishq",
        "operator": "TATA Groups",
        "shop": "jewelry"
      },
      "geometry": {
        "type": "Point",
        "coordinates": [
          79.1390555,
          10.7843219
        ]
      },
      "id": "node/5232374765"
    },
    {
      "type": "Feature",
      "properties": {
        "@id": "node/5232946627",
        "addr:city": "Punalkulam",
        "amenity": "bank",
        "atm": "yes",
        "brand": "Punjab National Bank",
        "brand:wikidata": "Q2743499",
        "name": "Punjab National Bank"
      },
      "geometry": {
        "type": "Point",
        "coordinates": [
          79.0513176,
          10.6574074
        ]
      },
      "id": "node/5232946627"
    },
    {
      "type": "Feature",
      "properties": {
        "@id": "node/5232966360",
        "addr:city": "Thirukkanurpatti",
        "addr:street": "4way road",
        "amenity": "cafe",
        "name": "Ayyangran Coffee"
      },
      "geometry": {
        "type": "Point",
        "coordinates": [
          79.0851108,
          10.7057199
        ]
      },
      "id": "node/5232966360"
    },
    {
      "type": "Feature",
      "properties": {
        "@id": "node/5234610587",
        "amenity": "bank",
        "name": "TDCC bank"
      },
      "geometry": {
        "type": "Point",
        "coordinates": [
          78.6967657,
          10.8169929
        ]
      },
      "id": "node/5234610587"
    },
    {
      "type": "Feature",
      "properties": {
        "@id": "node/5234610597",
        "amenity": "atm",
        "brand": "HDFC Bank",
        "brand:en": "HDFC Bank",
        "brand:wikidata": "Q631047",
        "brand:wikipedia": "en:HDFC Bank",
        "currency:INR": "yes",
        "drive_through": "no",
        "indoor": "yes",
        "name": "HDFC Bank",
        "note": "Contributors are requested to not edit the \"brand\", \"brand:en\", \"brand:wikidata\", \"operator\", \"operator:en\" and \"operator:wikidata\" tags. (2025/03/03)",
        "opening_hours": "24/7",
        "operator": "HDFC Bank",
        "operator:en": "HDFC Bank",
        "operator:wikidata": "Q631047",
        "operator:wikipedia": "en:HDFC Bank",
        "short_name": "HDFC"
      },
      "geometry": {
        "type": "Point",
        "coordinates": [
          78.694184,
          10.813923
        ]
      },
      "id": "node/5234610597"
    },
    {
      "type": "Feature",
      "properties": {
        "@id": "node/5234610603",
        "name": "sanathana mahal",
        "shop": "mall"
      },
      "geometry": {
        "type": "Point",
        "coordinates": [
          78.6934605,
          10.8152978
        ]
      },
      "id": "node/5234610603"
    },
    {
      "type": "Feature",
      "properties": {
        "@id": "node/5234626723",
        "amenity": "bank",
        "brand": "Karur Vysya Bank",
        "brand:wikidata": "Q6373724",
        "check_date": "2024-04-02",
        "name": "Karur Vysya Bank",
        "source": "survey"
      },
      "geometry": {
        "type": "Point",
        "coordinates": [
          78.6938589,
          10.8180175
        ]
      },
      "id": "node/5234626723"
    },
    {
      "type": "Feature",
      "properties": {
        "@id": "node/5234626727",
        "amenity": "bank",
        "brand": "State Bank of India",
        "brand:wikidata": "Q1340361",
        "brand:wikipedia": "en:State Bank of India",
        "name": "State Bank of India",
        "short_name": "SBI"
      },
      "geometry": {
        "type": "Point",
        "coordinates": [
          78.6895379,
          10.8184917
        ]
      },
      "id": "node/5234626727"
    },
    {
      "type": "Feature",
      "properties": {
        "@id": "node/5234626728",
        "amenity": "bank",
        "brand": "State Bank of India",
        "brand:wikidata": "Q1340361",
        "brand:wikipedia": "en:State Bank of India",
        "name": "State Bank of India",
        "short_name": "SBI"
      },
      "geometry": {
        "type": "Point",
        "coordinates": [
          78.6885455,
          10.8183383
        ]
      },
      "id": "node/5234626728"
    },
    {
      "type": "Feature",
      "properties": {
        "@id": "node/5234663133",
        "name": "murugan shop",
        "shop": "yes"
      },
      "geometry": {
        "type": "Point",
        "coordinates": [
          78.6836424,
          10.8166917
        ]
      },
      "id": "node/5234663133"
    },
    {
      "type": "Feature",
      "properties": {
        "@id": "node/5234663134",
        "name": "seventh systems",
        "shop": "yes"
      },
      "geometry": {
        "type": "Point",
        "coordinates": [
          78.6833581,
          10.8169973
        ]
      },
      "id": "node/5234663134"
    },
    {
      "type": "Feature",
      "properties": {
        "@id": "node/5234663135",
        "amenity": "bank",
        "name": "uiijivan small finance bank"
      },
      "geometry": {
        "type": "Point",
        "coordinates": [
          78.6834493,
          10.8171923
        ]
      },
      "id": "node/5234663135"
    },
    {
      "type": "Feature",
      "properties": {
        "@id": "node/5234663136",
        "name": "maahaveer stores",
        "shop": "yes"
      },
      "geometry": {
        "type": "Point",
        "coordinates": [
          78.6837068,
          10.8173372
        ]
      },
      "id": "node/5234663136"
    },
    {
      "type": "Feature",
      "properties": {
        "@id": "node/5234663139",
        "amenity": "bank",
        "brand": "Yes Bank",
        "brand:wikidata": "Q2040394",
        "brand:wikipedia": "en:Yes Bank",
        "name": "Yes Bank"
      },
      "geometry": {
        "type": "Point",
        "coordinates": [
          78.683511,
          10.8181038
        ]
      },
      "id": "node/5234663139"
    },
    {
      "type": "Feature",
      "properties": {
        "@id": "node/5234663141",
        "name": "tanish comples",
        "shop": "yes"
      },
      "geometry": {
        "type": "Point",
        "coordinates": [
          78.6827519,
          10.8178252
        ]
      },
      "id": "node/5234663141"
    },
    {
      "type": "Feature",
      "properties": {
        "@id": "node/5234663145",
        "name": "ammen comples",
        "shop": "yes"
      },
      "geometry": {
        "type": "Point",
        "coordinates": [
          78.6823255,
          10.8169084
        ]
      },
      "id": "node/5234663145"
    },
    {
      "type": "Feature",
      "properties": {
        "@id": "node/5234663146",
        "amenity": "bank",
        "brand": "Indian Bank",
        "brand:wikidata": "Q2003789",
        "brand:wikipedia": "en:Indian Bank",
        "name": "Indian Bank"
      },
      "geometry": {
        "type": "Point",
        "coordinates": [
          78.6818453,
          10.8169505
        ]
      },
      "id": "node/5234663146"
    },
    {
      "type": "Feature",
      "properties": {
        "@id": "node/5234688154",
        "amenity": "bank",
        "brand": "State Bank of India",
        "brand:wikidata": "Q1340361",
        "brand:wikipedia": "en:State Bank of India",
        "name": "State Bank of India",
        "short_name": "SBI"
      },
      "geometry": {
        "type": "Point",
        "coordinates": [
          78.6796693,
          10.8159062
        ]
      },
      "id": "node/5234688154"
    },
    {
      "type": "Feature",
      "properties": {
        "@id": "node/5234688158",
        "amenity": "bank",
        "brand": "Canara Bank",
        "brand:en": "Canara Bank",
        "brand:hi": "केनरा बैंक",
        "brand:kn": "ಕೆನರಾ ಬ್ಯಾಂಕ್",
        "brand:pa": "ਕੇਨਰਾ ਬੈਂਕ",
        "brand:pnb": "کینرا بینک",
        "brand:ur": "کینرا بینک",
        "brand:wikidata": "Q2003777",
        "brand:wikipedia": "en:Canara Bank",
        "brand:wikipedia:pa": "ਕੇਨਰਾ ਬੈਂਕ",
        "name": "Canara Bank",
        "name:en": "Canara Bank",
        "name:hi": "केनरा बैंक",
        "name:kn": "ಕೆನರಾ ಬ್ಯಾಂಕ್",
        "name:pa": "ਕੇਨਰਾ ਬੈਂਕ",
        "name:pnb": "کینرا بینک",
        "name:ur": "کینرا بینک"
      },
      "geometry": {
        "type": "Point",
        "coordinates": [
          78.6803708,
          10.8147568
        ]
      },
      "id": "node/5234688158"
    },
    {
      "type": "Feature",
      "properties": {
        "@id": "node/5234688159",
        "name": "bhss comples",
        "shop": "yes"
      },
      "geometry": {
        "type": "Point",
        "coordinates": [
          78.6789599,
          10.8154234
        ]
      },
      "id": "node/5234688159"
    },
    {
      "type": "Feature",
      "properties": {
        "@id": "node/5234732308",
        "brand": "Lifestyle",
        "brand:wikidata": "Q6545496",
        "name": "Lifestyle",
        "shop": "clothes"
      },
      "geometry": {
        "type": "Point",
        "coordinates": [
          78.6802696,
          10.8085985
        ]
      },
      "id": "node/5234732308"
    },
    {
      "type": "Feature",
      "properties": {
        "@id": "node/5234732313",
        "amenity": "hospital",
        "healthcare": "hospital",
        "name": "harijian hospital"
      },
      "geometry": {
        "type": "Point",
        "coordinates": [
          78.6810266,
          10.8076704
        ]
      },
      "id": "node/5234732313"
    },
    {
      "type": "Feature",
      "properties": {
        "@id": "node/5234732314",
        "brand": "Sony Centre",
        "brand:wikidata": "Q3437496",
        "brand:wikipedia": "en:Sony Centre",
        "name": "Sony Centre",
        "shop": "electronics"
      },
      "geometry": {
        "type": "Point",
        "coordinates": [
          78.6802729,
          10.8069196
        ]
      },
      "id": "node/5234732314"
    },
    {
      "type": "Feature",
      "properties": {
        "@id": "node/5234732315",
        "name": "mangala mahal",
        "shop": "mall"
      },
      "geometry": {
        "type": "Point",
        "coordinates": [
          78.6810695,
          10.8065059
        ]
      },
      "id": "node/5234732315"
    },
    {
      "type": "Feature",
      "properties": {
        "@id": "node/5234732320",
        "amenity": "bank",
        "name": "oriental bank"
      },
      "geometry": {
        "type": "Point",
        "coordinates": [
          78.6793475,
          10.8061581
        ]
      },
      "id": "node/5234732320"
    },
    {
      "type": "Feature",
      "properties": {
        "@id": "node/5234743117",
        "addr:block": "Tiruchirapalli Corp",
        "addr:district": "Tiruchirappalli",
        "addr:full": "No 6, Near Gajapriya Hotel, Royal Road, Cantonment, Tiruchirappalli",
        "addr:postcode": "620001",
        "addr:state": "Tamil Nadu",
        "amenity": "hospital",
        "healthcare": "hospital",
        "name": "kauvery Hospital",
        "source": "OpenGovernmentData"
      },
      "geometry": {
        "type": "Point",
        "coordinates": [
          78.6801881,
          10.8023451
        ]
      },
      "id": "node/5234743117"
    },
    {
      "type": "Feature",
      "properties": {
        "@id": "node/5234743118",
        "amenity": "restaurant",
        "name": "military Canteen"
      },
      "geometry": {
        "type": "Point",
        "coordinates": [
          78.6793207,
          10.8009705
        ]
      },
      "id": "node/5234743118"
    },
    {
      "type": "Feature",
      "properties": {
        "@id": "node/5234745923",
        "amenity": "bank",
        "brand": "State Bank of India",
        "brand:wikidata": "Q1340361",
        "brand:wikipedia": "en:State Bank of India",
        "name": "State Bank of India",
        "short_name": "SBI"
      },
      "geometry": {
        "type": "Point",
        "coordinates": [
          78.6801736,
          10.7999693
        ]
      },
      "id": "node/5234745923"
    },
    {
      "type": "Feature",
      "properties": {
        "@id": "node/5234745924",
        "name": "RKT travels",
        "shop": "travel_agency"
      },
      "geometry": {
        "type": "Point",
        "coordinates": [
          78.6806268,
          10.799216
        ]
      },
      "id": "node/5234745924"
    },
    {
      "type": "Feature",
      "properties": {
        "@id": "node/5234779867",
        "name": "wood rock shop",
        "shop": "yes"
      },
      "geometry": {
        "type": "Point",
        "coordinates": [
          78.684205,
          10.7914051
        ]
      },
      "id": "node/5234779867"
    },
    {
      "type": "Feature",
      "properties": {
        "@id": "node/5315043991",
        "name": "Anika Super Market",
        "shop": "supermarket"
      },
      "geometry": {
        "type": "Point",
        "coordinates": [
          79.1088496,
          10.7658344
        ]
      },
      "id": "node/5315043991"
    },
    {
      "type": "Feature",
      "properties": {
        "@id": "node/5338396371",
        "addr:district": "Tiruchirappalli",
        "addr:full": "34/ 1-First Cross Vn Ngar Karur Bye Pass Road, Near Chathiram Bus Stand",
        "addr:postcode": "620001",
        "addr:state": "Tamil Nadu",
        "amenity": "hospital",
        "brand": "Atlas Hospitals",
        "email": "info@atlashospitals.com",
        "emergency": "yes",
        "healthcare": "hospital",
        "name": "Atlas Hospital",
        "phone": "0431-2701248",
        "source": "OpenGovernmentData",
        "website": "https://www.atlashospitals.com/"
      },
      "geometry": {
        "type": "Point",
        "coordinates": [
          78.6906258,
          10.8333326
        ]
      },
      "id": "node/5338396371"
    },
    {
      "type": "Feature",
      "properties": {
        "@id": "node/5338397728",
        "brand": "Pantaloons",
        "brand:wikidata": "Q7131643",
        "name": "Pantaloons",
        "shop": "clothes"
      },
      "geometry": {
        "type": "Point",
        "coordinates": [
          78.6859118,
          10.8300809
        ]
      },
      "id": "node/5338397728"
    },
    {
      "type": "Feature",
      "properties": {
        "@id": "node/5338398360",
        "name": "Rathna Xerox",
        "shop": "copyshop"
      },
      "geometry": {
        "type": "Point",
        "coordinates": [
          78.7755681,
          10.7854806
        ]
      },
      "id": "node/5338398360"
    },
    {
      "type": "Feature",
      "properties": {
        "@id": "node/5339409167",
        "name": "Hotel Shaans",
        "shop": "bakery"
      },
      "geometry": {
        "type": "Point",
        "coordinates": [
          78.6846127,
          10.8177756
        ]
      },
      "id": "node/5339409167"
    },
    {
      "type": "Feature",
      "properties": {
        "@id": "node/5339409228",
        "amenity": "hospital",
        "check_date": "2025-02-12",
        "healthcare": "hospital",
        "name": "Neuro One Hospital",
        "source": "survey"
      },
      "geometry": {
        "type": "Point",
        "coordinates": [
          78.6908794,
          10.8346516
        ]
      },
      "id": "node/5339409228"
    },
    {
      "type": "Feature",
      "properties": {
        "@id": "node/5503403534",
        "amenity": "restaurant",
        "check_date": "2024-07-28",
        "name": "Surya Residency"
      },
      "geometry": {
        "type": "Point",
        "coordinates": [
          78.321391,
          10.5604716
        ]
      },
      "id": "node/5503403534"
    },
    {
      "type": "Feature",
      "properties": {
        "@id": "node/5585525913",
        "description": "electrical, PVC pipes & fitting, plywood and glass, hardware",
        "name": "Sri Guru agencies",
        "phone": "0431-2500022",
        "shop": "hardware"
      },
      "geometry": {
        "type": "Point",
        "coordinates": [
          78.826283,
          10.750414
        ]
      },
      "id": "node/5585525913"
    },
    {
      "type": "Feature",
      "properties": {
        "@id": "node/5585525914",
        "name": "Niligiris",
        "shop": "supermarket"
      },
      "geometry": {
        "type": "Point",
        "coordinates": [
          78.753488,
          10.7973477
        ]
      },
      "id": "node/5585525914"
    },
    {
      "type": "Feature",
      "properties": {
        "@id": "node/5585525917",
        "amenity": "restaurant",
        "name": "Hotel Annapurna"
      },
      "geometry": {
        "type": "Point",
        "coordinates": [
          78.4187777,
          10.6112489
        ]
      },
      "id": "node/5585525917"
    },
    {
      "type": "Feature",
      "properties": {
        "@id": "node/5585526138",
        "name": "V.S.K. Spares",
        "shop": "hardware"
      },
      "geometry": {
        "type": "Point",
        "coordinates": [
          78.6926831,
          10.8206773
        ]
      },
      "id": "node/5585526138"
    },
    {
      "type": "Feature",
      "properties": {
        "@id": "node/5585526327",
        "name": "Maharaja Electricals",
        "shop": "electrical"
      },
      "geometry": {
        "type": "Point",
        "coordinates": [
          78.6925956,
          10.819587
        ]
      },
      "id": "node/5585526327"
    },
    {
      "type": "Feature",
      "properties": {
        "@id": "node/5585526328",
        "name": "City spares",
        "shop": "hardware"
      },
      "geometry": {
        "type": "Point",
        "coordinates": [
          78.692828,
          10.8196002
        ]
      },
      "id": "node/5585526328"
    },
    {
      "type": "Feature",
      "properties": {
        "@id": "node/5585526425",
        "name": "Used computer store",
        "shop": "computer"
      },
      "geometry": {
        "type": "Point",
        "coordinates": [
          78.6775875,
          10.8148965
        ]
      },
      "id": "node/5585526425"
    },
    {
      "type": "Feature",
      "properties": {
        "@id": "node/5585526836",
        "name": "AGR beauty parlour",
        "shop": "beauty"
      },
      "geometry": {
        "type": "Point",
        "coordinates": [
          79.0577753,
          10.7198149
        ]
      },
      "id": "node/5585526836"
    },
    {
      "type": "Feature",
      "properties": {
        "@id": "node/5585527361",
        "amenity": "cafe",
        "name": "Surya tea stall"
      },
      "geometry": {
        "type": "Point",
        "coordinates": [
          78.6696477,
          10.7875127
        ]
      },
      "id": "node/5585527361"
    },
    {
      "type": "Feature",
      "properties": {
        "@id": "node/5653588089",
        "brand": "Vodafone",
        "brand:wikidata": "Q122141",
        "brand:wikipedia": "en:Vodafone",
        "name": "Vodafone",
        "office": "telecommunication",
        "shop": "mobile_phone"
      },
      "geometry": {
        "type": "Point",
        "coordinates": [
          78.690869,
          10.8342053
        ]
      },
      "id": "node/5653588089"
    },
    {
      "type": "Feature",
      "properties": {
        "@id": "node/5657575537",
        "name": "Padma",
        "shop": "greengrocer"
      },
      "geometry": {
        "type": "Point",
        "coordinates": [
          78.6976594,
          10.844466
        ]
      },
      "id": "node/5657575537"
    },
    {
      "type": "Feature",
      "properties": {
        "@id": "node/5657575807",
        "name": "Sri man Thathasariyar Garden",
        "shop": "greengrocer"
      },
      "geometry": {
        "type": "Point",
        "coordinates": [
          78.6979471,
          10.8441344
        ]
      },
      "id": "node/5657575807"
    },
    {
      "type": "Feature",
      "properties": {
        "@id": "node/5677782761",
        "name": "S.K. Tyres",
        "shop": "tyres"
      },
      "geometry": {
        "type": "Point",
        "coordinates": [
          78.756664,
          10.7965155
        ]
      },
      "id": "node/5677782761"
    },
    {
      "type": "Feature",
      "properties": {
        "@id": "node/5677782762",
        "amenity": "atm",
        "brand": "State Bank of India",
        "brand:en": "State Bank of India",
        "brand:wikidata": "Q1340361",
        "brand:wikipedia": "en:State Bank of India",
        "currency:INR": "yes",
        "drive_through": "no",
        "indoor": "yes",
        "name": "State Bank of India",
        "note": "Contributors are requested to not edit the \"brand\", \"brand:en\", \"brand:wikidata\", \"operator\", \"operator:en\" and \"operator:wikidata\" tags. (2025/03/03)",
        "opening_hours": "24/7",
        "operator": "State Bank of India",
        "operator:en": "State Bank of India",
        "operator:wikidata": "Q1340361",
        "operator:wikipedia": "en:State Bank of India",
        "short_name": "SBI"
      },
      "geometry": {
        "type": "Point",
        "coordinates": [
          78.7952816,
          10.7719064
        ]
      },
      "id": "node/5677782762"
    },
    {
      "type": "Feature",
      "properties": {
        "@id": "node/5677785562",
        "name": "Elevation view",
        "shop": "interior_decoration"
      },
      "geometry": {
        "type": "Point",
        "coordinates": [
          78.6951844,
          10.8073862
        ]
      },
      "id": "node/5677785562"
    },
    {
      "type": "Feature",
      "properties": {
        "@id": "node/5677785564",
        "name": "Popular optics",
        "shop": "optician"
      },
      "geometry": {
        "type": "Point",
        "coordinates": [
          78.7965924,
          10.7740715
        ]
      },
      "id": "node/5677785564"
    },
    {
      "type": "Feature",
      "properties": {
        "@id": "node/5677786372",
        "amenity": "atm",
        "brand": "ICICI Bank",
        "brand:en": "ICICI Bank",
        "brand:wikidata": "Q1653258",
        "brand:wikipedia": "en:ICICI Bank",
        "currency:INR": "yes",
        "drive_through": "no",
        "indoor": "yes",
        "name": "ICICI Bank",
        "note": "Contributors are requested to not edit the \"brand\", \"brand:en\", \"brand:wikidata\", \"operator\", \"operator:en\" and \"operator:wikidata\" tags. (2025/03/03)",
        "opening_hours": "24/7",
        "operator": "ICICI Bank",
        "operator:en": "ICICI Bank",
        "operator:wikidata": "Q1653258",
        "operator:wikipedia": "en:ICICI Bank",
        "short_name": "ICICI"
      },
      "geometry": {
        "type": "Point",
        "coordinates": [
          78.7953019,
          10.7718875
        ]
      },
      "id": "node/5677786372"
    },
    {
      "type": "Feature",
      "properties": {
        "@id": "node/5677786373",
        "amenity": "pharmacy",
        "brand": "Chintamani",
        "healthcare": "pharmacy",
        "name": "Chintamani medical branch"
      },
      "geometry": {
        "type": "Point",
        "coordinates": [
          78.7967951,
          10.7742952
        ]
      },
      "id": "node/5677786373"
    },
    {
      "type": "Feature",
      "properties": {
        "@id": "node/5677786374",
        "amenity": "restaurant",
        "name": "Junior Kuppanna"
      },
      "geometry": {
        "type": "Point",
        "coordinates": [
          79.0877053,
          10.7303162
        ]
      },
      "id": "node/5677786374"
    },
    {
      "type": "Feature",
      "properties": {
        "@id": "node/5678203929",
        "name": "Asvini Furniture and electricals",
        "shop": "hardware"
      },
      "geometry": {
        "type": "Point",
        "coordinates": [
          78.7677597,
          10.7906455
        ]
      },
      "id": "node/5678203929"
    },
    {
      "type": "Feature",
      "properties": {
        "@id": "node/5678203930",
        "brand": "Honda",
        "brand:wikidata": "Q9584",
        "brand:wikipedia": "en:Honda",
        "name": "Honda",
        "shop": "motorcycle"
      },
      "geometry": {
        "type": "Point",
        "coordinates": [
          78.7622994,
          10.7934218
        ]
      },
      "id": "node/5678203930"
    },
    {
      "type": "Feature",
      "properties": {
        "@id": "node/5678203931",
        "name": "Happy bags",
        "shop": "bag"
      },
      "geometry": {
        "type": "Point",
        "coordinates": [
          78.7593741,
          10.7952918
        ]
      },
      "id": "node/5678203931"
    },
    {
      "type": "Feature",
      "properties": {
        "@id": "node/5678203933",
        "name": "Riha Mobiles",
        "shop": "mobile_phone"
      },
      "geometry": {
        "type": "Point",
        "coordinates": [
          78.7512724,
          10.7986152
        ]
      },
      "id": "node/5678203933"
    },
    {
      "type": "Feature",
      "properties": {
        "@id": "node/5678208924",
        "name": "Witco",
        "shop": "bag"
      },
      "geometry": {
        "type": "Point",
        "coordinates": [
          78.689383,
          10.800672
        ]
      },
      "id": "node/5678208924"
    },
    {
      "type": "Feature",
      "properties": {
        "@id": "node/5678208925",
        "name": "Padma opticals",
        "shop": "optician"
      },
      "geometry": {
        "type": "Point",
        "coordinates": [
          78.6914557,
          10.802372
        ]
      },
      "id": "node/5678208925"
    },
    {
      "type": "Feature",
      "properties": {
        "@id": "node/5678208926",
        "name": "New American opticals",
        "shop": "optician"
      },
      "geometry": {
        "type": "Point",
        "coordinates": [
          78.6912408,
          10.8023618
        ]
      },
      "id": "node/5678208926"
    },
    {
      "type": "Feature",
      "properties": {
        "@id": "node/5678208927",
        "name": "Popular opticals",
        "shop": "optician"
      },
      "geometry": {
        "type": "Point",
        "coordinates": [
          78.6912652,
          10.8023866
        ]
      },
      "id": "node/5678208927"
    },
    {
      "type": "Feature",
      "properties": {
        "@id": "node/5678208928",
        "name": "Image optical and co",
        "shop": "optician"
      },
      "geometry": {
        "type": "Point",
        "coordinates": [
          78.6912852,
          10.8024172
        ]
      },
      "id": "node/5678208928"
    },
    {
      "type": "Feature",
      "properties": {
        "@id": "node/5678208929",
        "description": "Dealers in paints, electricals and batteries",
        "name": "The imperial agency",
        "phone": "+914312410752",
        "shop": "trade"
      },
      "geometry": {
        "type": "Point",
        "coordinates": [
          78.6913308,
          10.8024739
        ]
      },
      "id": "node/5678208929"
    },
    {
      "type": "Feature",
      "properties": {
        "@id": "node/5678208930",
        "name": "Joseph opticals",
        "shop": "optician"
      },
      "geometry": {
        "type": "Point",
        "coordinates": [
          78.6913086,
          10.8024489
        ]
      },
      "id": "node/5678208930"
    },
    {
      "type": "Feature",
      "properties": {
        "@id": "node/5678208931",
        "name": "Anthonys repairing house",
        "shop": "hardware"
      },
      "geometry": {
        "type": "Point",
        "coordinates": [
          78.6913556,
          10.802496
        ]
      },
      "id": "node/5678208931"
    },
    {
      "type": "Feature",
      "properties": {
        "@id": "node/5678208932",
        "name": "Santhiya opticals",
        "shop": "optician"
      },
      "geometry": {
        "type": "Point",
        "coordinates": [
          78.6915005,
          10.8024192
        ]
      },
      "id": "node/5678208932"
    },
    {
      "type": "Feature",
      "properties": {
        "@id": "node/5678208933",
        "name": "Sivasakthi opticals",
        "shop": "optician"
      },
      "geometry": {
        "type": "Point",
        "coordinates": [
          78.6915197,
          10.8024446
        ]
      },
      "id": "node/5678208933"
    },
    {
      "type": "Feature",
      "properties": {
        "@id": "node/5678208934",
        "name": "Kumar opticals",
        "shop": "optician"
      },
      "geometry": {
        "type": "Point",
        "coordinates": [
          78.6914967,
          10.802464
        ]
      },
      "id": "node/5678208934"
    },
    {
      "type": "Feature",
      "properties": {
        "@id": "node/5678208935",
        "name": "Siva opticals",
        "shop": "optician"
      },
      "geometry": {
        "type": "Point",
        "coordinates": [
          78.6914015,
          10.8025371
        ]
      },
      "id": "node/5678208935"
    },
    {
      "type": "Feature",
      "properties": {
        "@id": "node/5678211420",
        "amenity": "restaurant",
        "name": "Meera's Restaurant"
      },
      "geometry": {
        "type": "Point",
        "coordinates": [
          78.8010366,
          10.7666229
        ]
      },
      "id": "node/5678211420"
    },
    {
      "type": "Feature",
      "properties": {
        "@id": "node/5678211922",
        "name": "Trichy Iyengar's Bakery",
        "shop": "bakery"
      },
      "geometry": {
        "type": "Point",
        "coordinates": [
          78.7762649,
          10.7856887
        ]
      },
      "id": "node/5678211922"
    },
    {
      "type": "Feature",
      "properties": {
        "@id": "node/5678211927",
        "amenity": "pharmacy",
        "healthcare": "pharmacy",
        "name": "Thulasi pharmacy",
        "name:ta": "துளசி மருந்தகம்"
      },
      "geometry": {
        "type": "Point",
        "coordinates": [
          78.7415383,
          10.8021878
        ]
      },
      "id": "node/5678211927"
    },
    {
      "type": "Feature",
      "properties": {
        "@id": "node/5678212531",
        "name": "Sparx",
        "shop": "shoes"
      },
      "geometry": {
        "type": "Point",
        "coordinates": [
          78.6913749,
          10.8025127
        ]
      },
      "id": "node/5678212531"
    },
    {
      "type": "Feature",
      "properties": {
        "@id": "node/5678212533",
        "amenity": "cafe",
        "name": "ARP tea coffee stall"
      },
      "geometry": {
        "type": "Point",
        "coordinates": [
          78.7128325,
          10.8133214
        ]
      },
      "id": "node/5678212533"
    },
    {
      "type": "Feature",
      "properties": {
        "@id": "node/5695893349",
        "amenity": "restaurant",
        "name": "Vasantham"
      },
      "geometry": {
        "type": "Point",
        "coordinates": [
          78.7450034,
          10.9306069
        ]
      },
      "id": "node/5695893349"
    },
    {
      "type": "Feature",
      "properties": {
        "@id": "node/5713784771",
        "amenity": "pharmacy",
        "name": "Sri Ram Medicals"
      },
      "geometry": {
        "type": "Point",
        "coordinates": [
          78.4417353,
          10.9516712
        ]
      },
      "id": "node/5713784771"
    },
    {
      "type": "Feature",
      "properties": {
        "@id": "node/5713785415",
        "name": "Cakes and Breads",
        "shop": "pastry"
      },
      "geometry": {
        "type": "Point",
        "coordinates": [
          78.790777,
          10.7779626
        ]
      },
      "id": "node/5713785415"
    },
    {
      "type": "Feature",
      "properties": {
        "@id": "node/5713786235",
        "name": "United saloon",
        "shop": "hairdresser"
      },
      "geometry": {
        "type": "Point",
        "coordinates": [
          78.7910485,
          10.7776165
        ]
      },
      "id": "node/5713786235"
    },
    {
      "type": "Feature",
      "properties": {
        "@id": "node/5713786236",
        "name": "New look opticals",
        "shop": "optician"
      },
      "geometry": {
        "type": "Point",
        "coordinates": [
          78.7342565,
          10.804985
        ]
      },
      "id": "node/5713786236"
    },
    {
      "type": "Feature",
      "properties": {
        "@id": "node/5713786237",
        "name": "Vijay auto house",
        "shop": "motorcycle_repair"
      },
      "geometry": {
        "type": "Point",
        "coordinates": [
          78.7907216,
          10.7779445
        ]
      },
      "id": "node/5713786237"
    },
    {
      "type": "Feature",
      "properties": {
        "@id": "node/5713786239",
        "brand": "Vivo",
        "brand:wikidata": "Q18301787",
        "brand:wikipedia": "en:Vivo (technology company)",
        "name": "Vivo",
        "shop": "mobile_phone"
      },
      "geometry": {
        "type": "Point",
        "coordinates": [
          78.6909009,
          10.8269216
        ]
      },
      "id": "node/5713786239"
    },
    {
      "type": "Feature",
      "properties": {
        "@id": "node/5713786421",
        "name": "NXP jewellers",
        "shop": "jewelry"
      },
      "geometry": {
        "type": "Point",
        "coordinates": [
          78.7325982,
          10.805416
        ]
      },
      "id": "node/5713786421"
    },
    {
      "type": "Feature",
      "properties": {
        "@id": "node/6018105477",
        "amenity": "restaurant",
        "check_date": "2024-07-28",
        "cuisine": "indian",
        "name": "KMS Hakkim Biryani"
      },
      "geometry": {
        "type": "Point",
        "coordinates": [
          78.7412429,
          10.9269842
        ]
      },
      "id": "node/6018105477"
    },
    {
      "type": "Feature",
      "properties": {
        "@id": "node/6126092463",
        "name": "Universal steel and tools co.",
        "shop": "hardware"
      },
      "geometry": {
        "type": "Point",
        "coordinates": [
          78.6914489,
          10.8027179
        ]
      },
      "id": "node/6126092463"
    },
    {
      "type": "Feature",
      "properties": {
        "@id": "node/6126092464",
        "amenity": "restaurant",
        "name": "Hot Chicken"
      },
      "geometry": {
        "type": "Point",
        "coordinates": [
          78.547507,
          10.6048948
        ]
      },
      "id": "node/6126092464"
    },
    {
      "type": "Feature",
      "properties": {
        "@id": "node/6126092465",
        "amenity": "cafe",
        "name": "QC cafioná"
      },
      "geometry": {
        "type": "Point",
        "coordinates": [
          78.6513015,
          10.7531529
        ]
      },
      "id": "node/6126092465"
    },
    {
      "type": "Feature",
      "properties": {
        "@id": "node/6126092466",
        "addr:postcode": "613004",
        "addr:street": "Medical College Road",
        "name": "Pick and Pack",
        "shop": "supermarket"
      },
      "geometry": {
        "type": "Point",
        "coordinates": [
          79.1147963,
          10.7708096
        ]
      },
      "id": "node/6126092466"
    },
    {
      "type": "Feature",
      "properties": {
        "@id": "node/6126093131",
        "name": "Lakshmi Agro center",
        "shop": "trade"
      },
      "geometry": {
        "type": "Point",
        "coordinates": [
          78.5472536,
          10.6048355
        ]
      },
      "id": "node/6126093131"
    },
    {
      "type": "Feature",
      "properties": {
        "@id": "node/6126093132",
        "amenity": "cafe",
        "name": "Pazhamudirsolai"
      },
      "geometry": {
        "type": "Point",
        "coordinates": [
          78.5467712,
          10.602246
        ]
      },
      "id": "node/6126093132"
    },
    {
      "type": "Feature",
      "properties": {
        "@id": "node/6126093151",
        "amenity": "atm",
        "brand": "Oriental Bank of Commerce",
        "brand:wikidata": "Q367008",
        "brand:wikipedia": "en:Oriental Bank of Commerce",
        "name": "Oriental Bank of Commerce",
        "operator": "Oriental Bank of Commerce",
        "operator:wikidata": "Q367008",
        "operator:wikipedia": "en:Oriental Bank of Commerce"
      },
      "geometry": {
        "type": "Point",
        "coordinates": [
          79.1153342,
          10.7707746
        ]
      },
      "id": "node/6126093151"
    },
    {
      "type": "Feature",
      "properties": {
        "@id": "node/6126093152",
        "name": "Bombay Sweets",
        "shop": "bakery"
      },
      "geometry": {
        "type": "Point",
        "coordinates": [
          79.1150503,
          10.7705826
        ]
      },
      "id": "node/6126093152"
    },
    {
      "type": "Feature",
      "properties": {
        "@id": "node/6164332591",
        "addr:housenumber": "Plot No. 26",
        "addr:street": "Ram Nagar, Karumandapam",
        "amenity": "hospital",
        "healthcare": "hospital",
        "name": "Shriram Hospital",
        "opening_hours": "Mo-Sa 09:00-13:00, 18:00-20:00; Su 10:00-13:00",
        "phone": "+914312481116"
      },
      "geometry": {
        "type": "Point",
        "coordinates": [
          78.669549,
          10.785666
        ]
      },
      "id": "node/6164332591"
    },
    {
      "type": "Feature",
      "properties": {
        "@id": "node/6165175808",
        "addr:street": "Vayalur Road",
        "name": "B G Naidu Sweets",
        "shop": "confectionery"
      },
      "geometry": {
        "type": "Point",
        "coordinates": [
          78.67022,
          10.81408
        ]
      },
      "id": "node/6165175808"
    },
    {
      "type": "Feature",
      "properties": {
        "@id": "node/6175975674",
        "addr:street": "Trichy - Dindigul Highway",
        "amenity": "bank",
        "brand": "State Bank of India",
        "brand:wikidata": "Q1340361",
        "brand:wikipedia": "en:State Bank of India",
        "description": "SBI - Karumandapam Branch",
        "name": "State Bank of India",
        "opening_hours": "Mo-Fr 10:00-16:00",
        "short_name": "SBI"
      },
      "geometry": {
        "type": "Point",
        "coordinates": [
          78.6648324,
          10.7892047
        ]
      },
      "id": "node/6175975674"
    },
    {
      "type": "Feature",
      "properties": {
        "@id": "node/6241811366",
        "brand": "lenovo",
        "name": "Lenovo Motorola Service center",
        "operator": "teleport",
        "shop": "mobile_phone"
      },
      "geometry": {
        "type": "Point",
        "coordinates": [
          78.6861281,
          10.8237079
        ]
      },
      "id": "node/6241811366"
    },
    {
      "type": "Feature",
      "properties": {
        "@id": "node/6241811443",
        "brand": "Nokia",
        "name": "Nokia/microsoft service center",
        "operator": "flex",
        "shop": "mobile_phone"
      },
      "geometry": {
        "type": "Point",
        "coordinates": [
          78.686127,
          10.8237542
        ]
      },
      "id": "node/6241811443"
    },
    {
      "type": "Feature",
      "properties": {
        "@id": "node/6267518849",
        "amenity": "bank",
        "brand": "Punjab National Bank",
        "brand:wikidata": "Q2743499",
        "name": "Punjab National Bank"
      },
      "geometry": {
        "type": "Point",
        "coordinates": [
          78.7800001,
          10.9939468
        ]
      },
      "id": "node/6267518849"
    },
    {
      "type": "Feature",
      "properties": {
        "@id": "node/6269345068",
        "amenity": "bank",
        "branch": "Anbil",
        "name": "Lakshmi Vilas bank"
      },
      "geometry": {
        "type": "Point",
        "coordinates": [
          78.8855284,
          10.8660533
        ]
      },
      "id": "node/6269345068"
    },
    {
      "type": "Feature",
      "properties": {
        "@id": "node/6300429067",
        "amenity": "restaurant",
        "name": "Ajma Seafood"
      },
      "geometry": {
        "type": "Point",
        "coordinates": [
          79.1121469,
          10.7469513
        ]
      },
      "id": "node/6300429067"
    },
    {
      "type": "Feature",
      "properties": {
        "@id": "node/6300430628",
        "amenity": "restaurant",
        "name": "J2S hotel"
      },
      "geometry": {
        "type": "Point",
        "coordinates": [
          78.852437,
          10.736853
        ]
      },
      "id": "node/6300430628"
    },
    {
      "type": "Feature",
      "properties": {
        "@id": "node/6300430634",
        "amenity": "bank",
        "branch": "Raja Nagar Branch",
        "brand": "HDFC",
        "name": "HDFC bank"
      },
      "geometry": {
        "type": "Point",
        "coordinates": [
          79.1123425,
          10.7474121
        ]
      },
      "id": "node/6300430634"
    },
    {
      "type": "Feature",
      "properties": {
        "@id": "node/6404033203",
        "addr:postcode": "613401",
        "amenity": "cafe",
        "cuisine": "indian;chinese;dessert",
        "delivery": "no",
        "name": "Canopy",
        "outdoor_seating": "yes"
      },
      "geometry": {
        "type": "Point",
        "coordinates": [
          79.0178439,
          10.7287259
        ]
      },
      "id": "node/6404033203"
    },
    {
      "type": "Feature",
      "properties": {
        "@id": "node/6407247651",
        "amenity": "restaurant",
        "name": "Kumbakonam Iyer Kaapi"
      },
      "geometry": {
        "type": "Point",
        "coordinates": [
          79.0202207,
          10.7303288
        ]
      },
      "id": "node/6407247651"
    },
    {
      "type": "Feature",
      "properties": {
        "@id": "node/6407247652",
        "amenity": "restaurant",
        "name": "Namma Ooru Idli"
      },
      "geometry": {
        "type": "Point",
        "coordinates": [
          79.0201241,
          10.7303473
        ]
      },
      "id": "node/6407247652"
    },
    {
      "type": "Feature",
      "properties": {
        "@id": "node/6409558653",
        "amenity": "restaurant",
        "cuisine": "indian;chinese",
        "diet:non-vegetarian": "yes",
        "diet:vegetarian": "yes",
        "name": "Green Leaf"
      },
      "geometry": {
        "type": "Point",
        "coordinates": [
          79.0163642,
          10.7309659
        ]
      },
      "id": "node/6409558653"
    },
    {
      "type": "Feature",
      "properties": {
        "@id": "node/6409558654",
        "amenity": "restaurant",
        "name": "New Punjabi Dhabba"
      },
      "geometry": {
        "type": "Point",
        "coordinates": [
          79.0165681,
          10.7309396
        ]
      },
      "id": "node/6409558654"
    },
    {
      "type": "Feature",
      "properties": {
        "@id": "node/6409558655",
        "amenity": "restaurant",
        "diet:non-vegetarian": "yes",
        "diet:vegetarian": "yes",
        "name": "Red Chilly"
      },
      "geometry": {
        "type": "Point",
        "coordinates": [
          79.016501,
          10.7309765
        ]
      },
      "id": "node/6409558655"
    },
    {
      "type": "Feature",
      "properties": {
        "@id": "node/6494325189",
        "addr:district": "Tiruchirappalli",
        "addr:full": "C.J. Hospital, P. Box. No. 17,Cantonment,Next To All India Radio",
        "addr:postcode": "620001",
        "addr:state": "Tamil Nadu",
        "amenity": "hospital",
        "healthcare": "hospital",
        "healthcare:speciality": "childcare",
        "name": "Child Jesus Hospital"
      },
      "geometry": {
        "type": "Point",
        "coordinates": [
          78.6865772,
          10.8051465
        ]
      },
      "id": "node/6494325189"
    },
    {
      "type": "Feature",
      "properties": {
        "@id": "node/6513984734",
        "name": "Unlimited",
        "shop": "clothes"
      },
      "geometry": {
        "type": "Point",
        "coordinates": [
          78.6863805,
          10.7989377
        ]
      },
      "id": "node/6513984734"
    },
    {
      "type": "Feature",
      "properties": {
        "@id": "node/6513984735",
        "alt_name": "Kentucky Fried Chicken",
        "alt_name:en": "Kentucky Fried Chicken",
        "alt_name:hi": "केंटुकी फ्राइड चिकन",
        "alt_name:pa": "ਕੈਂਟੁਕੀ ਫ੍ਰਾਈਡ ਚਿਕਨ",
        "alt_name:pnb": "کینٹکی فرائیڈ چکن",
        "alt_name:ur": "کینٹکی فرائیڈ چکن",
        "amenity": "fast_food",
        "brand": "KFC",
        "brand:en": "KFC",
        "brand:hi": "केएफसी",
        "brand:pa": "ਕੇਐਫਸੀ",
        "brand:pnb": "کے ایف سی",
        "brand:ur": "کے ایف سی",
        "brand:wikidata": "Q524757",
        "brand:wikipedia": "en:KFC",
        "brand:wikipedia:pa": "ਕੇਐਫਸੀ",
        "brand:wikipedia:ur": "کینٹکی فرائیڈ چکن",
        "cuisine": "chicken",
        "name": "KFC",
        "name:en": "KFC",
        "name:hi": "केएफसी",
        "name:pa": "ਕੇਐਫਸੀ",
        "name:pnb": "کے ایف سی",
        "name:ur": "کے ایف سی",
        "takeaway": "yes",
        "website": "https://restaurants.kfc.co.in/kfc-bharathiyar-salai-restaurants-bharathiyar-salai-tiruchirappalli-35122/Home"
      },
      "geometry": {
        "type": "Point",
        "coordinates": [
          78.6864475,
          10.7987654
        ]
      },
      "id": "node/6513984735"
    },
    {
      "type": "Feature",
      "properties": {
        "@id": "node/6513984736",
        "amenity": "fast_food",
        "brand": "Domino's",
        "brand:ks": "ڈومینوز",
        "brand:pa": "ਡੋਮੀਨੋਜ਼",
        "brand:ur": "ڈومینوز",
        "brand:wikidata": "Q839466",
        "brand:wikipedia": "en:Domino's Pizza",
        "cuisine": "pizza",
        "name": "Domino's",
        "name:ks": "ڈومینوز",
        "name:pa": "ਡੋਮੀਨੋਜ਼",
        "name:ur": "ڈومینوز",
        "takeaway": "yes"
      },
      "geometry": {
        "type": "Point",
        "coordinates": [
          78.687111,
          10.7993262
        ]
      },
      "id": "node/6513984736"
    },
    {
      "type": "Feature",
      "properties": {
        "@id": "node/6557021708",
        "amenity": "cafe",
        "name": "Lassi and Falooda"
      },
      "geometry": {
        "type": "Point",
        "coordinates": [
          78.7589678,
          10.7954468
        ]
      },
      "id": "node/6557021708"
    },
    {
      "type": "Feature",
      "properties": {
        "@id": "node/6557041501",
        "amenity": "restaurant",
        "name": "Kitchen Family Dining Restaurant"
      },
      "geometry": {
        "type": "Point",
        "coordinates": [
          78.6804652,
          10.8077846
        ]
      },
      "id": "node/6557041501"
    },
    {
      "type": "Feature",
      "properties": {
        "@id": "node/6743560276",
        "amenity": "restaurant",
        "brand": "Anjappar",
        "cuisine": "Chettinad",
        "name": "Anjappar Chettinad A/C restaurant"
      },
      "geometry": {
        "type": "Point",
        "coordinates": [
          78.731275,
          10.8052896
        ]
      },
      "id": "node/6743560276"
    },
    {
      "type": "Feature",
      "properties": {
        "@id": "node/6884772528",
        "addr:city": "Trichy",
        "addr:district": "TIRUCHIRAPPALLI",
        "addr:full": "No, 15A Rishi Complex, II Floor, Main Road, Thillainagar",
        "addr:postcode": "620018",
        "addr:state": "Tamil Nadu",
        "amenity": "blood_bank",
        "contact:phone": "04312760995; 04312760226",
        "email": "palani2000@yahoo.com",
        "name": "Bharath Blood Bank",
        "opening_hours": "24/7",
        "operator:type": "private",
        "source": "OpenGovernmentData"
      },
      "geometry": {
        "type": "Point",
        "coordinates": [
          78.6837012,
          10.8265473
        ]
      },
      "id": "node/6884772528"
    },
    {
      "type": "Feature",
      "properties": {
        "@id": "node/6884772529",
        "addr:city": "Trichy",
        "addr:district": "TIRUCHIRAPPALLI",
        "addr:full": "EVR Road, Puthur, Trichy",
        "addr:postcode": "620017",
        "addr:state": "Tamil Nadu",
        "amenity": "blood_bank",
        "contact:mobile": "09443060693; 09965519761; 09790365485;",
        "contact:phone": "4312770047",
        "email": "bloodbankghtrichy@gmail.com",
        "fax": "0431 2771465",
        "name": "Mahathma Gandhi Memorial Government Hospital Blood Bank",
        "opening_hours": "24/7",
        "operator:type": "government",
        "source": "OpenGovernmentData"
      },
      "geometry": {
        "type": "Point",
        "coordinates": [
          78.6776635,
          10.8118085
        ]
      },
      "id": "node/6884772529"
    },
    {
      "type": "Feature",
      "properties": {
        "@id": "node/6884772534",
        "addr:city": "Trichy",
        "addr:district": "TIRUCHIRAPPALLI",
        "addr:full": "No. 6 Royal Road, Cantonment, Trichy",
        "addr:postcode": "620001",
        "addr:state": "Tamil Nadu",
        "amenity": "blood_bank",
        "contact:mobile": "09443965512; 09443076418",
        "contact:phone": "04314077777; (Ex.2508)",
        "email": "Einfo@kauveryhospital.com",
        "fax": "0431 2415402",
        "name": "KMC Speciality Hospitals Blood Bank ( Kavery Hospitals)",
        "opening_hours": "24/7",
        "operator:type": "private",
        "source": "OpenGovernmentData",
        "website": "https://www.kauveryhospital.com/"
      },
      "geometry": {
        "type": "Point",
        "coordinates": [
          78.6801432,
          10.8022289
        ]
      },
      "id": "node/6884772534"
    },
    {
      "type": "Feature",
      "properties": {
        "@id": "node/6884772539",
        "addr:city": "Trichy",
        "addr:district": "TIRUCHIRAPPALLI",
        "addr:full": "Next to All India Radio, Promenade Road, Cantonment, Tiruchirappalli",
        "addr:postcode": "620001",
        "addr:state": "Tamil Nadu",
        "amenity": "blood_bank",
        "contact:mobile": "9488414084",
        "contact:phone": "04312415816; 04312410816",
        "email": "childjesuslab@gmail.com",
        "fax": "0431 2411335",
        "name": "Child Jesus Hospital Blood Bank",
        "opening_hours": "24/7",
        "operator:type": "private",
        "source": "OpenGovernmentData",
        "website": "http://www.childjesushospital.org"
      },
      "geometry": {
        "type": "Point",
        "coordinates": [
          78.686661,
          10.8051863
        ]
      },
      "id": "node/6884772539"
    },
    {
      "type": "Feature",
      "properties": {
        "@id": "node/6885045346",
        "addr:city": "Thanjavur",
        "addr:district": "THANJAVUR",
        "addr:full": "No. 2936 West Main Road, Thanjavur",
        "addr:postcode": "613009",
        "addr:state": "Tamil Nadu",
        "amenity": "blood_bank",
        "contact:mobile": "9150522642",
        "name": "Voluntary Blood Bank",
        "operator:type": "private",
        "source": "OpenGovernmentData"
      },
      "geometry": {
        "type": "Point",
        "coordinates": [
          79.1316126,
          10.7872747
        ]
      },
      "id": "node/6885045346"
    },
    {
      "type": "Feature",
      "properties": {
        "@id": "node/6888088083",
        "addr:city": "Siruvachur",
        "addr:district": "PERAMBALUR",
        "addr:full": "1st floor Diagnostic Block, Trichy - Chennai Highways (NH 45) Siruvachur, Perambaulur",
        "addr:postcode": "621113",
        "addr:state": "Tamil Nadu",
        "amenity": "blood_bank",
        "contact:mobile": "8489923825",
        "contact:phone": "4328327999",
        "email": "dsmedicalcollege@gmail.com",
        "fax": "4328224252",
        "name": "Dhanalakshmi Srinivasan Medical College and Hospital Blood Bank",
        "opening_hours": "24/7",
        "operator:type": "private",
        "source": "OpenGovernmentData",
        "website": "https://dsmedicalcollege.org/"
      },
      "geometry": {
        "type": "Point",
        "coordinates": [
          78.8741299,
          11.1974231
        ]
      },
      "id": "node/6888088083"
    },
    {
      "type": "Feature",
      "properties": {
        "@id": "node/6888095388",
        "addr:city": "Trichy",
        "addr:district": "TIRUCHIRAPPALLI",
        "addr:full": "SRM Medical College, Irungallar, Manachanallur, Trichy",
        "addr:postcode": "621105",
        "addr:state": "Tamil Nadu",
        "amenity": "blood_bank",
        "contact:phone": "4314298925",
        "name": "Chennai Medical College Hospital and Research Centre's Blood Bank",
        "opening_hours": "24/7",
        "operator:type": "private",
        "source": "OpenGovernmentData"
      },
      "geometry": {
        "type": "Point",
        "coordinates": [
          78.7548494,
          10.9543245
        ]
      },
      "id": "node/6888095388"
    },
    {
      "type": "Feature",
      "properties": {
        "@id": "node/6888095389",
        "addr:city": "Trichy",
        "addr:district": "TIRUCHIRAPPALLI",
        "addr:full": "Woraiyur, Tiruchirappalli",
        "addr:postcode": "620003",
        "addr:state": "Tamil Nadu",
        "amenity": "blood_bank",
        "contact:mobile": "09443685617; 09865297849; 094433 37664",
        "contact:phone": "04312761927; 04312762879; 04312760672",
        "email": "csightry@gmail.com",
        "fax": "0431 2750057",
        "name": "Church of South India Mission General Hospital Blood Bank",
        "opening_hours": "24/7",
        "operator:type": "ngo",
        "source": "OpenGovernmentData",
        "website": "http://www.csimgh.com"
      },
      "geometry": {
        "type": "Point",
        "coordinates": [
          78.6746353,
          10.8231554
        ]
      },
      "id": "node/6888095389"
    },
    {
      "type": "Feature",
      "properties": {
        "@id": "node/6888095408",
        "addr:city": "Tirchy",
        "addr:district": "TIRUCHIRAPPALLI",
        "addr:full": "Gold Rock, Railway colony",
        "addr:postcode": "620002",
        "addr:state": "Tamil Nadu",
        "amenity": "blood_bank",
        "contact:phone": "4312490708",
        "name": "Southern Railway Hospital Blood Bank",
        "opening_hours": "24/7",
        "operator:type": "government",
        "source": "OpenGovernmentData"
      },
      "geometry": {
        "type": "Point",
        "coordinates": [
          78.725156,
          10.7856484
        ]
      },
      "id": "node/6888095408"
    },
    {
      "type": "Feature",
      "properties": {
        "@id": "node/6888095417",
        "addr:city": "Pudukkottai",
        "addr:district": "PUDUKKOTTAI",
        "addr:full": "Government Head Quarters Hospital, Santhanathapuram, Pudukkottai",
        "addr:postcode": "622001",
        "addr:state": "Tamil Nadu",
        "amenity": "blood_bank",
        "contact:mobile": "09442568866; 08012351765",
        "contact:phone": "4332228111",
        "email": "pudukottabb@gmail.com",
        "name": "Government Head Quarters Hospital Blood Bank, Poudukkottai",
        "opening_hours": "24/7",
        "operator:type": "government",
        "source": "OpenGovernmentData"
      },
      "geometry": {
        "type": "Point",
        "coordinates": [
          78.81845,
          10.378673
        ]
      },
      "id": "node/6888095417"
    },
    {
      "type": "Feature",
      "properties": {
        "@id": "node/6888095441",
        "addr:city": "Thanjavur",
        "addr:district": "THANJAVUR",
        "addr:full": "SF No.244/2, 3rd Floor, Nilagiri Therkku Thottam Village, Near New Bus Stand, Trichy Main Road, Tanjore",
        "addr:postcode": "613005",
        "addr:state": "Tamil Nadu",
        "amenity": "blood_bank",
        "contact:mobile": "8508744477",
        "contact:phone": "4362226474",
        "email": "bloodbank@mht.org.in",
        "fax": "04362 228159",
        "name": "Meenakshi Hospital Blood Bank",
        "opening_hours": "24/7",
        "operator:type": "private",
        "source": "OpenGovernmentData",
        "website": "http://www.mmh.org.in"
      },
      "geometry": {
        "type": "Point",
        "coordinates": [
          79.1119856,
          10.7451063
        ]
      },
      "id": "node/6888095441"
    },
    {
      "type": "Feature",
      "properties": {
        "@id": "node/6888095450",
        "addr:city": "Thanjavur",
        "addr:district": "THANJAVUR",
        "addr:full": "Thanjavur Medical College Hospital, Thanjavur",
        "addr:postcode": "613004",
        "addr:state": "Tamil Nadu",
        "amenity": "blood_bank",
        "contact:mobile": "09443586564; 09566313894",
        "contact:phone": "04362246452; 04362240951; 04362240124",
        "email": "bb.tmch.tnjr@gmail.com",
        "name": "Thanjavur Medical College Hospital Blood Bank",
        "opening_hours": "24/7",
        "operator:type": "government",
        "source": "OpenGovernmentData"
      },
      "geometry": {
        "type": "Point",
        "coordinates": [
          79.1040221,
          10.7584479
        ]
      },
      "id": "node/6888095450"
    },
    {
      "type": "Feature",
      "properties": {
        "@id": "node/6888095455",
        "addr:city": "Thanjavur",
        "addr:district": "THANJAVUR",
        "addr:full": "No. 32 Thirunagar, Thanjavur",
        "addr:postcode": "613009",
        "addr:state": "Tamil Nadu",
        "amenity": "blood_bank",
        "contact:mobile": "9443249803",
        "contact:phone": "4352426037",
        "email": "kalibloodbank@gmail.com",
        "name": "Sri Kaali Blood Bank",
        "opening_hours": "24/7",
        "operator:type": "private",
        "source": "OpenGovernmentData"
      },
      "geometry": {
        "type": "Point",
        "coordinates": [
          79.120798,
          10.7849976
        ]
      },
      "id": "node/6888095455"
    },
    {
      "type": "Feature",
      "properties": {
        "@id": "node/6888095460",
        "addr:city": "Thanjavur",
        "addr:district": "THANJAVUR",
        "addr:full": "Government Raja Mirasudar Hospital, Thanjavur",
        "addr:postcode": "613001",
        "addr:state": "Tamil Nadu",
        "amenity": "blood_bank",
        "contact:mobile": "8148601484",
        "contact:phone": "4362276880",
        "email": "bb.rmh.tnjr@gmail.com",
        "name": "Government Raja Mirasudar Hospital Blood Bank",
        "opening_hours": "24/7",
        "operator:type": "government",
        "source": "OpenGovernmentData"
      },
      "geometry": {
        "type": "Point",
        "coordinates": [
          79.1363507,
          10.7854482
        ]
      },
      "id": "node/6888095460"
    },
    {
      "type": "Feature",
      "properties": {
        "@id": "node/6888414919",
        "addr:city": "Trichy",
        "addr:district": "TIRUCHIRAPPALLI",
        "addr:full": "Government Head Quarters Hospital, Viralimalai Road, Manapparai",
        "addr:postcode": "621306",
        "addr:state": "Tamil Nadu",
        "amenity": "blood_bank",
        "contact:mobile": "09965904997; 09791431198",
        "contact:phone": "432260760",
        "email": "bloodbank2015manaparai@gmail.com",
        "name": "Government Headquarters Hospital Blood Bank",
        "opening_hours": "24/7",
        "operator:type": "government",
        "source": "OpenGovernmentData"
      },
      "geometry": {
        "type": "Point",
        "coordinates": [
          78.4373899,
          10.6042245
        ]
      },
      "id": "node/6888414919"
    },
    {
      "type": "Feature",
      "properties": {
        "@id": "node/6892998309",
        "addr:city": "Trichy",
        "addr:district": "TIRUCHIRAPPALLI",
        "addr:full": "No.95 Salai Road, Woraiyur, Trichy",
        "addr:postcode": "620003",
        "addr:state": "Tamil Nadu",
        "amenity": "blood_bank",
        "contact:phone": "4312768588",
        "name": "Victory Blood Bank",
        "operator:type": "private",
        "source": "OpenGovernmentData"
      },
      "geometry": {
        "type": "Point",
        "coordinates": [
          78.6805375,
          10.8271829
        ]
      },
      "id": "node/6892998309"
    },
    {
      "type": "Feature",
      "properties": {
        "@id": "node/6892998329",
        "addr:city": "Trichy",
        "addr:district": "TIRUCHIRAPPALLI",
        "addr:full": "Doctors Blood Bank and Reseach Centre (Run by DDC Charitable Trust), 123/1, Puthur Main Road, Woraiyur",
        "addr:postcode": "620003",
        "addr:state": "Tamil Nadu",
        "amenity": "blood_bank",
        "contact:phone": "431274004",
        "name": "Doctors Blood Bank and Research Centre",
        "operator:type": "ngo",
        "source": "OpenGovernmentData"
      },
      "geometry": {
        "type": "Point",
        "coordinates": [
          78.6767428,
          10.8204287
        ]
      },
      "id": "node/6892998329"
    },
    {
      "type": "Feature",
      "properties": {
        "@id": "node/6893280744",
        "addr:city": "Thanjavur",
        "addr:district": "THANJAVUR",
        "addr:full": "113A, (First Floor) Arulandha Nagar 7th Cross, Thanjavur",
        "addr:postcode": "613007",
        "addr:state": "Tamil Nadu",
        "amenity": "blood_bank",
        "name": "KMR Blood Bank (Run by KMR Charitable Trust)",
        "operator:type": "ngo",
        "source": "OpenGovernmentData"
      },
      "geometry": {
        "type": "Point",
        "coordinates": [
          79.1359967,
          10.7680446
        ]
      },
      "id": "node/6893280744"
    },
    {
      "type": "Feature",
      "properties": {
        "@id": "node/6893280796",
        "addr:city": "Pudukkottai",
        "addr:district": "PUDUKKOTTAI",
        "addr:full": "4215, South 4th Street, Pudukkottai",
        "addr:postcode": "622001",
        "addr:state": "Tamil Nadu",
        "amenity": "blood_bank",
        "contact:phone": "4322220234",
        "name": "Sree Meenakshi Multi Speciality Hospital Blood Bank (Run by Ayyamperumal and K Dakshinamoorthy Trust)",
        "operator:type": "ngo",
        "source": "OpenGovernmentData"
      },
      "geometry": {
        "type": "Point",
        "coordinates": [
          78.8231197,
          10.3796782
        ]
      },
      "id": "node/6893280796"
    },
    {
      "type": "Feature",
      "properties": {
        "@id": "node/6896513367",
        "addr:street": "Kodappu Main Road, UKT Malai",
        "amenity": "hospital",
        "description": "Urban Primary Health Centre Ramalinga Nagar, Uyyakondan Thirumalai",
        "healthcare": "hospital",
        "name": "UPHC Ramalinga Nagar, UKT Malai",
        "opening_hours": "Mo-Th 08:00-17:00"
      },
      "geometry": {
        "type": "Point",
        "coordinates": [
          78.6576,
          10.815
        ]
      },
      "id": "node/6896513367"
    },
    {
      "type": "Feature",
      "properties": {
        "@id": "node/6903409094",
        "addr:city": "Tirchy",
        "addr:full": "BHEL Main Hospital, Bharath Heavy Electricals Limited, Thiruverumbur, Trichy",
        "addr:postcode": "620014",
        "addr:state": "Tamil Nadu",
        "amenity": "blood_bank",
        "contact:mobile": "9003972853",
        "contact:phone": "4312571810",
        "email": "nagaragankl9@gmail.com",
        "name": "Bharath Heavy Electricals Limited Hospital Blood Bank",
        "opening_hours": "24/7",
        "operator:type": "government",
        "source": "OpenGovernmentData"
      },
      "geometry": {
        "type": "Point",
        "coordinates": [
          78.7973463,
          10.7793327
        ]
      },
      "id": "node/6903409094"
    },
    {
      "type": "Feature",
      "properties": {
        "@id": "node/6903409104",
        "addr:city": "Trichy",
        "addr:full": "2nd floor, Chennai By - Pass Road, Ariyamangalam, Old Palpan",
        "addr:postcode": "620010",
        "addr:state": "Tamil Nadu",
        "amenity": "blood_bank",
        "name": "M/s Apollo Speciality Hospitals Blood Bank",
        "operator:type": "private",
        "source": "OpenGovernmentData"
      },
      "geometry": {
        "type": "Point",
        "coordinates": [
          78.7105688,
          10.8069845
        ]
      },
      "id": "node/6903409104"
    },
    {
      "type": "Feature",
      "properties": {
        "@id": "node/6914768075",
        "addr:district": "Tiruchirappalli",
        "addr:full": "No.6, Royal Road, Tiruchirapally,Tamil Nadu",
        "addr:postcode": "620001",
        "addr:state": "Tamil Nadu",
        "amenity": "hospital",
        "healthcare": "hospital",
        "name": "Sea Horse Hospitals Ltd.",
        "source": "OpenGovernmentData"
      },
      "geometry": {
        "type": "Point",
        "coordinates": [
          78.6801137,
          10.8018429
        ]
      },
      "id": "node/6914768075"
    },
    {
      "type": "Feature",
      "properties": {
        "@id": "node/6914768101",
        "addr:district": "Pudukkottai",
        "addr:full": "Yanaimal St,Thirugokarnam",
        "addr:postcode": "622002",
        "addr:state": "Tamil Nadu",
        "amenity": "hospital",
        "healthcare": "hospital",
        "name": "Suresh Hospital, Pudukkottai",
        "source": "OpenGovernmentData"
      },
      "geometry": {
        "type": "Point",
        "coordinates": [
          78.8030306,
          10.3904087
        ]
      },
      "id": "node/6914768101"
    },
    {
      "type": "Feature",
      "properties": {
        "@id": "node/6914893995",
        "addr:district": "Tiruchirappalli",
        "addr:full": "No 39, Karur By Pass Road Near Kalaignar Arivalayam Trichy",
        "addr:postcode": "620002",
        "addr:state": "Tamil Nadu",
        "amenity": "hospital",
        "healthcare": "hospital",
        "name": "Mmm Hospitals",
        "source": "OpenGovernmentData"
      },
      "geometry": {
        "type": "Point",
        "coordinates": [
          78.6869453,
          10.8371351
        ]
      },
      "id": "node/6914893995"
    },
    {
      "type": "Feature",
      "properties": {
        "@id": "node/6914896221",
        "addr:district": "Tiruchirappalli",
        "addr:full": "No-1, 7Th Cross , Srinivasa Nagar",
        "addr:postcode": "620017",
        "addr:state": "Tamil Nadu",
        "amenity": "hospital",
        "healthcare": "hospital",
        "name": "R J Hospital, Tiruchirappalli",
        "source": "OpenGovernmentData"
      },
      "geometry": {
        "type": "Point",
        "coordinates": [
          78.6667261,
          10.8153217
        ]
      },
      "id": "node/6914896221"
    },
    {
      "type": "Feature",
      "properties": {
        "@id": "node/6914937666",
        "addr:district": "Tiruchirappalli",
        "addr:full": "Near Palakattu Mariyamman Kovil, Thuraitur",
        "addr:postcode": "621011",
        "addr:state": "Tamil Nadu",
        "amenity": "hospital",
        "healthcare": "hospital",
        "name": "Sri Sakthi Hospitals And Medical Research Centre",
        "source": "OpenGovernmentData"
      },
      "geometry": {
        "type": "Point",
        "coordinates": [
          78.595604,
          11.1449216
        ]
      },
      "id": "node/6914937666"
    },
    {
      "type": "Feature",
      "properties": {
        "@id": "node/6915124754",
        "addr:district": "Pudukkottai",
        "addr:full": "No. 10, Sathityamoorthy Road, Opposite New Bus Stand",
        "addr:postcode": "622001",
        "addr:state": "Tamil Nadu",
        "amenity": "hospital",
        "healthcare": "hospital",
        "name": "Team Speciality Hospital",
        "source": "OpenGovernmentData"
      },
      "geometry": {
        "type": "Point",
        "coordinates": [
          78.8134383,
          10.3788247
        ]
      },
      "id": "node/6915124754"
    },
    {
      "type": "Feature",
      "properties": {
        "@id": "node/6915194017",
        "addr:district": "Tiruchirappalli",
        "addr:full": "3, First Cross West Extension, Thillai Nagar",
        "addr:postcode": "620016",
        "addr:state": "Tamil Nadu",
        "amenity": "hospital",
        "healthcare": "hospital",
        "name": "Jagadha Hospital",
        "source": "OpenGovernmentData"
      },
      "geometry": {
        "type": "Point",
        "coordinates": [
          78.6816224,
          10.8266431
        ]
      },
      "id": "node/6915194017"
    },
    {
      "type": "Feature",
      "properties": {
        "@id": "node/6915805222",
        "addr:district": "Tiruchirappalli",
        "addr:full": "46, Singarathope",
        "addr:postcode": "620008",
        "addr:state": "Tamil Nadu",
        "amenity": "hospital",
        "healthcare": "hospital",
        "name": "Gvn Hospital",
        "source": "OpenGovernmentData"
      },
      "geometry": {
        "type": "Point",
        "coordinates": [
          78.6952212,
          10.824368
        ]
      },
      "id": "node/6915805222"
    },
    {
      "type": "Feature",
      "properties": {
        "@id": "node/6916124429",
        "addr:district": "Tiruchirappalli",
        "addr:full": "No 14, Renganathapuram, Srirangam",
        "addr:postcode": "620006",
        "addr:state": "Tamil Nadu",
        "amenity": "hospital",
        "healthcare": "hospital",
        "name": "Vasan Eye Care Hospital, Srirangam",
        "source": "OpenGovernmentData"
      },
      "geometry": {
        "type": "Point",
        "coordinates": [
          78.6919583,
          10.8566222
        ]
      },
      "id": "node/6916124429"
    },
    {
      "type": "Feature",
      "properties": {
        "@id": "node/6916168928",
        "addr:district": "Thanjavur",
        "addr:full": "No:51,Gandhiji Road, Near Railway Station , Tanjore",
        "addr:postcode": "613004",
        "addr:state": "Tamil Nadu",
        "amenity": "hospital",
        "healthcare": "hospital",
        "name": "Vasan Eye Care Hospital, Thanjavur",
        "source": "OpenGovernmentData"
      },
      "geometry": {
        "type": "Point",
        "coordinates": [
          79.1395774,
          10.7800915
        ]
      },
      "id": "node/6916168928"
    },
    {
      "type": "Feature",
      "properties": {
        "@id": "node/6916179823",
        "addr:block": "Tiruchirapalli Corp",
        "addr:district": "Tiruchirappalli",
        "addr:full": "No.10, Near Abc Hospital, Trichy, Big Sowrashtra Street,Annamalai Nagar",
        "addr:postcode": "620018",
        "addr:state": "Tamil Nadu",
        "amenity": "hospital",
        "healthcare": "hospital",
        "name": "Vasan Eye Care,Annamalai Nagar",
        "source": "OpenGovernmentData"
      },
      "geometry": {
        "type": "Point",
        "coordinates": [
          78.6848478,
          10.8281504
        ]
      },
      "id": "node/6916179823"
    },
    {
      "type": "Feature",
      "properties": {
        "@id": "node/6916192079",
        "addr:district": "Pudukkottai",
        "addr:full": "No 806, Brindavan Corner, Kelarajavethi",
        "addr:postcode": "622001",
        "addr:state": "Tamil Nadu",
        "amenity": "hospital",
        "healthcare": "hospital",
        "name": "Vasan Eye Care Hospital, Pudukkottai",
        "source": "OpenGovernmentData"
      },
      "geometry": {
        "type": "Point",
        "coordinates": [
          78.823003,
          10.3872777
        ]
      },
      "id": "node/6916192079"
    },
    {
      "type": "Feature",
      "properties": {
        "@id": "node/6926363335",
        "addr:block": "Tiruchirapalli Corp",
        "addr:district": "Tiruchirappalli",
        "addr:full": "C-108,Fort Station Road,5Th Cross, Thillainagar,Makkal Mandram",
        "addr:postcode": "620018",
        "addr:state": "Tamil Nadu",
        "amenity": "hospital",
        "healthcare": "hospital",
        "name": "Cethar Healthcare Services Private Limited.",
        "source": "OpenGovernmentData"
      },
      "geometry": {
        "type": "Point",
        "coordinates": [
          78.684353,
          10.8239853
        ]
      },
      "id": "node/6926363335"
    },
    {
      "type": "Feature",
      "properties": {
        "@id": "node/6926383839",
        "addr:block": "Tiruchirapalli Corp",
        "addr:district": "Tiruchirappalli",
        "addr:full": "addr:full=1st Cross Rd, Thillai Nagar East, North East Extension, Thillai Nagar",
        "addr:postcode": "620018",
        "addr:state": "Tamil Nadu",
        "amenity": "hospital",
        "healthcare": "hospital",
        "name": "Ananthagiri Hospital",
        "source": "OpenGovernmentData"
      },
      "geometry": {
        "type": "Point",
        "coordinates": [
          78.6850718,
          10.8261601
        ]
      },
      "id": "node/6926383839"
    },
    {
      "type": "Feature",
      "properties": {
        "@id": "node/6926437407",
        "addr:district": "Tiruchirappalli",
        "addr:full": "Surya Avenue, Aryna Nagar, Puthur",
        "addr:postcode": "620017",
        "addr:state": "Tamil Nadu",
        "amenity": "hospital",
        "healthcare": "hospital",
        "name": "Friends Eye Hospital",
        "source": "OpenGovernmentData"
      },
      "geometry": {
        "type": "Point",
        "coordinates": [
          78.6744489,
          10.8128412
        ]
      },
      "id": "node/6926437407"
    },
    {
      "type": "Feature",
      "properties": {
        "@id": "node/6926437423",
        "addr:district": "Tiruchirappalli",
        "addr:full": "No 27, Masuth Near, Trichy, Babau Road",
        "addr:postcode": "620002",
        "addr:state": "Tamil Nadu",
        "addr:subdistrict": "Srirangam",
        "amenity": "hospital",
        "email": "viswanathanhospital@gmail.com",
        "healthcare": "hospital",
        "name": "Dr. G. Viswanathan Speciality Hospitals",
        "phone": "+914314041234",
        "source": "OpenGovernmentData",
        "website": "https://viswanathanhospital.com/"
      },
      "geometry": {
        "type": "Point",
        "coordinates": [
          78.6999379,
          10.824096
        ]
      },
      "id": "node/6926437423"
    },
    {
      "type": "Feature",
      "properties": {
        "@id": "node/6926494038",
        "addr:district": "Tiruchirappalli",
        "addr:full": "5, Ranganatha Puram East, Srirangam",
        "addr:postcode": "620006",
        "addr:state": "Tamil Nadu",
        "amenity": "hospital",
        "healthcare": "hospital",
        "name": "G.V.N. Insitute Of Medical Sciences Dr. Pankajm Si",
        "source": "OpenGovernmentData"
      },
      "geometry": {
        "type": "Point",
        "coordinates": [
          78.7021722,
          10.8529238
        ]
      },
      "id": "node/6926494038"
    },
    {
      "type": "Feature",
      "properties": {
        "@id": "node/6926494056",
        "addr:district": "Tiruchirappalli",
        "addr:full": "95, Trichy Road , Manapparai",
        "addr:postcode": "621306",
        "addr:state": "Tamil Nadu",
        "amenity": "hospital",
        "healthcare": "hospital",
        "name": "G.K.M. Surgical Hospital",
        "source": "OpenGovernmentData"
      },
      "geometry": {
        "type": "Point",
        "coordinates": [
          78.6666074,
          10.7885019
        ]
      },
      "id": "node/6926494056"
    },
    {
      "type": "Feature",
      "properties": {
        "@id": "node/6928235796",
        "addr:block": "Tiruchirapalli Corp",
        "addr:district": "Tiruchirappalli",
        "addr:full": "No. 5, Vayaloor Road, Opposite Bishop Heber College Ground, Near Puthur Nal Road, Puthur",
        "addr:postcode": "620017",
        "addr:state": "Tamil Nadu",
        "amenity": "hospital",
        "healthcare": "hospital",
        "name": "Gitanjali Medical Center - Tiruchirapalli",
        "source": "OpenGovernmentData"
      },
      "geometry": {
        "type": "Point",
        "coordinates": [
          78.6750819,
          10.8139583
        ]
      },
      "id": "node/6928235796"
    },
    {
      "type": "Feature",
      "properties": {
        "@id": "node/6929244828",
        "addr:block": "Tiruchirapalli Corp",
        "addr:district": "Tiruchirappalli",
        "addr:full": "6, Officer`S Colony Puthur",
        "addr:postcode": "620017",
        "addr:state": "Tamil Nadu",
        "amenity": "hospital",
        "healthcare": "hospital",
        "name": "AG Eye Hospital, Puthur",
        "source": "OpenGovernmentData"
      },
      "geometry": {
        "type": "Point",
        "coordinates": [
          78.6801553,
          10.8118335
        ]
      },
      "id": "node/6929244828"
    },
    {
      "type": "Feature",
      "properties": {
        "@id": "node/6929264998",
        "addr:district": "Tiruchirappalli",
        "addr:full": "# 21-B, Jaganathapuram,Puthur",
        "addr:postcode": "620017",
        "addr:state": "Tamil Nadu",
        "amenity": "hospital",
        "healthcare": "hospital",
        "name": "Janet Hospital",
        "source": "OpenGovernmentData"
      },
      "geometry": {
        "type": "Point",
        "coordinates": [
          78.6801285,
          10.8142797
        ]
      },
      "id": "node/6929264998"
    },
    {
      "type": "Feature",
      "properties": {
        "@id": "node/6929359058",
        "addr:district": "Pudukkottai",
        "addr:full": "Alangudi Rd, Near Reliance Petrol Bunk, Kadukkakadu, Pudukkottai",
        "addr:postcode": "622001",
        "addr:state": "Tamil Nadu",
        "amenity": "hospital",
        "healthcare": "hospital",
        "name": "Be Well Hospitals",
        "source": "OpenGovernmentData"
      },
      "geometry": {
        "type": "Point",
        "coordinates": [
          78.8247525,
          10.3763697
        ]
      },
      "id": "node/6929359058"
    },
    {
      "type": "Feature",
      "properties": {
        "@id": "node/6929592155",
        "addr:district": "Pudukkottai",
        "addr:full": "1294, North, 2nd Street",
        "addr:postcode": "622001",
        "addr:state": "Tamil Nadu",
        "amenity": "hospital",
        "healthcare": "hospital",
        "name": "Balamani Hospital",
        "source": "OpenGovernmentData"
      },
      "geometry": {
        "type": "Point",
        "coordinates": [
          78.8210048,
          10.3872105
        ]
      },
      "id": "node/6929592155"
    },
    {
      "type": "Feature",
      "properties": {
        "@id": "node/6929592169",
        "addr:district": "Tiruchirappalli",
        "addr:full": "2A2,Trichy Road, Trichy Dis, Thuraiyur",
        "addr:postcode": "621010",
        "addr:state": "Tamil Nadu",
        "amenity": "hospital",
        "healthcare": "hospital",
        "name": "Balaji Hospital, Thuraiyur",
        "source": "OpenGovernmentData"
      },
      "geometry": {
        "type": "Point",
        "coordinates": [
          78.5937211,
          11.1461716
        ]
      },
      "id": "node/6929592169"
    },
    {
      "type": "Feature",
      "properties": {
        "@id": "node/6930027723",
        "addr:district": "Tiruchirappalli",
        "addr:full": "No. 1 Tolgate, Uthamar Kovil,Thiruvalluvar Avenue",
        "addr:postcode": "621216",
        "addr:state": "Tamil Nadu",
        "amenity": "hospital",
        "name": "Parkkavan Hospital",
        "source": "OpenGovernmentData"
      },
      "geometry": {
        "type": "Point",
        "coordinates": [
          78.7073864,
          10.8761608
        ]
      },
      "id": "node/6930027723"
    },
    {
      "type": "Feature",
      "properties": {
        "@id": "node/6931099855",
        "addr:block": "Thanjavur Corporation",
        "addr:district": "Thanjavur",
        "addr:full": "3279-3281/1, Aurlanatha Nagar, Thanjavur, Thanjavur, Aurlanatha Nagar",
        "addr:postcode": "613007",
        "addr:state": "Tamil Nadu",
        "amenity": "hospital",
        "healthcare": "hospital",
        "name": "Rohini Hospital",
        "source": "OpenGovernmentData"
      },
      "geometry": {
        "type": "Point",
        "coordinates": [
          79.1312465,
          10.7686164
        ]
      },
      "id": "node/6931099855"
    },
    {
      "type": "Feature",
      "properties": {
        "@id": "node/6931699129",
        "addr:district": "Tiruchirappalli",
        "addr:full": "103 A/2, Devar Colony , 1st Cross, Thillai Nagar",
        "addr:postcode": "620001",
        "addr:state": "Tamil Nadu",
        "amenity": "hospital",
        "healthcare": "hospital",
        "name": "Tilak Hospitals",
        "source": "OpenGovernmentData"
      },
      "geometry": {
        "type": "Point",
        "coordinates": [
          78.6795866,
          10.8264703
        ]
      },
      "id": "node/6931699129"
    },
    {
      "type": "Feature",
      "properties": {
        "@id": "node/6932176618",
        "addr:district": "Tiruchirappalli",
        "addr:full": "A10/156, Salai Road,Thillainagar",
        "addr:postcode": "620018",
        "addr:state": "Tamil Nadu",
        "amenity": "hospital",
        "healthcare": "hospital",
        "name": "Rana Maternity Hospital",
        "source": "OpenGovernmentData"
      },
      "geometry": {
        "type": "Point",
        "coordinates": [
          78.6845246,
          10.8269425
        ]
      },
      "id": "node/6932176618"
    },
    {
      "type": "Feature",
      "properties": {
        "@id": "node/6932341207",
        "addr:district": "Tiruchirappalli",
        "addr:full": "No. 6, Thiruvika Nagar, Vannarapettai Corner, Opposite To Guru Medical, Puthur",
        "addr:postcode": "620017",
        "addr:state": "Tamil Nadu",
        "amenity": "hospital",
        "healthcare": "hospital",
        "name": "Arul Hospital",
        "source": "OpenGovernmentData"
      },
      "geometry": {
        "type": "Point",
        "coordinates": [
          78.6794391,
          10.8099708
        ]
      },
      "id": "node/6932341207"
    },
    {
      "type": "Feature",
      "properties": {
        "@id": "node/6933006123",
        "addr:district": "Thanjavur",
        "addr:full": "93, Court Road,Membalam",
        "addr:postcode": "613001",
        "addr:state": "Tamil Nadu",
        "amenity": "hospital",
        "healthcare": "hospital",
        "name": "Nova Hospital",
        "source": "OpenGovernmentData"
      },
      "geometry": {
        "type": "Point",
        "coordinates": [
          79.1325876,
          10.7800994
        ]
      },
      "id": "node/6933006123"
    },
    {
      "type": "Feature",
      "properties": {
        "@id": "node/6933745722",
        "addr:district": "Tiruchirappalli",
        "addr:full": "C-73,4Th Cross,Thillai Nagar,Tiruchirapalli",
        "addr:postcode": "620018",
        "addr:state": "Tamil Nadu",
        "amenity": "hospital",
        "healthcare": "hospital",
        "name": "Dr Agarwals Eye Hospital",
        "operator": "Dr. Agarwal's Eye Hospital",
        "operator:type": "private",
        "operator:wikidata": "Q17052044",
        "source": "OpenGovernmentData"
      },
      "geometry": {
        "type": "Point",
        "coordinates": [
          78.6866945,
          10.8238984
        ]
      },
      "id": "node/6933745722"
    },
    {
      "type": "Feature",
      "properties": {
        "@id": "node/6933882554",
        "addr:block": "Thanjavur Corporation",
        "addr:district": "Thanjavur",
        "addr:full": "1624, South Main Street, (Near Singaram Medical)",
        "addr:postcode": "613009",
        "addr:state": "Tamil Nadu",
        "amenity": "hospital",
        "healthcare": "hospital",
        "name": "Royal Hospital, Thanjavur",
        "source": "OpenGovernmentData"
      },
      "geometry": {
        "type": "Point",
        "coordinates": [
          79.1351411,
          10.7881541
        ]
      },
      "id": "node/6933882554"
    },
    {
      "type": "Feature",
      "properties": {
        "@id": "node/6933883291",
        "addr:district": "Tiruchirappalli",
        "addr:full": "C-124,5Th Cross,Thillainagar",
        "addr:postcode": "620018",
        "addr:state": "Tamil Nadu",
        "amenity": "hospital",
        "healthcare": "hospital",
        "name": "Dr.Vas Hospital For Eye and Children",
        "source": "OpenGovernmentData"
      },
      "geometry": {
        "type": "Point",
        "coordinates": [
          78.6836649,
          10.823735
        ]
      },
      "id": "node/6933883291"
    },
    {
      "type": "Feature",
      "properties": {
        "@id": "node/6933974231",
        "addr:district": "Tiruchirappalli",
        "addr:full": "No: 6A/7, First Main Road, Ramalinga Nagar, Woraiyur",
        "addr:postcode": "620003",
        "addr:state": "Tamil Nadu",
        "amenity": "hospital",
        "healthcare": "hospital",
        "name": "Sudharsana Hospital",
        "source": "OpenGovernmentData"
      },
      "geometry": {
        "type": "Point",
        "coordinates": [
          78.6675935,
          10.8216888
        ]
      },
      "id": "node/6933974231"
    },
    {
      "type": "Feature",
      "properties": {
        "@id": "node/6933992442",
        "addr:district": "Pudukkottai",
        "addr:full": "2749/2, East Main Street",
        "addr:postcode": "622001",
        "addr:state": "Tamil Nadu",
        "amenity": "hospital",
        "healthcare": "hospital",
        "name": "Padma Hospital, Pudukkottai",
        "source": "OpenGovernmentData"
      },
      "geometry": {
        "type": "Point",
        "coordinates": [
          78.8218175,
          10.3844799
        ]
      },
      "id": "node/6933992442"
    },
    {
      "type": "Feature",
      "properties": {
        "@id": "node/6933992447",
        "addr:district": "Thanjavur",
        "addr:full": "Vijaya Theatre Road, Burma Bazar Road, Thanjavur",
        "addr:postcode": "613001",
        "addr:state": "Tamil Nadu",
        "amenity": "hospital",
        "healthcare": "hospital",
        "name": "P.K. Hospital",
        "source": "OpenGovernmentData"
      },
      "geometry": {
        "type": "Point",
        "coordinates": [
          79.1399771,
          10.7860529
        ]
      },
      "id": "node/6933992447"
    },
    {
      "type": "Feature",
      "properties": {
        "@id": "node/6934015411",
        "addr:block": "Thanjavur Corporation",
        "addr:district": "Thanjavur",
        "addr:full": "58 G.A. Canal Road, Near Hotel Parisutham",
        "addr:postcode": "613001",
        "addr:state": "Tamil Nadu",
        "amenity": "hospital",
        "healthcare": "hospital",
        "name": "Keerthana Hospital",
        "source": "OpenGovernmentData"
      },
      "geometry": {
        "type": "Point",
        "coordinates": [
          79.1408978,
          10.7831809
        ]
      },
      "id": "node/6934015411"
    },
    {
      "type": "Feature",
      "properties": {
        "@id": "node/6934018863",
        "addr:district": "Tiruchirappalli",
        "addr:full": "No. 77/4-B Vignes Nagar, Kuttur I",
        "addr:postcode": "620019",
        "addr:state": "Tamil Nadu",
        "amenity": "hospital",
        "healthcare": "hospital",
        "name": "Vasan Eye Care Hospital, Kuttur",
        "source": "OpenGovernmentData"
      },
      "geometry": {
        "type": "Point",
        "coordinates": [
          78.7492651,
          10.7990396
        ]
      },
      "id": "node/6934018863"
    },
    {
      "type": "Feature",
      "properties": {
        "@id": "node/6934214347",
        "addr:district": "Tiruchirappalli",
        "addr:full": "C-165, 9Th A Cross, Thillaina",
        "addr:postcode": "620018",
        "addr:state": "Tamil Nadu",
        "amenity": "hospital",
        "healthcare": "hospital",
        "name": "Wellcare Hospital And Research Institute",
        "source": "OpenGovernmentData"
      },
      "geometry": {
        "type": "Point",
        "coordinates": [
          78.6829026,
          10.8215313
        ]
      },
      "id": "node/6934214347"
    },
    {
      "type": "Feature",
      "properties": {
        "@id": "node/6934267054",
        "addr:district": "Tiruchirappalli",
        "addr:full": "358/92-A,Extension,Opp To Police Qtrs",
        "addr:postcode": "621010",
        "addr:state": "Tamil Nadu",
        "amenity": "hospital",
        "healthcare": "hospital",
        "name": "Annai Hospital",
        "source": "OpenGovernmentData"
      },
      "geometry": {
        "type": "Point",
        "coordinates": [
          78.7399095,
          10.9190943
        ]
      },
      "id": "node/6934267054"
    },
    {
      "type": "Feature",
      "properties": {
        "@id": "node/6934271043",
        "addr:district": "Tiruchirappalli",
        "addr:full": "91, Butterworth Road, Near Chatram Bus Stand",
        "addr:postcode": "620001",
        "addr:state": "Tamil Nadu",
        "amenity": "hospital",
        "healthcare": "hospital",
        "name": "M.S Hospitals Senthil Nursing Home",
        "source": "OpenGovernmentData"
      },
      "geometry": {
        "type": "Point",
        "coordinates": [
          78.6964899,
          10.8304595
        ]
      },
      "id": "node/6934271043"
    },
    {
      "type": "Feature",
      "properties": {
        "@id": "node/6934271053",
        "addr:district": "Thanjavur",
        "addr:full": "No:1 Yagappa Nagar,Pudukkottai Road,Mani Mandapam",
        "addr:postcode": "613002",
        "addr:state": "Tamil Nadu",
        "amenity": "hospital",
        "healthcare": "hospital",
        "name": "M.R. Hospital",
        "source": "OpenGovernmentData"
      },
      "geometry": {
        "type": "Point",
        "coordinates": [
          79.1291155,
          10.7643728
        ]
      },
      "id": "node/6934271053"
    },
    {
      "type": "Feature",
      "properties": {
        "@id": "node/6934271091",
        "addr:district": "Thanjavur",
        "addr:full": "No:16, First Street, Arulananda Nagar",
        "addr:postcode": "613007",
        "addr:state": "Tamil Nadu",
        "amenity": "hospital",
        "healthcare": "hospital",
        "name": "M.G. Hospitals",
        "source": "OpenGovernmentData"
      },
      "geometry": {
        "type": "Point",
        "coordinates": [
          79.1371172,
          10.7618991
        ]
      },
      "id": "node/6934271091"
    },
    {
      "type": "Feature",
      "properties": {
        "@id": "node/6934291677",
        "addr:district": "Pudukkottai",
        "addr:full": "5882/13-P,Lakshmipuram 2nd Street,Behind Of Sathyam Hotel",
        "addr:postcode": "622001",
        "addr:state": "Tamil Nadu",
        "amenity": "hospital",
        "healthcare": "hospital",
        "name": "Shri Sarradha Eye Hospital",
        "source": "OpenGovernmentData"
      },
      "geometry": {
        "type": "Point",
        "coordinates": [
          78.8116794,
          10.3792864
        ]
      },
      "id": "node/6934291677"
    },
    {
      "type": "Feature",
      "properties": {
        "@id": "node/6934325871",
        "addr:district": "Tiruchirappalli",
        "addr:full": "Plot No. 5/5, Highways Colony",
        "addr:postcode": "620020",
        "addr:state": "Tamil Nadu",
        "amenity": "hospital",
        "healthcare": "hospital",
        "name": "Nalam Hospital",
        "source": "OpenGovernmentData"
      },
      "geometry": {
        "type": "Point",
        "coordinates": [
          78.703182,
          10.7834523
        ]
      },
      "id": "node/6934325871"
    },
    {
      "type": "Feature",
      "properties": {
        "@id": "node/6934340643",
        "addr:district": "Tiruchirappalli",
        "addr:full": "A9, 11Th Cross West,Thillai Nagar",
        "addr:postcode": "620012",
        "addr:state": "Tamil Nadu",
        "amenity": "hospital",
        "healthcare": "hospital",
        "name": "Neuro Center",
        "source": "OpenGovernmentData"
      },
      "geometry": {
        "type": "Point",
        "coordinates": [
          78.6809117,
          10.8191009
        ]
      },
      "id": "node/6934340643"
    },
    {
      "type": "Feature",
      "properties": {
        "@id": "node/6934340653",
        "addr:district": "Tiruchirappalli",
        "addr:full": "3-A/108, Bharathiar Salai,Contonment",
        "addr:postcode": "620001",
        "addr:state": "Tamil Nadu",
        "amenity": "hospital",
        "healthcare": "hospital",
        "name": "New Aarthy Hospital",
        "source": "OpenGovernmentData"
      },
      "geometry": {
        "type": "Point",
        "coordinates": [
          78.687817,
          10.8004795
        ]
      },
      "id": "node/6934340653"
    },
    {
      "type": "Feature",
      "properties": {
        "@id": "node/6934340695",
        "addr:district": "Tiruchirappalli",
        "addr:full": "47,47-A, Puthur Road ,Puthur",
        "addr:postcode": "620012",
        "addr:state": "Tamil Nadu",
        "amenity": "hospital",
        "healthcare": "hospital",
        "name": "Olympia Hospital",
        "source": "OpenGovernmentData"
      },
      "geometry": {
        "type": "Point",
        "coordinates": [
          78.6776501,
          10.8161342
        ]
      },
      "id": "node/6934340695"
    },
    {
      "type": "Feature",
      "properties": {
        "@id": "node/6934347099",
        "addr:block": "Thanjavur Corporation",
        "addr:district": "Thanjavur",
        "addr:full": "No.69, Trichy Road, Lmr : Convent, Thanjavur",
        "addr:postcode": "613007",
        "addr:state": "Tamil Nadu",
        "amenity": "hospital",
        "healthcare": "hospital",
        "healthcare:speciality": "multi speciality",
        "name": "Anu Multispeciality Hospital",
        "source": "OpenGovernmentData"
      },
      "geometry": {
        "type": "Point",
        "coordinates": [
          79.1377428,
          10.7749587
        ]
      },
      "id": "node/6934347099"
    },
    {
      "type": "Feature",
      "properties": {
        "@id": "node/6934392805",
        "addr:block": "Thanjavur Corporation",
        "addr:district": "Thanjavur",
        "addr:full": "No-6 & 7, K S Nagar , Opp Bus Stand",
        "addr:postcode": "613007",
        "addr:state": "Tamil Nadu",
        "amenity": "hospital",
        "name": "Ksdc Hospital",
        "source": "OpenGovernmentData"
      },
      "geometry": {
        "type": "Point",
        "coordinates": [
          79.1143171,
          10.7469127
        ]
      },
      "id": "node/6934392805"
    },
    {
      "type": "Feature",
      "properties": {
        "@id": "node/6934422528",
        "addr:block": "Kulithalai Mpty",
        "addr:district": "Karur",
        "addr:full": "Kadambar Kovil, Vaigai Nallur Agraharam, Elementry School Street",
        "addr:postcode": "639104",
        "addr:state": "Tamil Nadu",
        "addr:subdistrict": "Kulithalai",
        "amenity": "hospital",
        "healthcare": "hospital",
        "name": "T M R Hospital",
        "source": "OpenGovernmentData"
      },
      "geometry": {
        "type": "Point",
        "coordinates": [
          78.4158242,
          10.9429825
        ]
      },
      "id": "node/6934422528"
    },
    {
      "type": "Feature",
      "properties": {
        "@id": "node/6934448981",
        "addr:district": "Tiruchirappalli",
        "addr:full": "Annamalai Nagar, Salai Road",
        "addr:postcode": "620018",
        "addr:state": "Tamil Nadu",
        "amenity": "hospital",
        "healthcare": "hospital",
        "name": "Shree Akila Hospital",
        "source": "OpenGovernmentData"
      },
      "geometry": {
        "type": "Point",
        "coordinates": [
          78.6936589,
          10.8494268
        ]
      },
      "id": "node/6934448981"
    },
    {
      "type": "Feature",
      "properties": {
        "@id": "node/6934754198",
        "addr:block": "Thanjavur Corporation",
        "addr:district": "Thanjavur",
        "addr:full": "3Rd Cross Road, Ramakrishnapuram, Arulananda Nagar West Extension",
        "addr:postcode": "613007",
        "addr:state": "Tamil Nadu",
        "amenity": "hospital",
        "healthcare": "hospital",
        "healthcare:speciality": "urology",
        "name": "KDR Hospital",
        "phone": "+91 94886 40379",
        "source": "OpenGovernmentData",
        "website": "https://kdr-hospital-urology-center.business.site/"
      },
      "geometry": {
        "type": "Point",
        "coordinates": [
          79.1334164,
          10.7703331
        ]
      },
      "id": "node/6934754198"
    },
    {
      "type": "Feature",
      "properties": {
        "@id": "node/6934868737",
        "addr:district": "Tiruchirappalli",
        "addr:full": "No:B-35(S), 11Th Cross East, Thillainagar",
        "addr:postcode": "620014",
        "addr:state": "Tamil Nadu",
        "amenity": "hospital",
        "healthcare": "hospital",
        "name": "Sree Paduka Speciality Hospital",
        "source": "OpenGovernmentData"
      },
      "geometry": {
        "type": "Point",
        "coordinates": [
          78.6836898,
          10.8239899
        ]
      },
      "id": "node/6934868737"
    },
    {
      "type": "Feature",
      "properties": {
        "@id": "node/6935217382",
        "addr:district": "Tiruchirappalli",
        "addr:full": "No:15 , 2Road Cross ,Thillai Nagar Mn Road",
        "addr:postcode": "620012",
        "addr:state": "Tamil Nadu",
        "amenity": "hospital",
        "healthcare": "hospital",
        "name": "Trp Clinic Zone",
        "source": "OpenGovernmentData"
      },
      "geometry": {
        "type": "Point",
        "coordinates": [
          78.6836193,
          10.8260119
        ]
      },
      "id": "node/6935217382"
    },
    {
      "type": "Feature",
      "properties": {
        "@id": "node/6936299001",
        "addr:block": "Tiruchirapalli Corp",
        "addr:district": "Tiruchirappalli",
        "addr:full": "C-12, 3 rd Cross East, Thillainasar",
        "addr:postcode": "620018",
        "addr:state": "Tamil Nadu",
        "amenity": "hospital",
        "healthcare": "hospital",
        "name": "Royal Pearl Hosptial",
        "source": "OpenGovernmentData"
      },
      "geometry": {
        "type": "Point",
        "coordinates": [
          78.6836918,
          10.8253605
        ]
      },
      "id": "node/6936299001"
    },
    {
      "type": "Feature",
      "properties": {
        "@id": "node/6936335755",
        "addr:district": "Tiruchirappalli",
        "addr:full": "No. 6, Seshapurm,Tennurtiruchiappalli",
        "addr:postcode": "620017",
        "addr:state": "Tamil Nadu",
        "amenity": "hospital",
        "healthcare": "hospital",
        "name": "Mahathma Eye Hospital",
        "source": "OpenGovernmentData"
      },
      "geometry": {
        "type": "Point",
        "coordinates": [
          78.6843556,
          10.8179628
        ]
      },
      "id": "node/6936335755"
    },
    {
      "type": "Feature",
      "properties": {
        "@id": "node/6936339119",
        "addr:district": "Tiruchirappalli",
        "addr:full": "#10, Town Railway Station Road,Near Town Railway Station",
        "addr:postcode": "620002",
        "addr:state": "Tamil Nadu",
        "amenity": "hospital",
        "healthcare": "hospital",
        "name": "Thirumurugan Hospital",
        "source": "OpenGovernmentData"
      },
      "geometry": {
        "type": "Point",
        "coordinates": [
          78.702549,
          10.8288801
        ]
      },
      "id": "node/6936339119"
    },
    {
      "type": "Feature",
      "properties": {
        "@id": "node/6936347898",
        "addr:district": "Pudukkottai",
        "addr:full": "Ts N O: 5732, Santhanathapuram 3Road St, Opp To New Bus Stand",
        "addr:postcode": "622001",
        "addr:state": "Tamil Nadu",
        "amenity": "hospital",
        "healthcare": "hospital",
        "name": "Kannan Hospital, Pudukkottai",
        "source": "OpenGovernmentData"
      },
      "geometry": {
        "type": "Point",
        "coordinates": [
          78.8162693,
          10.3792573
        ]
      },
      "id": "node/6936347898"
    },
    {
      "type": "Feature",
      "properties": {
        "@id": "node/6936359898",
        "addr:district": "Tiruchirappalli",
        "addr:full": "#12, Wireless Road,Airport ,Kamaraj Nagar",
        "addr:postcode": "620007",
        "addr:state": "Tamil Nadu",
        "amenity": "hospital",
        "name": "Thilagavathy Hospital",
        "source": "OpenGovernmentData"
      },
      "geometry": {
        "type": "Point",
        "coordinates": [
          78.7045486,
          10.7589696
        ]
      },
      "id": "node/6936359898"
    },
    {
      "type": "Feature",
      "properties": {
        "@id": "node/6936415725",
        "addr:district": "Pudukkottai",
        "addr:full": "5594/1 South 4Th Street",
        "addr:postcode": "622001",
        "addr:state": "Tamil Nadu",
        "amenity": "hospital",
        "healthcare": "hospital",
        "name": "Sri Krishna Eye Hospital",
        "source": "OpenGovernmentData"
      },
      "geometry": {
        "type": "Point",
        "coordinates": [
          78.819032,
          10.3799051
        ]
      },
      "id": "node/6936415725"
    },
    {
      "type": "Feature",
      "properties": {
        "@id": "node/6936416762",
        "addr:district": "Thanjavur",
        "addr:full": "Cauvery Nagar South 6Th Street Opposite New Housing Unit Pudukkottai Road",
        "addr:postcode": "613005",
        "addr:state": "Tamil Nadu",
        "amenity": "hospital",
        "healthcare": "hospital",
        "name": "Rss Hospital",
        "source": "OpenGovernmentData"
      },
      "geometry": {
        "type": "Point",
        "coordinates": [
          79.1211198,
          10.7528997
        ]
      },
      "id": "node/6936416762"
    },
    {
      "type": "Feature",
      "properties": {
        "@id": "node/6936421504",
        "addr:district": "Tiruchirappalli",
        "addr:full": "#32 , Gandhi Road ,T.V.Kovil",
        "addr:postcode": "620005",
        "addr:state": "Tamil Nadu",
        "amenity": "hospital",
        "healthcare": "hospital",
        "name": "Rajendhira Hospital",
        "source": "OpenGovernmentData"
      },
      "geometry": {
        "type": "Point",
        "coordinates": [
          78.6988778,
          10.8537595
        ]
      },
      "id": "node/6936421504"
    },
    {
      "type": "Feature",
      "properties": {
        "@id": "node/6936440594",
        "addr:district": "Tiruchirappalli",
        "addr:full": "No-10,Vishwanathpuram,Tennur",
        "addr:postcode": "620017",
        "addr:state": "Tamil Nadu",
        "amenity": "hospital",
        "healthcare": "hospital",
        "name": "Kerala Ayurvedic Hospital",
        "source": "OpenGovernmentData"
      },
      "geometry": {
        "type": "Point",
        "coordinates": [
          78.6858845,
          10.8184647
        ]
      },
      "id": "node/6936440594"
    },
    {
      "type": "Feature",
      "properties": {
        "@id": "node/6936684329",
        "addr:district": "Tiruchirappalli",
        "addr:full": "20/A, V Cross Paramasivapuram Lalgudi",
        "addr:postcode": "621601",
        "addr:state": "Tamil Nadu",
        "amenity": "hospital",
        "healthcare": "hospital",
        "name": "RMMC Multi Speciality Hospital",
        "source": "OpenGovernmentData"
      },
      "geometry": {
        "type": "Point",
        "coordinates": [
          78.8148531,
          10.8739587
        ]
      },
      "id": "node/6936684329"
    },
    {
      "type": "Feature",
      "properties": {
        "@id": "node/6936695092",
        "addr:block": "Anthanallur",
        "addr:district": "Tiruchirappalli",
        "addr:full": "No.16/4, Near Devi Stop, Srirangam, Trichy, Gandhi Road",
        "addr:postcode": "620006",
        "addr:state": "Tamil Nadu",
        "addr:subdistrict": "Srirangam",
        "amenity": "hospital",
        "healthcare": "hospital",
        "name": "Sree Devi Hospital",
        "source": "OpenGovernmentData"
      },
      "geometry": {
        "type": "Point",
        "coordinates": [
          78.6924908,
          10.8575916
        ]
      },
      "id": "node/6936695092"
    },
    {
      "type": "Feature",
      "properties": {
        "@id": "node/6936695167",
        "addr:block": "Thanjavur Corporation",
        "addr:district": "Thanjavur",
        "addr:full": "3120 &3121, Thanjavur, Trichy Road",
        "addr:postcode": "613007",
        "addr:state": "Tamil Nadu",
        "amenity": "hospital",
        "healthcare": "hospital",
        "name": "Vinodhagan Hospital",
        "source": "OpenGovernmentData",
        "wheelchair": "yes"
      },
      "geometry": {
        "type": "Point",
        "coordinates": [
          79.1363052,
          10.7742499
        ]
      },
      "id": "node/6936695167"
    },
    {
      "type": "Feature",
      "properties": {
        "@id": "node/6936708026",
        "addr:district": "Thanjavur",
        "addr:full": "16,High School Road,Pattukkottai",
        "addr:postcode": "614601",
        "addr:state": "Tamil Nadu",
        "amenity": "hospital",
        "healthcare": "hospital",
        "name": "Sri Kumarun Hospital",
        "source": "OpenGovernmentData"
      },
      "geometry": {
        "type": "Point",
        "coordinates": [
          79.1112238,
          10.7678786
        ]
      },
      "id": "node/6936708026"
    },
    {
      "type": "Feature",
      "properties": {
        "@id": "node/6936709000",
        "addr:district": "Pudukkottai",
        "addr:full": "#537/5, Alangudi Road",
        "addr:postcode": "622001",
        "addr:state": "Tamil Nadu",
        "amenity": "hospital",
        "name": "Bhuvana Nursing Home",
        "source": "OpenGovernmentData"
      },
      "geometry": {
        "type": "Point",
        "coordinates": [
          78.8367641,
          10.3604482
        ]
      },
      "id": "node/6936709000"
    },
    {
      "type": "Feature",
      "properties": {
        "@id": "node/6936709095",
        "addr:district": "Tiruchirappalli",
        "addr:full": "Worior",
        "addr:postcode": "620003",
        "addr:state": "Tamil Nadu",
        "amenity": "hospital",
        "healthcare": "hospital",
        "name": "C.S.I. Mission General Hospital",
        "source": "OpenGovernmentData"
      },
      "geometry": {
        "type": "Point",
        "coordinates": [
          78.6746728,
          10.8233069
        ]
      },
      "id": "node/6936709095"
    },
    {
      "type": "Feature",
      "properties": {
        "@id": "node/6936709101",
        "addr:district": "Tiruchirappalli",
        "addr:full": "103-A, Salai Road,Woraiyur",
        "addr:postcode": "620001",
        "addr:state": "Tamil Nadu",
        "amenity": "hospital",
        "healthcare": "hospital",
        "name": "Bone and Joint Hospital",
        "source": "OpenGovernmentData"
      },
      "geometry": {
        "type": "Point",
        "coordinates": [
          78.6790998,
          10.8271085
        ]
      },
      "id": "node/6936709101"
    },
    {
      "type": "Feature",
      "properties": {
        "@id": "node/6936709131",
        "addr:district": "Tiruchirappalli",
        "addr:full": "#1, Krishnamoorthy Nagar",
        "addr:postcode": "620021",
        "addr:state": "Tamil Nadu",
        "amenity": "hospital",
        "healthcare": "hospital",
        "name": "Krishna Hospital, Tiruchirappalli",
        "source": "OpenGovernmentData"
      },
      "geometry": {
        "type": "Point",
        "coordinates": [
          78.6844549,
          10.7729404
        ]
      },
      "id": "node/6936709131"
    },
    {
      "type": "Feature",
      "properties": {
        "@id": "node/6936986717",
        "addr:district": "Pudukkottai",
        "addr:full": "#4060-4062,South 4Th Street;Santhanathapuram, Pudukkottai",
        "addr:postcode": "622001",
        "addr:state": "Tamil Nadu",
        "amenity": "hospital",
        "healthcare": "hospital",
        "name": "SRV Hospital",
        "source": "OpenGovernmentData;Local Knowledge"
      },
      "geometry": {
        "type": "Point",
        "coordinates": [
          78.8188805,
          10.3803167
        ]
      },
      "id": "node/6936986717"
    },
    {
      "type": "Feature",
      "properties": {
        "@id": "node/6936986722",
        "addr:district": "Pudukkottai",
        "addr:full": "#4060-4062,South 4Th Street",
        "addr:postcode": "622001",
        "addr:state": "Tamil Nadu",
        "amenity": "hospital",
        "healthcare": "hospital",
        "name": "Srv Hospital",
        "source": "OpenGovernmentData"
      },
      "geometry": {
        "type": "Point",
        "coordinates": [
          78.8189676,
          10.3803443
        ]
      },
      "id": "node/6936986722"
    },
    {
      "type": "Feature",
      "properties": {
        "@id": "node/6937058944",
        "addr:district": "Tiruchirappalli",
        "addr:full": "A-6,11Th Cross (East), Thillaingar",
        "addr:postcode": "620018",
        "addr:state": "Tamil Nadu",
        "amenity": "hospital",
        "healthcare": "hospital",
        "name": "Ayesha Hospital, Thillaingar",
        "source": "OpenGovernmentData"
      },
      "geometry": {
        "type": "Point",
        "coordinates": [
          78.6838654,
          10.8195073
        ]
      },
      "id": "node/6937058944"
    },
    {
      "type": "Feature",
      "properties": {
        "@id": "node/6937624898",
        "addr:district": "Tiruchirappalli",
        "addr:full": "34, 7Th Cross, Thillai Nagar (West)",
        "addr:postcode": "620018",
        "addr:state": "Tamil Nadu",
        "amenity": "hospital",
        "healthcare": "hospital",
        "name": "Sri Venkateshwara Hospital ,Tiruchirapalli",
        "source": "OpenGovernmentData"
      },
      "geometry": {
        "type": "Point",
        "coordinates": [
          78.6830614,
          10.8219673
        ]
      },
      "id": "node/6937624898"
    },
    {
      "type": "Feature",
      "properties": {
        "@id": "node/7044867196",
        "name": "Kannadi Arasan Victory Glass and Plywood",
        "shop": "gift"
      },
      "geometry": {
        "type": "Point",
        "coordinates": [
          78.6934937,
          10.816505
        ]
      },
      "id": "node/7044867196"
    },
    {
      "type": "Feature",
      "properties": {
        "@id": "node/7144670283",
        "addr:city": "Kulithalai",
        "addr:housenumber": "46",
        "addr:postcode": "639104",
        "addr:street": "Vysyal Street",
        "contact:mobile": "+919489789555",
        "name": "GK SYSTEMS",
        "opening_hours": "24/7",
        "payment:cash": "yes",
        "payment:credit_cards": "yes",
        "payment:debit_cards": "yes",
        "shop": "computer",
        "website": "http://gksystems.net"
      },
      "geometry": {
        "type": "Point",
        "coordinates": [
          78.4265176,
          10.934983
        ]
      },
      "id": "node/7144670283"
    },
    {
      "type": "Feature",
      "properties": {
        "@id": "node/7154693385",
        "amenity": "restaurant",
        "name": "Shri Sangeetas",
        "name:en": "Shri Sangeetas",
        "name:ta": "ஸ்ரீ சங்கீதாஸ்"
      },
      "geometry": {
        "type": "Point",
        "coordinates": [
          78.6775422,
          10.8005221
        ]
      },
      "id": "node/7154693385"
    },
    {
      "type": "Feature",
      "properties": {
        "@id": "node/7181628619",
        "addr:district": "Tiruchirappalli",
        "addr:full": "3-B,Bus Stand Road,Jayankondam",
        "addr:postcode": "621205",
        "addr:state": "Tamil Nadu",
        "amenity": "hospital",
        "healthcare": "hospital",
        "name": "Mangalam Hospital, Tiruchirappalli",
        "source": "OpenGovernmentData"
      },
      "geometry": {
        "type": "Point",
        "coordinates": [
          78.6839486,
          10.8239814
        ]
      },
      "id": "node/7181628619"
    },
    {
      "type": "Feature",
      "properties": {
        "@id": "node/7205733639",
        "amenity": "restaurant",
        "diet:vegetarian": "only",
        "name": "Vivi Chris Pure Veg Restaurant"
      },
      "geometry": {
        "type": "Point",
        "coordinates": [
          78.7274486,
          10.7055127
        ]
      },
      "id": "node/7205733639"
    },
    {
      "type": "Feature",
      "properties": {
        "@id": "node/7206296570",
        "amenity": "atm",
        "brand": "State Bank of India",
        "brand:en": "State Bank of India",
        "brand:wikidata": "Q1340361",
        "brand:wikipedia": "en:State Bank of India",
        "currency:INR": "yes",
        "drive_through": "no",
        "indoor": "yes",
        "name": "State Bank of India",
        "note": "Contributors are requested to not edit the \"brand\", \"brand:en\", \"brand:wikidata\", \"operator\", \"operator:en\" and \"operator:wikidata\" tags. (2025/03/03)",
        "opening_hours": "24/7",
        "operator": "State Bank of India",
        "operator:en": "State Bank of India",
        "operator:wikidata": "Q1340361",
        "operator:wikipedia": "en:State Bank of India",
        "short_name": "SBI"
      },
      "geometry": {
        "type": "Point",
        "coordinates": [
          78.6968916,
          10.8189911
        ]
      },
      "id": "node/7206296570"
    },
    {
      "type": "Feature",
      "properties": {
        "@id": "node/7206304575",
        "amenity": "cafe",
        "brand": "Cafe Coffee Day",
        "brand:wikidata": "Q5017235",
        "brand:wikipedia": "en:Café Coffee Day",
        "cuisine": "coffee_shop",
        "name": "Cafe Coffee Day",
        "takeaway": "yes"
      },
      "geometry": {
        "type": "Point",
        "coordinates": [
          78.6833888,
          10.8200766
        ]
      },
      "id": "node/7206304575"
    },
    {
      "type": "Feature",
      "properties": {
        "@id": "node/7206305494",
        "name": "Bharat Cycle Store",
        "shop": "bicycle"
      },
      "geometry": {
        "type": "Point",
        "coordinates": [
          78.6863194,
          10.8179518
        ]
      },
      "id": "node/7206305494"
    },
    {
      "type": "Feature",
      "properties": {
        "@id": "node/7206306851",
        "name": "metro traders",
        "shop": "bicycle"
      },
      "geometry": {
        "type": "Point",
        "coordinates": [
          78.6970058,
          10.8229575
        ]
      },
      "id": "node/7206306851"
    },
    {
      "type": "Feature",
      "properties": {
        "@id": "node/7207674165",
        "amenity": "atm",
        "brand": "State Bank of India",
        "brand:en": "State Bank of India",
        "brand:wikidata": "Q1340361",
        "brand:wikipedia": "en:State Bank of India",
        "currency:INR": "yes",
        "drive_through": "no",
        "indoor": "yes",
        "name": "State Bank of India",
        "note": "Contributors are requested to not edit the \"brand\", \"brand:en\", \"brand:wikidata\", \"operator\", \"operator:en\" and \"operator:wikidata\" tags. (2025/03/03)",
        "opening_hours": "24/7",
        "operator": "State Bank of India",
        "operator:en": "State Bank of India",
        "operator:wikidata": "Q1340361",
        "operator:wikipedia": "en:State Bank of India",
        "short_name": "SBI"
      },
      "geometry": {
        "type": "Point",
        "coordinates": [
          78.6896691,
          10.8604783
        ]
      },
      "id": "node/7207674165"
    },
    {
      "type": "Feature",
      "properties": {
        "@id": "node/7207698157",
        "amenity": "restaurant",
        "name": "Hotel Mani Vilas (A/C pure veg)"
      },
      "geometry": {
        "type": "Point",
        "coordinates": [
          78.6898415,
          10.8585775
        ]
      },
      "id": "node/7207698157"
    },
    {
      "type": "Feature",
      "properties": {
        "@id": "node/7208647834",
        "name": "Femina Shopping Mall (FSM)",
        "shop": "mall"
      },
      "geometry": {
        "type": "Point",
        "coordinates": [
          78.6917092,
          10.8233878
        ]
      },
      "id": "node/7208647834"
    },
    {
      "type": "Feature",
      "properties": {
        "@id": "node/7212085915",
        "name": "Track & Trail",
        "shop": "bicycle"
      },
      "geometry": {
        "type": "Point",
        "coordinates": [
          79.1292507,
          10.7771973
        ]
      },
      "id": "node/7212085915"
    },
    {
      "type": "Feature",
      "properties": {
        "@id": "node/7213391109",
        "addr:district": "Tiruchirappalli",
        "addr:full": "Thillai Nagar Main Rd, Srinivasapuram, Thillai Nagar, Tiruchirappalli",
        "addr:postcode": "620001",
        "addr:state": "Tamil Nadu",
        "amenity": "hospital",
        "healthcare": "hospital",
        "name": "S.A.M Hospital",
        "source": "OpenGovernmentData"
      },
      "geometry": {
        "type": "Point",
        "coordinates": [
          78.6837253,
          10.8189824
        ]
      },
      "id": "node/7213391109"
    },
    {
      "type": "Feature",
      "properties": {
        "@id": "node/7252225680",
        "addr:district": "Tiruchirappalli",
        "addr:full": "Government Hospital Thiruverambur, Near Police Station, Thuvakudi, Near Bharagath Nagar",
        "addr:postcode": "620015",
        "addr:state": "Tamil Nadu",
        "addr:subdistrict": "Thiruverumbur",
        "amenity": "hospital",
        "healthcare": "hospital",
        "name": "Thuvakudi,Government Hospital",
        "source": "OpenGovernmentData"
      },
      "geometry": {
        "type": "Point",
        "coordinates": [
          78.821829,
          10.75343
        ]
      },
      "id": "node/7252225680"
    },
    {
      "type": "Feature",
      "properties": {
        "@id": "node/7252225686",
        "addr:block": "Manaparai Mpty",
        "addr:district": "Tiruchirappalli",
        "addr:full": "94/1, Trichy - Dindugal Rd, Pothamettupatti",
        "addr:postcode": "621306",
        "addr:state": "Tamil Nadu",
        "addr:subdistrict": "Manapparai",
        "amenity": "hospital",
        "name": "Gkm Hospital,Manaparai",
        "source": "OpenGovernmentData"
      },
      "geometry": {
        "type": "Point",
        "coordinates": [
          78.425888,
          10.61241
        ]
      },
      "id": "node/7252225686"
    },
    {
      "type": "Feature",
      "properties": {
        "@id": "node/7252225707",
        "addr:block": "Thanjavur Corporation",
        "addr:district": "Thanjavur",
        "addr:full": "3300, 1A1, Yagappa Nagar Main Rd, Shanthi Nagar, Parisutham Nagar, Thanjavur",
        "addr:postcode": "613006",
        "addr:state": "Tamil Nadu",
        "amenity": "hospital",
        "healthcare": "hospital",
        "name": "Bharani Hospitals",
        "source": "OpenGovernmentData"
      },
      "geometry": {
        "type": "Point",
        "coordinates": [
          79.139549,
          10.76278
        ]
      },
      "id": "node/7252225707"
    },
    {
      "type": "Feature",
      "properties": {
        "@id": "node/7252225726",
        "addr:block": "Manaparai Mpty",
        "addr:district": "Tiruchirappalli",
        "addr:full": "Govindharajapuram, Manapparai, Kovilpatti Road,Manapparai",
        "addr:postcode": "621306",
        "addr:state": "Tamil Nadu",
        "addr:subdistrict": "Manapparai",
        "amenity": "hospital",
        "name": "Chitra Hospital",
        "source": "OpenGovernmentData"
      },
      "geometry": {
        "type": "Point",
        "coordinates": [
          78.4256873,
          10.6056931
        ]
      },
      "id": "node/7252225726"
    },
    {
      "type": "Feature",
      "properties": {
        "@id": "node/7252225728",
        "addr:block": "Thanjavur Corporation",
        "addr:district": "Thanjavur",
        "addr:full": "Periyar Maniammai Hospitals, Vallam, Vallam-613 403, Periyar Nagar",
        "addr:postcode": "613403",
        "addr:state": "Tamil Nadu",
        "amenity": "hospital",
        "healthcare": "hospital",
        "name": "Periyar Maniammai Hospitals",
        "name:etymology:wikidata": "Q12987050",
        "source": "OpenGovernmentData"
      },
      "geometry": {
        "type": "Point",
        "coordinates": [
          79.0718803,
          10.7294648
        ]
      },
      "id": "node/7252225728"
    },
    {
      "type": "Feature",
      "properties": {
        "@id": "node/7252225773",
        "addr:block": "Thoppampatti",
        "addr:district": "Dindigul",
        "addr:full": "Opp Town Panchayath Office, Keeranur Road, Keeranur",
        "addr:postcode": "622502",
        "addr:state": "Tamil Nadu",
        "addr:subdistrict": "Oddanchatram",
        "amenity": "hospital",
        "name": "Government Hospital, Keeranur",
        "source": "OpenGovernmentData"
      },
      "geometry": {
        "type": "Point",
        "coordinates": [
          78.7840059,
          10.5740913
        ]
      },
      "id": "node/7252225773"
    },
    {
      "type": "Feature",
      "properties": {
        "@id": "node/7252225786",
        "addr:block": "Thanjavur Corporation",
        "addr:district": "Thanjavur",
        "addr:full": "32/34/37, Manimandapam Opposite, Thanjavur, Ramakirushnapuram",
        "addr:postcode": "613007",
        "addr:state": "Tamil Nadu",
        "amenity": "hospital",
        "healthcare": "hospital",
        "name": "Krishna Child Care Centre",
        "source": "OpenGovernmentData"
      },
      "geometry": {
        "type": "Point",
        "coordinates": [
          79.1343815,
          10.7701377
        ]
      },
      "id": "node/7252225786"
    },
    {
      "type": "Feature",
      "properties": {
        "@id": "node/7252225803",
        "addr:block": "Kunnandarkoil",
        "addr:district": "Pudukkottai",
        "addr:full": "25C, Iob Backside, Keeranur, Kallar St",
        "addr:postcode": "622502",
        "addr:state": "Tamil Nadu",
        "addr:subdistrict": "Kulathur",
        "amenity": "hospital",
        "name": "Megala Nh Keeranur",
        "source": "OpenGovernmentData"
      },
      "geometry": {
        "type": "Point",
        "coordinates": [
          78.7827269,
          10.5758917
        ]
      },
      "id": "node/7252225803"
    },
    {
      "type": "Feature",
      "properties": {
        "@id": "node/7252225805",
        "addr:block": "Gandharvakottai",
        "addr:district": "Pudukkottai",
        "addr:full": "Gandarvakottai, Tanjore Road",
        "addr:postcode": "613301",
        "addr:state": "Tamil Nadu",
        "addr:subdistrict": "Gandarvakkottai",
        "amenity": "hospital",
        "name": "Government Hospital, Gandarvakottai",
        "source": "OpenGovernmentData"
      },
      "geometry": {
        "type": "Point",
        "coordinates": [
          79.0154554,
          10.5730963
        ]
      },
      "id": "node/7252225805"
    },
    {
      "type": "Feature",
      "properties": {
        "@id": "node/7252225816",
        "addr:block": "Viralimalai",
        "addr:district": "Pudukkottai",
        "addr:full": "Near Shri Pillaiyar Temple, Keeranur-Viralimalai Rd, Neerpalani",
        "addr:postcode": "622515",
        "addr:state": "Tamil Nadu",
        "addr:subdistrict": "Iluppur",
        "amenity": "hospital",
        "name": "Government Hospital, Neerpalani",
        "source": "OpenGovernmentData"
      },
      "geometry": {
        "type": "Point",
        "coordinates": [
          78.707083,
          10.62088
        ]
      },
      "id": "node/7252225816"
    },
    {
      "type": "Feature",
      "properties": {
        "@id": "node/7252225819",
        "addr:block": "Vellalapatty",
        "addr:district": "Tiruchirappalli",
        "addr:full": "Rakkampatty- Veerappur Road, Vellalapatty",
        "addr:postcode": "621307",
        "addr:state": "Tamil Nadu",
        "addr:subdistrict": "Manapparai",
        "amenity": "hospital",
        "name": "Government Hospital, Aniyapoor",
        "source": "OpenGovernmentData"
      },
      "geometry": {
        "type": "Point",
        "coordinates": [
          78.32575,
          10.672737
        ]
      },
      "id": "node/7252225819"
    },
    {
      "type": "Feature",
      "properties": {
        "@id": "node/7252225820",
        "addr:block": "Thanjavur Corporation",
        "addr:district": "Thanjavur",
        "addr:full": "6Th Cross Street, Arulananda Nagar, Thanjavur, 6Th Cross Street, Arulananda Nagar",
        "addr:postcode": "613007",
        "addr:state": "Tamil Nadu",
        "amenity": "hospital",
        "healthcare": "hospital",
        "name": "Dr. V.V.R. Hospital, Thanjavur",
        "source": "OpenGovernmentData"
      },
      "geometry": {
        "type": "Point",
        "coordinates": [
          79.138276,
          10.76872
        ]
      },
      "id": "node/7252225820"
    },
    {
      "type": "Feature",
      "properties": {
        "@id": "node/7252225824",
        "addr:block": "Manaparai Mpty",
        "addr:district": "Tiruchirappalli",
        "addr:full": "Manapparai Gh, Viralimalai Road, Manapparai",
        "addr:postcode": "621306",
        "addr:state": "Tamil Nadu",
        "addr:subdistrict": "Manapparai",
        "amenity": "hospital",
        "name": "Manapparai Government Hospital",
        "source": "OpenGovernmentData"
      },
      "geometry": {
        "type": "Point",
        "coordinates": [
          78.4251816,
          10.6062523
        ]
      },
      "id": "node/7252225824"
    },
    {
      "type": "Feature",
      "properties": {
        "@id": "node/7252225826",
        "addr:block": "Thogaimalai",
        "addr:district": "Karur",
        "addr:full": "Near Busstand, Thogamalai, Main Road",
        "addr:postcode": "621313",
        "addr:state": "Tamil Nadu",
        "addr:subdistrict": "Kulithalai",
        "amenity": "hospital",
        "healthcare": "hospital",
        "name": "Thogamalai,Government Hospital",
        "source": "OpenGovernmentData"
      },
      "geometry": {
        "type": "Point",
        "coordinates": [
          78.4097304,
          10.7268532
        ]
      },
      "id": "node/7252225826"
    },
    {
      "type": "Feature",
      "properties": {
        "@id": "node/7252225839",
        "addr:block": "Thanjavur Corporation",
        "addr:district": "Thanjavur",
        "addr:full": "165/16, Thulukkapptti, Thanjavur, Bybass Road ,Mathakkottai",
        "addr:postcode": "613007",
        "addr:state": "Tamil Nadu",
        "amenity": "hospital",
        "name": "Thanjavoor Cancer Hospital",
        "source": "OpenGovernmentData"
      },
      "geometry": {
        "type": "Point",
        "coordinates": [
          79.112161,
          10.73394
        ]
      },
      "id": "node/7252225839"
    },
    {
      "type": "Feature",
      "properties": {
        "@id": "node/7252284149",
        "addr:block": "Pudukottai Mpty",
        "addr:district": "Pudukkottai",
        "addr:full": "Near Esi Church, Pudukkottai, Thanjavur Road",
        "addr:postcode": "622001",
        "addr:state": "Tamil Nadu",
        "amenity": "hospital",
        "healthcare": "hospital",
        "name": "SK Hospital",
        "source": "OpenGovernmentData"
      },
      "geometry": {
        "type": "Point",
        "coordinates": [
          78.8259349,
          10.393142
        ]
      },
      "id": "node/7252284149"
    },
    {
      "type": "Feature",
      "properties": {
        "@id": "node/7252284156",
        "addr:block": "Pudukottai Mpty",
        "addr:district": "Pudukkottai",
        "addr:full": "Kadukkakadu, Pudukkottai",
        "addr:postcode": "622001",
        "addr:state": "Tamil Nadu",
        "amenity": "hospital",
        "healthcare": "hospital",
        "name": "Sri Ram Dental Hospital",
        "source": "OpenGovernmentData"
      },
      "geometry": {
        "type": "Point",
        "coordinates": [
          78.8197243,
          10.3798765
        ]
      },
      "id": "node/7252284156"
    },
    {
      "type": "Feature",
      "properties": {
        "@id": "node/7252284169",
        "addr:block": "Pudukottai Mpty",
        "addr:district": "Pudukkottai",
        "addr:full": "Pudukkottai, South 4 Th Street",
        "addr:postcode": "622001",
        "addr:state": "Tamil Nadu",
        "amenity": "hospital",
        "healthcare": "hospital",
        "name": "Mamalar Hospital",
        "source": "OpenGovernmentData"
      },
      "geometry": {
        "type": "Point",
        "coordinates": [
          78.8168898,
          10.3803586
        ]
      },
      "id": "node/7252284169"
    },
    {
      "type": "Feature",
      "properties": {
        "@id": "node/7252284172",
        "addr:district": "Pudukkottai",
        "addr:full": "Opp to Palaniyappa Mess, Pudukkottai, South 4th Street",
        "addr:postcode": "622001",
        "addr:state": "Tamil Nadu",
        "amenity": "hospital",
        "healthcare": "hospital",
        "name": "Sanjeveeni Hospital",
        "source": "OpenGovernmentData"
      },
      "geometry": {
        "type": "Point",
        "coordinates": [
          78.8185837,
          10.380388
        ]
      },
      "id": "node/7252284172"
    },
    {
      "type": "Feature",
      "properties": {
        "@id": "node/7252284183",
        "addr:block": "Pudukottai Mpty",
        "addr:district": "Pudukkottai",
        "addr:full": "Near Thilagar Thidal, Pudukkottai, North Street",
        "addr:postcode": "622001",
        "addr:state": "Tamil Nadu",
        "amenity": "hospital",
        "healthcare": "hospital",
        "name": "Manimegalai Medical Centre",
        "source": "OpenGovernmentData"
      },
      "geometry": {
        "type": "Point",
        "coordinates": [
          78.8144776,
          10.387148
        ]
      },
      "id": "node/7252284183"
    },
    {
      "type": "Feature",
      "properties": {
        "@id": "node/7252284185",
        "addr:block": "Pudukottai Mpty",
        "addr:district": "Pudukkottai",
        "addr:full": "Near Suresh Ias Academy, Pudukkottai, South 3rd Street",
        "addr:postcode": "622001",
        "addr:state": "Tamil Nadu",
        "amenity": "hospital",
        "healthcare": "hospital",
        "name": "Praveen Hospital",
        "source": "OpenGovernmentData"
      },
      "geometry": {
        "type": "Point",
        "coordinates": [
          78.8183526,
          10.3809387
        ]
      },
      "id": "node/7252284185"
    },
    {
      "type": "Feature",
      "properties": {
        "@id": "node/7252284187",
        "addr:block": "Pudukottai Mpty",
        "addr:district": "Pudukkottai",
        "addr:full": "Near Anna Statue, Pudukkottai, South 4Th Street",
        "addr:postcode": "622001",
        "addr:state": "Tamil Nadu",
        "amenity": "hospital",
        "healthcare": "hospital",
        "name": "Shree Meenakshi Multispeciality Hospital",
        "source": "OpenGovernmentData"
      },
      "geometry": {
        "type": "Point",
        "coordinates": [
          78.823064,
          10.37955
        ]
      },
      "id": "node/7252284187"
    },
    {
      "type": "Feature",
      "properties": {
        "@id": "node/7252324491",
        "addr:block": "Marungapuri",
        "addr:district": "Tiruchirappalli",
        "addr:full": "Sorriyampatti Road, Valanadu, Kodambarai Road",
        "addr:postcode": "621308",
        "addr:state": "Tamil Nadu",
        "addr:subdistrict": "Manapparai",
        "amenity": "hospital",
        "name": "Valanadu Government Hospital",
        "source": "OpenGovernmentData"
      },
      "geometry": {
        "type": "Point",
        "coordinates": [
          78.479999,
          10.44876
        ]
      },
      "id": "node/7252324491"
    },
    {
      "type": "Feature",
      "properties": {
        "@id": "node/7252324521",
        "addr:block": "Annavasal",
        "addr:district": "Pudukkottai",
        "addr:full": "Near Temple, Cauvery Nagar",
        "addr:postcode": "622501",
        "addr:state": "Tamil Nadu",
        "addr:subdistrict": "Iluppur",
        "amenity": "hospital",
        "name": "Government Hospital, Cauvery Nagar",
        "source": "OpenGovernmentData"
      },
      "geometry": {
        "type": "Point",
        "coordinates": [
          78.7979659,
          10.4756913
        ]
      },
      "id": "node/7252324521"
    },
    {
      "type": "Feature",
      "properties": {
        "@id": "node/7252324529",
        "addr:block": "Annavasal",
        "addr:district": "Pudukkottai",
        "addr:full": "Manapparai-Pudukottai Road, Annavasal",
        "addr:postcode": "622101",
        "addr:state": "Tamil Nadu",
        "addr:subdistrict": "Iluppur",
        "amenity": "hospital",
        "name": "Government Hospital, Annavasal",
        "source": "OpenGovernmentData"
      },
      "geometry": {
        "type": "Point",
        "coordinates": [
          78.7028625,
          10.4578245
        ]
      },
      "id": "node/7252324529"
    },
    {
      "type": "Feature",
      "properties": {
        "@id": "node/7252324543",
        "addr:block": "Annavasal",
        "addr:district": "Pudukkottai",
        "addr:full": "Illuppur",
        "addr:postcode": "622102",
        "addr:state": "Tamil Nadu",
        "addr:subdistrict": "Iluppur",
        "amenity": "hospital",
        "name": "Government Hospital, Illuppur",
        "source": "OpenGovernmentData"
      },
      "geometry": {
        "type": "Point",
        "coordinates": [
          78.6239325,
          10.5117513
        ]
      },
      "id": "node/7252324543"
    },
    {
      "type": "Feature",
      "properties": {
        "@id": "node/7257155911",
        "addr:block": "Thuraiyur Mpty",
        "addr:district": "Tiruchirappalli",
        "addr:full": "40 C, Huraiyur, Trichy, Thiyagi Singaravelar St",
        "addr:postcode": "621010",
        "addr:state": "Tamil Nadu",
        "addr:subdistrict": "Thuraiyur",
        "amenity": "hospital",
        "healthcare": "hospital",
        "name": "Sri Harini Matarnity Hospital",
        "source": "OpenGovernmentData"
      },
      "geometry": {
        "type": "Point",
        "coordinates": [
          78.5968646,
          11.1477052
        ]
      },
      "id": "node/7257155911"
    },
    {
      "type": "Feature",
      "properties": {
        "@id": "node/7257155928",
        "addr:block": "Thuraiyur Mpty",
        "addr:district": "Tiruchirappalli",
        "addr:full": "Market Road, Thuraiyur",
        "addr:postcode": "621010",
        "addr:state": "Tamil Nadu",
        "addr:subdistrict": "Thuraiyur",
        "amenity": "hospital",
        "check_date": "2024-10-25",
        "healthcare": "hospital",
        "name": "Government Hospital, Thuraiyur",
        "operator:type": "government",
        "source": "OpenGovernmentData"
      },
      "geometry": {
        "type": "Point",
        "coordinates": [
          78.612295,
          11.1520465
        ]
      },
      "id": "node/7257155928"
    },
    {
      "type": "Feature",
      "properties": {
        "@id": "node/7257155933",
        "addr:block": "Pullambadi",
        "addr:district": "Tiruchirappalli",
        "addr:full": "Near Shri Vinayagar Temple, Alunthalaipur",
        "addr:postcode": "621651",
        "addr:state": "Tamil Nadu",
        "addr:subdistrict": "Lalgudi",
        "amenity": "hospital",
        "name": "Government Hospital, Alunthalaipur",
        "source": "OpenGovernmentData"
      },
      "geometry": {
        "type": "Point",
        "coordinates": [
          78.9109944,
          11.0510969
        ]
      },
      "id": "node/7257155933"
    },
    {
      "type": "Feature",
      "properties": {
        "@id": "node/7257155937",
        "addr:block": "Thuraiyur Mpty",
        "addr:district": "Tiruchirappalli",
        "addr:full": "Near Indian Overseas Bank, Trichy Main Road, Thuraiyur",
        "addr:postcode": "621010",
        "addr:state": "Tamil Nadu",
        "addr:subdistrict": "Thuraiyur",
        "amenity": "hospital",
        "name": "Annai Hospital",
        "source": "OpenGovernmentData"
      },
      "geometry": {
        "type": "Point",
        "coordinates": [
          78.5914772,
          11.1392605
        ]
      },
      "id": "node/7257155937"
    },
    {
      "type": "Feature",
      "properties": {
        "@id": "node/7257155945",
        "addr:block": "Thuraiyur Mpty",
        "addr:district": "Tiruchirappalli",
        "addr:full": "Thuraiyur",
        "addr:postcode": "621010",
        "addr:state": "Tamil Nadu",
        "addr:subdistrict": "Thuraiyur",
        "amenity": "hospital",
        "healthcare": "hospital",
        "name": "Maruthu Hospital",
        "source": "OpenGovernmentData"
      },
      "geometry": {
        "type": "Point",
        "coordinates": [
          78.5957001,
          11.1470283
        ]
      },
      "id": "node/7257155945"
    },
    {
      "type": "Feature",
      "properties": {
        "@id": "node/7257155959",
        "addr:block": "Thuraiyur Mpty",
        "addr:district": "Tiruchirappalli",
        "addr:full": "Kuttakkarai, Thuraiyur",
        "addr:postcode": "621010",
        "addr:state": "Tamil Nadu",
        "addr:subdistrict": "Thuraiyur",
        "amenity": "hospital",
        "healthcare": "hospital",
        "name": "Diviyapriya Hospital",
        "source": "OpenGovernmentData"
      },
      "geometry": {
        "type": "Point",
        "coordinates": [
          78.5980341,
          11.1504756
        ]
      },
      "id": "node/7257155959"
    },
    {
      "type": "Feature",
      "properties": {
        "@id": "node/7257155987",
        "addr:block": "Alathur",
        "addr:district": "Perambalur",
        "addr:full": "Uothathur Road, Padalur, Government . Primary Health Centre",
        "addr:postcode": "621109",
        "addr:state": "Tamil Nadu",
        "addr:subdistrict": "Kunnam",
        "amenity": "hospital",
        "name": "Padalur Government Hospital",
        "source": "OpenGovernmentData"
      },
      "geometry": {
        "type": "Point",
        "coordinates": [
          78.8323535,
          11.0866241
        ]
      },
      "id": "node/7257155987"
    },
    {
      "type": "Feature",
      "properties": {
        "@id": "node/7257156008",
        "addr:district": "Tiruchirappalli",
        "addr:full": "Government Hospital Omandhur, Manachanallur Tk, Omandhur",
        "addr:postcode": "621007",
        "addr:state": "Tamil Nadu",
        "addr:subdistrict": "Manachanallur",
        "amenity": "hospital",
        "name": "Governement Hospital - Omandur",
        "source": "OpenGovernmentData"
      },
      "geometry": {
        "type": "Point",
        "coordinates": [
          78.672236,
          11.0333293
        ]
      },
      "id": "node/7257156008"
    },
    {
      "type": "Feature",
      "properties": {
        "@id": "node/7257166747",
        "addr:district": "Karur",
        "addr:full": "Panjapatti",
        "addr:postcode": "639119",
        "addr:state": "Tamil Nadu",
        "addr:subdistrict": "Krishnarayapuram",
        "amenity": "hospital",
        "name": "Panjapatti Government Hospital",
        "source": "OpenGovernmentData"
      },
      "geometry": {
        "type": "Point",
        "coordinates": [
          78.310053,
          10.83121
        ]
      },
      "id": "node/7257166747"
    },
    {
      "type": "Feature",
      "properties": {
        "@id": "node/7257166753",
        "addr:district": "Tiruchirappalli",
        "addr:full": "No. 16/4, Thraiyur Road, Gandhi Nagar 1St Street, Musiri",
        "addr:postcode": "621211",
        "addr:state": "Tamil Nadu",
        "addr:subdistrict": "Musiri",
        "amenity": "hospital",
        "name": "Dr. Jayanthi Hospital",
        "source": "OpenGovernmentData"
      },
      "geometry": {
        "type": "Point",
        "coordinates": [
          78.4438447,
          10.9531613
        ]
      },
      "id": "node/7257166753"
    },
    {
      "type": "Feature",
      "properties": {
        "@id": "node/7257166757",
        "addr:district": "Thiruvarur",
        "addr:full": "Near SBI ATM, Lakshamangudi, Kambar Street",
        "addr:postcode": "614101",
        "addr:state": "Tamil Nadu",
        "addr:subdistrict": "Mannargudi",
        "amenity": "hospital",
        "healthcare": "hospital",
        "name": "Sana Hospital",
        "source": "OpenGovernmentData"
      },
      "geometry": {
        "type": "Point",
        "coordinates": [
          78.6793343,
          10.82071
        ]
      },
      "id": "node/7257166757"
    },
    {
      "type": "Feature",
      "properties": {
        "@id": "node/7257166760",
        "addr:block": "Pullambadi",
        "addr:district": "Tiruchirappalli",
        "addr:full": "Near Union Office, Pullambadi, Kamaraj Nagar",
        "addr:postcode": "621711",
        "addr:state": "Tamil Nadu",
        "addr:subdistrict": "Lalgudi",
        "amenity": "hospital",
        "healthcare": "hospital",
        "name": "Pullambadi Government Hospital",
        "source": "OpenGovernmentData"
      },
      "geometry": {
        "type": "Point",
        "coordinates": [
          78.911099,
          10.949095
        ]
      },
      "id": "node/7257166760"
    },
    {
      "type": "Feature",
      "properties": {
        "@id": "node/7257166761",
        "addr:district": "Thanjavur",
        "addr:full": "105/166, North Strret, Thiruvaiyaru",
        "addr:postcode": "613204",
        "addr:state": "Tamil Nadu",
        "addr:subdistrict": "Thiruvaiyaru",
        "amenity": "hospital",
        "name": "Varthini Hospital,Thiruvaiyaru",
        "source": "OpenGovernmentData"
      },
      "geometry": {
        "type": "Point",
        "coordinates": [
          79.1047595,
          10.8829871
        ]
      },
      "id": "node/7257166761"
    },
    {
      "type": "Feature",
      "properties": {
        "@id": "node/7257166770",
        "addr:district": "Karur",
        "addr:full": "Government Hospital, Kovakulam, Krishnarayapuram, Kovakulam Road",
        "addr:postcode": "639102",
        "addr:state": "Tamil Nadu",
        "addr:subdistrict": "Krishnarayapuram",
        "amenity": "hospital",
        "name": "Government Hospital, Krishnarayapuram",
        "source": "OpenGovernmentData"
      },
      "geometry": {
        "type": "Point",
        "coordinates": [
          78.2739118,
          10.9318884
        ]
      },
      "id": "node/7257166770"
    },
    {
      "type": "Feature",
      "properties": {
        "@id": "node/7257166775",
        "addr:block": "Tiruchirapalli Corp",
        "addr:district": "Tiruchirappalli",
        "addr:full": "Tvs Tolgate, Usman Ali Street, Trichy",
        "addr:postcode": "620020",
        "addr:state": "Tamil Nadu",
        "amenity": "hospital",
        "healthcare": "hospital",
        "name": "Aditi Hospital",
        "source": "OpenGovernmentData"
      },
      "geometry": {
        "type": "Point",
        "coordinates": [
          78.6968401,
          10.7898308
        ]
      },
      "id": "node/7257166775"
    },
    {
      "type": "Feature",
      "properties": {
        "@id": "node/7257166778",
        "addr:district": "Tiruchirappalli",
        "addr:full": "L.F. Road, Mannachanallur, Tiruchirappalli",
        "addr:postcode": "621005",
        "addr:state": "Tamil Nadu",
        "addr:subdistrict": "Manachanallur",
        "amenity": "hospital",
        "healthcare": "hospital",
        "name": "Kamatchi Hospital",
        "source": "OpenGovernmentData"
      },
      "geometry": {
        "type": "Point",
        "coordinates": [
          78.698906,
          10.9069
        ]
      },
      "id": "node/7257166778"
    },
    {
      "type": "Feature",
      "properties": {
        "@id": "node/7257166782",
        "addr:block": "Tiruchirapalli Corp",
        "addr:district": "Tiruchirappalli",
        "addr:full": "86/2,3,4, Opposite Shivam Shopping Mall, Taj Mahal Salai, Karur Bypass Road, Annamalai Nagar, Woraiyur, Tiruchirappalli",
        "addr:postcode": "620018",
        "addr:state": "Tamil Nadu",
        "amenity": "hospital",
        "healthcare": "hospital",
        "name": "Jeyam Multispeciality Hospital",
        "source": "OpenGovernmentData"
      },
      "geometry": {
        "type": "Point",
        "coordinates": [
          78.6861656,
          10.8290124
        ]
      },
      "id": "node/7257166782"
    },
    {
      "type": "Feature",
      "properties": {
        "@id": "node/7257166784",
        "addr:district": "Tiruchirappalli",
        "addr:full": "Nh-45, Irungalur, Manachannallur Taluk, Near Toll Booth, Tiruchirappalli, Trichy",
        "addr:postcode": "621105",
        "addr:state": "Tamil Nadu",
        "addr:subdistrict": "Manachanallur",
        "amenity": "hospital",
        "healthcare": "hospital",
        "name": "Chennai Medical College and Hospital",
        "source": "OpenGovernmentData"
      },
      "geometry": {
        "type": "Point",
        "coordinates": [
          78.7552009,
          10.9545278
        ]
      },
      "id": "node/7257166784"
    },
    {
      "type": "Feature",
      "properties": {
        "@id": "node/7257166789",
        "addr:block": "Tiruchirapalli Corp",
        "addr:district": "Tiruchirappalli",
        "addr:full": "Near Gethsamane Prayer House, Trichy, Kc Road",
        "addr:postcode": "620017",
        "addr:state": "Tamil Nadu",
        "amenity": "hospital",
        "healthcare": "hospital",
        "name": "Kauvery Hospital",
        "source": "OpenGovernmentData"
      },
      "geometry": {
        "type": "Point",
        "coordinates": [
          78.6810429,
          10.8167432
        ]
      },
      "id": "node/7257166789"
    },
    {
      "type": "Feature",
      "properties": {
        "@id": "node/7257166790",
        "addr:district": "Tiruchirappalli",
        "addr:full": "Musiri-Thaldalaiputhur Main Road, Musiri",
        "addr:postcode": "621211",
        "addr:state": "Tamil Nadu",
        "addr:subdistrict": "Musiri",
        "amenity": "hospital",
        "name": "Government Hospital, Musiri",
        "source": "OpenGovernmentData"
      },
      "geometry": {
        "type": "Point",
        "coordinates": [
          78.44495,
          10.94968
        ]
      },
      "id": "node/7257166790"
    },
    {
      "type": "Feature",
      "properties": {
        "@id": "node/7257166794",
        "addr:block": "Tiruchirapalli Corp",
        "addr:district": "Tiruchirappalli",
        "addr:full": "No : 17, Puthur Bustand Near, Trichy, Evr Road, Puthur",
        "addr:postcode": "620017",
        "addr:state": "Tamil Nadu",
        "amenity": "hospital",
        "healthcare": "hospital",
        "name": "Sundaram Hospital",
        "source": "OpenGovernmentData"
      },
      "geometry": {
        "type": "Point",
        "coordinates": [
          78.6775833,
          10.8138963
        ]
      },
      "id": "node/7257166794"
    },
    {
      "type": "Feature",
      "properties": {
        "@id": "node/7257166823",
        "addr:district": "Tiruchirappalli",
        "addr:full": "9, Vayalur Rd, Kumaran Nagar, Tiruchirappalli",
        "addr:postcode": "620017",
        "addr:state": "Tamil Nadu",
        "amenity": "hospital",
        "healthcare": "hospital",
        "name": "Rmc Rathna Medical Uro & Ivf Centre",
        "source": "OpenGovernmentData"
      },
      "geometry": {
        "type": "Point",
        "coordinates": [
          78.6697124,
          10.8140735
        ]
      },
      "id": "node/7257166823"
    },
    {
      "type": "Feature",
      "properties": {
        "@id": "node/7257166828",
        "addr:district": "Tiruchirappalli",
        "addr:full": "Evr Road, Puthur, Bharathi Nagar, Tiruchirappalli",
        "addr:postcode": "620017",
        "addr:state": "Tamil Nadu",
        "addr:subdistrict": "Thiruverumbur",
        "amenity": "hospital",
        "healthcare": "hospital",
        "name": "Mahatma Gandhi Memorial Government Hospital",
        "name:ta": "அண்ணல் காந்தி நினைவு அரசு மருத்துவமனை",
        "source": "OpenGovernmentData"
      },
      "geometry": {
        "type": "Point",
        "coordinates": [
          78.6776904,
          10.8114583
        ]
      },
      "id": "node/7257166828"
    },
    {
      "type": "Feature",
      "properties": {
        "@id": "node/7257166833",
        "addr:block": "Manikandam",
        "addr:district": "Tiruchirappalli",
        "addr:full": "No. 17, Srirengam,Trichy, Srirengam",
        "addr:postcode": "620006",
        "addr:state": "Tamil Nadu",
        "addr:subdistrict": "Srirangam",
        "amenity": "hospital",
        "healthcare": "hospital",
        "name": "Pankajam Hospital",
        "source": "OpenGovernmentData"
      },
      "geometry": {
        "type": "Point",
        "coordinates": [
          78.692248,
          10.85646
        ]
      },
      "id": "node/7257166833"
    },
    {
      "type": "Feature",
      "properties": {
        "@id": "node/7257166843",
        "addr:block": "Thanjavur Corporation",
        "addr:district": "Thanjavur",
        "addr:full": "Thanjavur, Sivaji Nagar",
        "addr:postcode": "613001",
        "addr:state": "Tamil Nadu",
        "amenity": "hospital",
        "healthcare": "hospital",
        "name": "S.R. Hospital",
        "source": "OpenGovernmentData"
      },
      "geometry": {
        "type": "Point",
        "coordinates": [
          79.131936,
          10.78088
        ]
      },
      "id": "node/7257166843"
    },
    {
      "type": "Feature",
      "properties": {
        "@id": "node/7257166852",
        "addr:district": "Tiruchirappalli",
        "addr:full": "Puvalur Road Lalgudi, Lalgudi,Trichy",
        "addr:postcode": "620601",
        "addr:state": "Tamil Nadu",
        "addr:subdistrict": "Lalgudi",
        "amenity": "hospital",
        "healthcare": "hospital",
        "name": "Sakthi Hospital",
        "source": "OpenGovernmentData"
      },
      "geometry": {
        "type": "Point",
        "coordinates": [
          78.819608,
          10.8824
        ]
      },
      "id": "node/7257166852"
    },
    {
      "type": "Feature",
      "properties": {
        "@id": "node/7257166858",
        "addr:block": "Thirumanur",
        "addr:district": "Ariyalur",
        "addr:full": "Union Office, Thirumanur, Main Road",
        "addr:postcode": "621715",
        "addr:state": "Tamil Nadu",
        "amenity": "hospital",
        "healthcare": "hospital",
        "name": "Thirumanur Goverment Hospital",
        "source": "OpenGovernmentData"
      },
      "geometry": {
        "type": "Point",
        "coordinates": [
          79.098546,
          10.93768
        ]
      },
      "id": "node/7257166858"
    },
    {
      "type": "Feature",
      "properties": {
        "@id": "node/7257166864",
        "addr:block": "Tiruchirapalli Corp",
        "addr:district": "Tiruchirappalli",
        "addr:full": "Collector Office Road, Cantonment, Tiruchirapalli",
        "addr:postcode": "620001",
        "addr:state": "Tamil Nadu",
        "amenity": "hospital",
        "healthcare": "hospital",
        "name": "K. A. P. Viswanathan Government Medical College Hospital",
        "source": "OpenGovernmentData"
      },
      "geometry": {
        "type": "Point",
        "coordinates": [
          78.678497,
          10.79729
        ]
      },
      "id": "node/7257166864"
    },
    {
      "type": "Feature",
      "properties": {
        "@id": "node/7257166866",
        "addr:block": "Budalur",
        "addr:district": "Thanjavur",
        "addr:full": "Bus Stand, Thirukattuppalli, Main Road",
        "addr:postcode": "613602",
        "addr:state": "Tamil Nadu",
        "amenity": "hospital",
        "name": "Thirukattupalli Government hospital",
        "source": "OpenGovernmentData"
      },
      "geometry": {
        "type": "Point",
        "coordinates": [
          78.9550998,
          10.8488396
        ]
      },
      "id": "node/7257166866"
    },
    {
      "type": "Feature",
      "properties": {
        "@id": "node/7257166870",
        "addr:district": "Tiruchirappalli",
        "addr:full": "Manachanallur Govt Hospital, Manachanallur",
        "addr:postcode": "621005",
        "addr:state": "Tamil Nadu",
        "addr:subdistrict": "Manachanallur",
        "amenity": "hospital",
        "healthcare": "hospital",
        "name": "Government Hospital, Manachanalur",
        "source": "OpenGovernmentData"
      },
      "geometry": {
        "type": "Point",
        "coordinates": [
          78.7013631,
          10.9152259
        ]
      },
      "id": "node/7257166870"
    },
    {
      "type": "Feature",
      "properties": {
        "@id": "node/7257166878",
        "addr:district": "Tiruchirappalli",
        "addr:full": "Napard, Sudukadu, Sirumayankudi, Main Road , Kotthamangalam",
        "addr:postcode": "621706",
        "addr:state": "Tamil Nadu",
        "addr:subdistrict": "Lalgudi",
        "amenity": "hospital",
        "name": "Sirumayankudi Government Hospital",
        "source": "OpenGovernmentData"
      },
      "geometry": {
        "type": "Point",
        "coordinates": [
          78.8603617,
          10.8938222
        ]
      },
      "id": "node/7257166878"
    },
    {
      "type": "Feature",
      "properties": {
        "@id": "node/7257166883",
        "addr:district": "Tiruchirappalli",
        "addr:full": "22 New Street, Musiri",
        "addr:postcode": "621211",
        "addr:state": "Tamil Nadu",
        "addr:subdistrict": "Musiri",
        "amenity": "hospital",
        "name": "Meeramohan Hospital",
        "source": "OpenGovernmentData"
      },
      "geometry": {
        "type": "Point",
        "coordinates": [
          78.44263,
          10.9504
        ]
      },
      "id": "node/7257166883"
    },
    {
      "type": "Feature",
      "properties": {
        "@id": "node/7257166885",
        "addr:district": "Tiruchirappalli",
        "addr:full": "Govt. Hospital Lalgudi, Anbil Main Road, Lalgudi, Main Road Lalgudi",
        "addr:postcode": "621601",
        "addr:state": "Tamil Nadu",
        "addr:subdistrict": "Lalgudi",
        "amenity": "hospital",
        "healthcare": "hospital",
        "name": "Government Hospital, Lalgudi",
        "source": "OpenGovernmentData"
      },
      "geometry": {
        "type": "Point",
        "coordinates": [
          78.818491,
          10.87905
        ]
      },
      "id": "node/7257166885"
    },
    {
      "type": "Feature",
      "properties": {
        "@id": "node/7257183931",
        "addr:district": "Tiruchirappalli",
        "addr:full": "Palayur Road, 94, Kariyamanikam",
        "addr:postcode": "621005",
        "addr:state": "Tamil Nadu",
        "addr:subdistrict": "Manachanallur",
        "amenity": "hospital",
        "name": "Government Hospital Kariyamanickam",
        "source": "OpenGovernmentData"
      },
      "geometry": {
        "type": "Point",
        "coordinates": [
          78.7293654,
          11.0110261
        ]
      },
      "id": "node/7257183931"
    },
    {
      "type": "Feature",
      "properties": {
        "@id": "node/7257183954",
        "addr:block": "Pullambadi",
        "addr:district": "Tiruchirappalli",
        "addr:full": "Near High School Hostel, Kanakiliyanallur, Samathuvapuram",
        "addr:postcode": "621651",
        "addr:state": "Tamil Nadu",
        "addr:subdistrict": "Lalgudi",
        "amenity": "hospital",
        "name": "Government Hospital Kanakiliyanallur",
        "source": "OpenGovernmentData"
      },
      "geometry": {
        "type": "Point",
        "coordinates": [
          78.880442,
          10.9921
        ]
      },
      "id": "node/7257183954"
    },
    {
      "type": "Feature",
      "properties": {
        "@id": "node/7257183962",
        "addr:district": "Tiruchirappalli",
        "addr:full": "Near Police Station & Market, Thottiam",
        "addr:postcode": "621215",
        "addr:state": "Tamil Nadu",
        "addr:subdistrict": "Thottiyam",
        "amenity": "hospital",
        "name": "Government Hospital, Thottiyam",
        "source": "OpenGovernmentData"
      },
      "geometry": {
        "type": "Point",
        "coordinates": [
          78.338648,
          10.98388
        ]
      },
      "id": "node/7257183962"
    },
    {
      "type": "Feature",
      "properties": {
        "@id": "node/7257348868",
        "addr:block": "Uppiliapuram",
        "addr:district": "Tiruchirappalli",
        "addr:full": "Eragudi",
        "addr:postcode": "621001",
        "addr:state": "Tamil Nadu",
        "addr:subdistrict": "Thuraiyur",
        "amenity": "hospital",
        "name": "Government Hospital, Eragudi",
        "source": "OpenGovernmentData"
      },
      "geometry": {
        "type": "Point",
        "coordinates": [
          78.510035,
          11.18918
        ]
      },
      "id": "node/7257348868"
    },
    {
      "type": "Feature",
      "properties": {
        "@id": "node/7652587013",
        "addr:city": "Trichy",
        "addr:postcode": "620018",
        "addr:street": "Karur Bypass road",
        "brand": "Metro",
        "brand:wikidata": "Q16938284",
        "name": "Metro",
        "shop": "shoes"
      },
      "geometry": {
        "type": "Point",
        "coordinates": [
          78.6859816,
          10.8286768
        ]
      },
      "id": "node/7652587013"
    },
    {
      "type": "Feature",
      "properties": {
        "@id": "node/7652587014",
        "addr:city": "Trichy",
        "addr:postcode": "620018",
        "addr:street": "Karur Bypass road",
        "amenity": "restaurant",
        "name": "Banana Leaf Highland Restaurant",
        "phone": "0431 422 0198"
      },
      "geometry": {
        "type": "Point",
        "coordinates": [
          78.6859458,
          10.8296509
        ]
      },
      "id": "node/7652587014"
    },
    {
      "type": "Feature",
      "properties": {
        "@id": "node/7652587015",
        "brand": "Adyar Ananda Bhavan",
        "brand:wikidata": "Q15178238",
        "brand:wikipedia": "en:Adyar Ananda Bhavan",
        "name": "Adyar Ananda Bhavan",
        "shop": "confectionery"
      },
      "geometry": {
        "type": "Point",
        "coordinates": [
          78.6859393,
          10.8302322
        ]
      },
      "id": "node/7652587015"
    },
    {
      "type": "Feature",
      "properties": {
        "@id": "node/7652587016",
        "addr:city": "Trichy",
        "addr:postcode": "620018",
        "addr:street": "Karur Bypass road",
        "name": "TVS - Shriraj Agencies",
        "shop": "motorcycle_repair"
      },
      "geometry": {
        "type": "Point",
        "coordinates": [
          78.6854747,
          10.8297521
        ]
      },
      "id": "node/7652587016"
    },
    {
      "type": "Feature",
      "properties": {
        "@id": "node/7829528814",
        "addr:district": "Thanjavur",
        "addr:full": "Thanjavur",
        "addr:postcode": "613001",
        "addr:state": "Tamil Nadu",
        "amenity": "hospital",
        "healthcare": "hospital",
        "name": "Army Hospital",
        "source": "Local Knowledge"
      },
      "geometry": {
        "type": "Point",
        "coordinates": [
          79.1411588,
          10.7791503
        ]
      },
      "id": "node/7829528814"
    },
    {
      "type": "Feature",
      "properties": {
        "@id": "node/7829528815",
        "addr:district": "Thanjavur",
        "addr:full": "Parisutham Nagar, Thanjavu",
        "addr:postcode": "613007",
        "addr:state": "Tamil Nadu",
        "amenity": "hospital",
        "healthcare": "hospital",
        "name": "KDR Hospital",
        "source": "Local Knowledge"
      },
      "geometry": {
        "type": "Point",
        "coordinates": [
          79.137518,
          10.772509
        ]
      },
      "id": "node/7829528815"
    },
    {
      "type": "Feature",
      "properties": {
        "@id": "node/7829528816",
        "addr:district": "Thanjavur",
        "addr:full": "Marutham Nagar, Thanjavur",
        "addr:postcode": "613007",
        "addr:state": "Tamil Nadu",
        "amenity": "hospital",
        "healthcare": "hospital",
        "name": "Kannan Hospital",
        "source": "Local Knowledge"
      },
      "geometry": {
        "type": "Point",
        "coordinates": [
          79.1205694,
          10.7534726
        ]
      },
      "id": "node/7829528816"
    },
    {
      "type": "Feature",
      "properties": {
        "@id": "node/7829528818",
        "addr:district": "Thanjavur",
        "addr:full": "Abraham Pandither Road, Attar Mohalla, Thanjavur",
        "addr:postcode": "613001",
        "addr:state": "Tamil Nadu",
        "amenity": "hospital",
        "healthcare": "hospital",
        "name": "Dr. Muthiah Pandian Eye Hospital",
        "source": "Local Knowledge"
      },
      "geometry": {
        "type": "Point",
        "coordinates": [
          79.1415259,
          10.78456
        ]
      },
      "id": "node/7829528818"
    },
    {
      "type": "Feature",
      "properties": {
        "@id": "node/7829528819",
        "addr:district": "Thanjavur",
        "addr:full": "Natchathira Nagar, Thanjavur",
        "addr:postcode": "613007",
        "addr:state": "Tamil Nadu",
        "amenity": "hospital",
        "healthcare": "hospital",
        "name": "Dhanam Hospital, Thanjavur",
        "source": "Local Knowledge"
      },
      "geometry": {
        "type": "Point",
        "coordinates": [
          79.121432,
          10.7542554
        ]
      },
      "id": "node/7829528819"
    },
    {
      "type": "Feature",
      "properties": {
        "@id": "node/7829528820",
        "addr:district": "Thanjavur",
        "addr:postcode": "613001",
        "addr:state": "Tamil Nadu",
        "amenity": "hospital",
        "healthcare": "hospital",
        "name": "Sudhakar Child Hospital",
        "source": "Local Knowledge"
      },
      "geometry": {
        "type": "Point",
        "coordinates": [
          79.1419772,
          10.7931236
        ]
      },
      "id": "node/7829528820"
    },
    {
      "type": "Feature",
      "properties": {
        "@id": "node/7829528828",
        "addr:district": "Thanjavur",
        "addr:full": "Anna Nagar, Thanjavur",
        "addr:postcode": "613006",
        "addr:state": "Tamil Nadu",
        "amenity": "hospital",
        "name": "Marudupandiyar Hospital",
        "source": "Local Knowledge"
      },
      "geometry": {
        "type": "Point",
        "coordinates": [
          79.1476612,
          10.7634249
        ]
      },
      "id": "node/7829528828"
    },
    {
      "type": "Feature",
      "properties": {
        "@id": "node/7829528831",
        "addr:district": "Thanjavur",
        "addr:full": "Membalam, Thanjavur",
        "addr:postcode": "613007",
        "addr:state": "Tamil Nadu",
        "amenity": "hospital",
        "healthcare": "hospital",
        "name": "Vaigarai Hospital",
        "source": "Local Knowledge"
      },
      "geometry": {
        "type": "Point",
        "coordinates": [
          79.1317938,
          10.7805865
        ]
      },
      "id": "node/7829528831"
    },
    {
      "type": "Feature",
      "properties": {
        "@id": "node/7829528833",
        "addr:district": "Thanjavur",
        "addr:full": "Rajakrisnapuram, Thanjavur",
        "addr:postcode": "613009",
        "addr:state": "Tamil Nadu",
        "amenity": "hospital",
        "healthcare": "hospital",
        "name": "Dr. Anandha Kavi Children's Care Hospital",
        "source": "Local Knowledge"
      },
      "geometry": {
        "type": "Point",
        "coordinates": [
          79.133247,
          10.786435
        ]
      },
      "id": "node/7829528833"
    },
    {
      "type": "Feature",
      "properties": {
        "@id": "node/7829528834",
        "addr:district": "Thanjavur",
        "addr:full": "Seenivasapuram, Thanjavur",
        "addr:postcode": "613009",
        "addr:state": "Tamil Nadu",
        "amenity": "hospital",
        "healthcare": "hospital",
        "name": "Nagar Puram Sugadhara Nilayam",
        "source": "Local Knowledge"
      },
      "geometry": {
        "type": "Point",
        "coordinates": [
          79.1256093,
          10.7812285
        ]
      },
      "id": "node/7829528834"
    },
    {
      "type": "Feature",
      "properties": {
        "@id": "node/7829528835",
        "addr:district": "Thanjavur",
        "addr:postcode": "613007",
        "addr:state": "Tamil Nadu",
        "amenity": "hospital",
        "healthcare": "hospital",
        "name": "Nisha Hospital",
        "source": "Local Knowledge"
      },
      "geometry": {
        "type": "Point",
        "coordinates": [
          79.1315147,
          10.7634994
        ]
      },
      "id": "node/7829528835"
    },
    {
      "type": "Feature",
      "properties": {
        "@id": "node/7829528836",
        "addr:district": "Thanjavur",
        "addr:full": "Rajakrisnapuram, Thanjavur",
        "addr:postcode": "613009",
        "addr:state": "Tamil Nadu",
        "amenity": "hospital",
        "healthcare": "hospital",
        "name": "Dr. R. R. Ashokkumar General Hospital",
        "source": "Local Knowledge"
      },
      "geometry": {
        "type": "Point",
        "coordinates": [
          79.1333475,
          10.7864612
        ]
      },
      "id": "node/7829528836"
    },
    {
      "type": "Feature",
      "properties": {
        "@id": "node/7829528840",
        "addr:district": "Thanjavur",
        "addr:full": "Selvam Nagar, Membalam, Thanjavur",
        "addr:postcode": "613007",
        "addr:state": "Tamil Nadu",
        "amenity": "hospital",
        "healthcare": "hospital",
        "name": "Vijaya ENT Hospital",
        "source": "Local Knowledge"
      },
      "geometry": {
        "type": "Point",
        "coordinates": [
          79.12678,
          10.776386
        ]
      },
      "id": "node/7829528840"
    },
    {
      "type": "Feature",
      "properties": {
        "@id": "node/7829528841",
        "addr:district": "Thanjavur",
        "addr:full": "Selvam Nagar, Thanjavur",
        "addr:postcode": "613007",
        "addr:state": "Tamil Nadu",
        "amenity": "hospital",
        "healthcare": "hospital",
        "name": "G.M Hospital",
        "source": "Local Knowledge"
      },
      "geometry": {
        "type": "Point",
        "coordinates": [
          79.1269782,
          10.7765582
        ]
      },
      "id": "node/7829528841"
    },
    {
      "type": "Feature",
      "properties": {
        "@id": "node/7829528842",
        "addr:district": "Thanjavur",
        "addr:full": "Manikund, Thanjavur",
        "addr:postcode": "613001",
        "addr:state": "Tamil Nadu",
        "amenity": "hospital",
        "healthcare": "hospital",
        "name": "Government Eye Hospital",
        "source": "Local Knowledge"
      },
      "geometry": {
        "type": "Point",
        "coordinates": [
          79.1385707,
          10.7853614
        ]
      },
      "id": "node/7829528842"
    },
    {
      "type": "Feature",
      "properties": {
        "@id": "node/7829528849",
        "addr:district": "Thanjavur",
        "addr:full": "AVP Azhagammal Nagar, Thanjavur",
        "addr:postcode": "613005",
        "addr:state": "Tamil Nadu",
        "amenity": "hospital",
        "name": "SDA Hospital",
        "source": "Local Knowledge"
      },
      "geometry": {
        "type": "Point",
        "coordinates": [
          79.1040406,
          10.7368492
        ]
      },
      "id": "node/7829528849"
    },
    {
      "type": "Feature",
      "properties": {
        "@id": "node/7829528851",
        "addr:district": "Thanjavur",
        "addr:full": "Parisutham Nagar, Thanjavur",
        "addr:postcode": "613007",
        "addr:state": "Tamil Nadu",
        "amenity": "hospital",
        "healthcare": "hospital",
        "name": "RK Hospital for Women and Children",
        "source": "Local Knowledge"
      },
      "geometry": {
        "type": "Point",
        "coordinates": [
          79.138256,
          10.775351
        ]
      },
      "id": "node/7829528851"
    },
    {
      "type": "Feature",
      "properties": {
        "@id": "node/7829528852",
        "addr:district": "Thanjavur",
        "addr:full": "Vandikaratheru, Thanjavur",
        "addr:postcode": "613001",
        "addr:state": "Tamil Nadu",
        "amenity": "hospital",
        "healthcare": "hospital",
        "name": "Anna Hospital",
        "source": "Local Knowledge"
      },
      "geometry": {
        "type": "Point",
        "coordinates": [
          79.1479821,
          10.7769685
        ]
      },
      "id": "node/7829528852"
    },
    {
      "type": "Feature",
      "properties": {
        "@id": "node/7829528853",
        "addr:district": "Thanjavur",
        "addr:full": "Rajakrisnapuram, Thanjavur",
        "addr:postcode": "613001",
        "addr:state": "Tamil Nadu",
        "amenity": "hospital",
        "healthcare": "hospital",
        "name": "Santhe Multi-Speciality Hospital",
        "source": "Local Knowledge"
      },
      "geometry": {
        "type": "Point",
        "coordinates": [
          79.134988,
          10.788383
        ]
      },
      "id": "node/7829528853"
    },
    {
      "type": "Feature",
      "properties": {
        "@id": "node/7829528856",
        "addr:district": "Thanjavur",
        "addr:full": "Philomina Nagar, Thanjavur",
        "addr:postcode": "613006",
        "addr:state": "Tamil Nadu",
        "amenity": "hospital",
        "healthcare": "hospital",
        "name": "Vijay Hospital",
        "source": "Local Knowledge"
      },
      "geometry": {
        "type": "Point",
        "coordinates": [
          79.1400739,
          10.7608246
        ]
      },
      "id": "node/7829528856"
    },
    {
      "type": "Feature",
      "properties": {
        "@id": "node/7829528858",
        "addr:district": "Thanjavur",
        "addr:full": "Annai Sathya Nagar, Thanjavur",
        "addr:postcode": "613007",
        "addr:state": "Tamil Nadu",
        "amenity": "hospital",
        "healthcare": "hospital",
        "name": "Saravana Speciality Hospital",
        "source": "Local Knowledge"
      },
      "geometry": {
        "type": "Point",
        "coordinates": [
          79.135591,
          10.774742
        ]
      },
      "id": "node/7829528858"
    },
    {
      "type": "Feature",
      "properties": {
        "@id": "node/7829528859",
        "addr:district": "Thanjavur",
        "addr:full": "Rajakrisnapuram, Thanjavur",
        "addr:postcode": "613001",
        "addr:state": "Tamil Nadu",
        "amenity": "hospital",
        "healthcare": "hospital",
        "name": "Thanga Saradha Nursing Home",
        "source": "Local Knowledge"
      },
      "geometry": {
        "type": "Point",
        "coordinates": [
          79.1352656,
          10.7884215
        ]
      },
      "id": "node/7829528859"
    },
    {
      "type": "Feature",
      "properties": {
        "@id": "node/7829528860",
        "addr:district": "Thanjavur",
        "addr:full": "Tanjore, Thanjavur",
        "addr:postcode": "613007",
        "addr:state": "Tamil Nadu",
        "amenity": "hospital",
        "healthcare": "hospital",
        "name": "Abayam Hospital",
        "source": "Local Knowledge"
      },
      "geometry": {
        "type": "Point",
        "coordinates": [
          79.1370851,
          10.774129
        ]
      },
      "id": "node/7829528860"
    },
    {
      "type": "Feature",
      "properties": {
        "@id": "node/7829528865",
        "addr:district": "Thanjavur",
        "addr:full": "Yagappa Nagar, Thanjavur",
        "addr:postcode": "613007",
        "addr:state": "Tamil Nadu",
        "amenity": "hospital",
        "healthcare": "hospital",
        "name": "Herbo Care Hospital",
        "source": "Local Knowledge"
      },
      "geometry": {
        "type": "Point",
        "coordinates": [
          79.132465,
          10.762537
        ]
      },
      "id": "node/7829528865"
    },
    {
      "type": "Feature",
      "properties": {
        "@id": "node/7829528867",
        "addr:district": "Thanjavur",
        "addr:full": "Thanjavur",
        "addr:postcode": "613009",
        "addr:state": "Tamil Nadu",
        "amenity": "hospital",
        "healthcare": "hospital",
        "name": "Dr. V. Marimuthu Hospital",
        "source": "Local Knowledge"
      },
      "geometry": {
        "type": "Point",
        "coordinates": [
          79.121339,
          10.784485
        ]
      },
      "id": "node/7829528867"
    },
    {
      "type": "Feature",
      "properties": {
        "@id": "node/7829528869",
        "addr:district": "Thanjavur",
        "addr:full": "Parisutham Nagar, Thanjavur",
        "addr:postcode": "613007",
        "addr:state": "Tamil Nadu",
        "amenity": "hospital",
        "healthcare": "hospital",
        "name": "Railtree Railway Hospital",
        "source": "Local Knowledge"
      },
      "geometry": {
        "type": "Point",
        "coordinates": [
          79.139928,
          10.7760385
        ]
      },
      "id": "node/7829528869"
    },
    {
      "type": "Feature",
      "properties": {
        "@id": "node/7829528870",
        "addr:district": "Thanjavur",
        "addr:postcode": "613007",
        "addr:state": "Tamil Nadu",
        "amenity": "hospital",
        "healthcare": "hospital",
        "name": "NM Hospital",
        "source": "Local Knowledge"
      },
      "geometry": {
        "type": "Point",
        "coordinates": [
          79.1339606,
          10.7696972
        ]
      },
      "id": "node/7829528870"
    },
    {
      "type": "Feature",
      "properties": {
        "@id": "node/7829528873",
        "addr:district": "Thanjavur",
        "addr:full": "Ganapathy Nagar, Thanjavur",
        "addr:postcode": "613007",
        "addr:state": "Tamil Nadu",
        "amenity": "hospital",
        "healthcare": "hospital",
        "name": "Apex Heart Hospital",
        "source": "Local Knowledge"
      },
      "geometry": {
        "type": "Point",
        "coordinates": [
          79.1263039,
          10.7763502
        ]
      },
      "id": "node/7829528873"
    },
    {
      "type": "Feature",
      "properties": {
        "@id": "node/7829528875",
        "addr:district": "Thanjavur",
        "addr:full": "Thanjavur",
        "addr:postcode": "613002",
        "addr:state": "Tamil Nadu",
        "amenity": "hospital",
        "name": "Rajavinayagar Sidha Hospital",
        "source": "Local Knowledge"
      },
      "geometry": {
        "type": "Point",
        "coordinates": [
          79.1387267,
          10.8042231
        ]
      },
      "id": "node/7829528875"
    },
    {
      "type": "Feature",
      "properties": {
        "@id": "node/7829528877",
        "addr:district": "Thanjavur",
        "addr:full": "VOC Nagar, Parisutham Nagar, Thanjavur",
        "addr:postcode": "613007",
        "addr:state": "Tamil Nadu",
        "amenity": "hospital",
        "healthcare": "hospital",
        "name": "KG Multi Speciality Hospital and Research Centre",
        "source": "Local Knowledge"
      },
      "geometry": {
        "type": "Point",
        "coordinates": [
          79.136724,
          10.776716
        ]
      },
      "id": "node/7829528877"
    },
    {
      "type": "Feature",
      "properties": {
        "@id": "node/7829528879",
        "addr:district": "Thanjavur",
        "addr:full": "Azhagammal Nagar, Thanjavur",
        "addr:postcode": "613005",
        "addr:state": "Tamil Nadu",
        "amenity": "hospital",
        "name": "RJR Herbal Hospital",
        "source": "Local Knowledge"
      },
      "geometry": {
        "type": "Point",
        "coordinates": [
          79.109748,
          10.7493157
        ]
      },
      "id": "node/7829528879"
    },
    {
      "type": "Feature",
      "properties": {
        "@id": "node/7829528881",
        "addr:district": "Thanjavur",
        "addr:full": "Sundram Nagar, Thanjavur",
        "addr:postcode": "613004",
        "addr:state": "Tamil Nadu",
        "amenity": "hospital",
        "healthcare": "hospital",
        "name": "Umarani Hospital",
        "source": "Local Knowledge"
      },
      "geometry": {
        "type": "Point",
        "coordinates": [
          79.1124216,
          10.7697787
        ]
      },
      "id": "node/7829528881"
    },
    {
      "type": "Feature",
      "properties": {
        "@id": "node/7829528883",
        "addr:district": "Thanjavur",
        "addr:full": "Parisutham Nagar, Thanjavur",
        "addr:postcode": "613007",
        "addr:state": "Tamil Nadu",
        "amenity": "hospital",
        "healthcare": "hospital",
        "name": "Thirumai Hospital",
        "source": "Local Knowledge"
      },
      "geometry": {
        "type": "Point",
        "coordinates": [
          79.1354053,
          10.7741968
        ]
      },
      "id": "node/7829528883"
    },
    {
      "type": "Feature",
      "properties": {
        "@id": "node/7829528886",
        "addr:district": "Thanjavur",
        "addr:full": "Thanjavur",
        "addr:postcode": "613008",
        "addr:state": "Tamil Nadu",
        "amenity": "hospital",
        "healthcare": "hospital",
        "name": "Venkatesan Psychotic Hospital",
        "source": "Local Knowledge"
      },
      "geometry": {
        "type": "Point",
        "coordinates": [
          79.129953,
          10.793863
        ]
      },
      "id": "node/7829528886"
    },
    {
      "type": "Feature",
      "properties": {
        "@id": "node/7829528893",
        "addr:district": "Thanjavur",
        "addr:full": "Sundram Nagar, Thanjavur",
        "addr:postcode": "613004",
        "addr:state": "Tamil Nadu",
        "amenity": "hospital",
        "healthcare": "hospital",
        "name": "Santhosh Ayurveda Hospital",
        "source": "Local Knowledge"
      },
      "geometry": {
        "type": "Point",
        "coordinates": [
          79.1131654,
          10.7696357
        ]
      },
      "id": "node/7829528893"
    },
    {
      "type": "Feature",
      "properties": {
        "@id": "node/7831252044",
        "addr:district": "Pudukkottai",
        "addr:full": "Santhanathapuram, Pudukkottai",
        "addr:postcode": "622001",
        "addr:state": "Tamil Nadu",
        "amenity": "hospital",
        "healthcare": "hospital",
        "name": "PLS Hospital",
        "source": "Local Knowledge"
      },
      "geometry": {
        "type": "Point",
        "coordinates": [
          78.81352,
          10.380345
        ]
      },
      "id": "node/7831252044"
    },
    {
      "type": "Feature",
      "properties": {
        "@id": "node/7831252047",
        "addr:district": "Tiruchirappalli",
        "addr:full": "Manapparai",
        "addr:postcode": "621306",
        "addr:state": "Tamil Nadu",
        "amenity": "hospital",
        "name": "Thangam Hospital",
        "source": "Local Knowledge"
      },
      "geometry": {
        "type": "Point",
        "coordinates": [
          78.419321,
          10.605609
        ]
      },
      "id": "node/7831252047"
    },
    {
      "type": "Feature",
      "properties": {
        "@id": "node/7831252048",
        "addr:district": "Pudukkottai",
        "addr:full": "Ashok Nagar, Pudukkottai",
        "addr:postcode": "622001",
        "addr:state": "Tamil Nadu",
        "amenity": "hospital",
        "healthcare": "hospital",
        "name": "Matrisadan Hospital",
        "source": "Local Knowledge"
      },
      "geometry": {
        "type": "Point",
        "coordinates": [
          78.8256986,
          10.3660748
        ]
      },
      "id": "node/7831252048"
    },
    {
      "type": "Feature",
      "properties": {
        "@id": "node/7831252050",
        "addr:district": "Pudukkottai",
        "addr:full": "Pudukkottai",
        "addr:postcode": "622003",
        "addr:state": "Tamil Nadu",
        "amenity": "hospital",
        "healthcare": "hospital",
        "name": "Jayaraja Hospital",
        "source": "Local Knowledge"
      },
      "geometry": {
        "type": "Point",
        "coordinates": [
          78.8075896,
          10.3784151
        ]
      },
      "id": "node/7831252050"
    },
    {
      "type": "Feature",
      "properties": {
        "@id": "node/7831252052",
        "addr:district": "Tiruchirappalli",
        "addr:full": "Vadagupatti",
        "addr:postcode": "621306",
        "addr:state": "Tamil Nadu",
        "amenity": "hospital",
        "name": "Sugam Hospital",
        "source": "Local Knowledge"
      },
      "geometry": {
        "type": "Point",
        "coordinates": [
          78.418333,
          10.604587
        ]
      },
      "id": "node/7831252052"
    },
    {
      "type": "Feature",
      "properties": {
        "@id": "node/7831252054",
        "addr:district": "Pudukkottai",
        "addr:full": "Brindavan, Pudukkottai",
        "addr:postcode": "622001",
        "addr:state": "Tamil Nadu",
        "amenity": "hospital",
        "healthcare": "hospital",
        "name": "Sri Rama Hospital",
        "source": "Local Knowledge"
      },
      "geometry": {
        "type": "Point",
        "coordinates": [
          78.8184805,
          10.3858207
        ]
      },
      "id": "node/7831252054"
    },
    {
      "type": "Feature",
      "properties": {
        "@id": "node/7831252057",
        "addr:district": "Pudukkottai",
        "addr:full": "Tiruvarangulam, Pudukkottai",
        "addr:postcode": "622303",
        "addr:state": "Tamil Nadu",
        "amenity": "hospital",
        "name": "Genis Hospital",
        "source": "Local Knowledge"
      },
      "geometry": {
        "type": "Point",
        "coordinates": [
          78.835761,
          10.3616468
        ]
      },
      "id": "node/7831252057"
    },
    {
      "type": "Feature",
      "properties": {
        "@id": "node/7831252058",
        "addr:district": "Pudukkottai",
        "addr:full": "Malamelkudi, Pudukkottai",
        "addr:postcode": "622001",
        "addr:state": "Tamil Nadu",
        "amenity": "hospital",
        "healthcare": "hospital",
        "name": "Srinivasan Hospital",
        "source": "Local Knowledge"
      },
      "geometry": {
        "type": "Point",
        "coordinates": [
          78.823761,
          10.382118
        ]
      },
      "id": "node/7831252058"
    },
    {
      "type": "Feature",
      "properties": {
        "@id": "node/7831252060",
        "addr:district": "Pudukkottai",
        "addr:full": "Pudukkottai",
        "addr:postcode": "622003",
        "addr:state": "Tamil Nadu",
        "amenity": "hospital",
        "healthcare": "hospital",
        "name": "Anbu Hospital",
        "source": "Local Knowledge"
      },
      "geometry": {
        "type": "Point",
        "coordinates": [
          78.8155926,
          10.3677073
        ]
      },
      "id": "node/7831252060"
    },
    {
      "type": "Feature",
      "properties": {
        "@id": "node/7831252061",
        "addr:district": "Pudukkottai",
        "addr:full": "Ayyanar Puram, Pudukkottai",
        "addr:postcode": "622001",
        "addr:state": "Tamil Nadu",
        "amenity": "hospital",
        "healthcare": "hospital",
        "name": "Sri Venkateshwara Homeo Clinic",
        "source": "Local Knowledge"
      },
      "geometry": {
        "type": "Point",
        "coordinates": [
          78.826167,
          10.377455
        ]
      },
      "id": "node/7831252061"
    },
    {
      "type": "Feature",
      "properties": {
        "@id": "node/7831252063",
        "addr:district": "Pudukkottai",
        "addr:full": "Pudukkottai",
        "addr:postcode": "622001",
        "addr:state": "Tamil Nadu",
        "amenity": "hospital",
        "name": "Hussesna Begam's Hospital",
        "source": "Local Knowledge"
      },
      "geometry": {
        "type": "Point",
        "coordinates": [
          78.833754,
          10.3765259
        ]
      },
      "id": "node/7831252063"
    },
    {
      "type": "Feature",
      "properties": {
        "@id": "node/7831252070",
        "addr:district": "Pudukkottai",
        "addr:full": "Santhaipettai, Kadukkakadu",
        "addr:postcode": "622001",
        "addr:state": "Tamil Nadu",
        "amenity": "hospital",
        "healthcare": "hospital",
        "name": "Dr. Muthuraja's Multispeciality Hospital",
        "source": "Local Knowledge"
      },
      "geometry": {
        "type": "Point",
        "coordinates": [
          78.8149157,
          10.3816219
        ]
      },
      "id": "node/7831252070"
    },
    {
      "type": "Feature",
      "properties": {
        "@id": "node/7831252071",
        "addr:district": "Tiruchirappalli",
        "addr:full": "Manapparai",
        "addr:postcode": "621306",
        "addr:state": "Tamil Nadu",
        "amenity": "hospital",
        "name": "Vijayalakshmi Eye Hospital",
        "source": "Local Knowledge"
      },
      "geometry": {
        "type": "Point",
        "coordinates": [
          78.418982,
          10.605085
        ]
      },
      "id": "node/7831252071"
    },
    {
      "type": "Feature",
      "properties": {
        "@id": "node/7831252072",
        "addr:district": "Pudukkottai",
        "addr:full": "Brindavan, Pudukkottai",
        "addr:postcode": "622001",
        "addr:state": "Tamil Nadu",
        "amenity": "hospital",
        "healthcare": "hospital",
        "name": "Padmini Hospital",
        "source": "Local Knowledge"
      },
      "geometry": {
        "type": "Point",
        "coordinates": [
          78.819116,
          10.387822
        ]
      },
      "id": "node/7831252072"
    },
    {
      "type": "Feature",
      "properties": {
        "@id": "node/7831252074",
        "addr:district": "Tiruchirappalli",
        "addr:full": "Manapparai",
        "addr:postcode": "621306",
        "addr:state": "Tamil Nadu",
        "amenity": "hospital",
        "name": "MMK Hospital",
        "source": "Local Knowledge"
      },
      "geometry": {
        "type": "Point",
        "coordinates": [
          78.418258,
          10.604419
        ]
      },
      "id": "node/7831252074"
    },
    {
      "type": "Feature",
      "properties": {
        "@id": "node/7831252075",
        "addr:district": "Pudukkottai",
        "addr:full": "Malamelkudi, Pudukkottai",
        "addr:postcode": "622001",
        "addr:state": "Tamil Nadu",
        "amenity": "hospital",
        "healthcare": "hospital",
        "name": "Dr. VKR Hospital",
        "source": "Local Knowledge"
      },
      "geometry": {
        "type": "Point",
        "coordinates": [
          78.8241042,
          10.3853975
        ]
      },
      "id": "node/7831252075"
    },
    {
      "type": "Feature",
      "properties": {
        "@id": "node/7831252081",
        "addr:district": "Pudukkottai",
        "addr:full": "Pudukkottai",
        "addr:postcode": "622002",
        "addr:state": "Tamil Nadu",
        "amenity": "hospital",
        "healthcare": "hospital",
        "name": "Vaitheeswara Hospital",
        "source": "Local Knowledge"
      },
      "geometry": {
        "type": "Point",
        "coordinates": [
          78.8062681,
          10.3899148
        ]
      },
      "id": "node/7831252081"
    },
    {
      "type": "Feature",
      "properties": {
        "@id": "node/7831252082",
        "addr:district": "Tiruchirappalli",
        "addr:full": "Vadagupatti",
        "addr:postcode": "621306",
        "addr:state": "Tamil Nadu",
        "amenity": "hospital",
        "name": "Retna Dhas Hospital",
        "source": "Local Knowledge"
      },
      "geometry": {
        "type": "Point",
        "coordinates": [
          78.415127,
          10.602121
        ]
      },
      "id": "node/7831252082"
    },
    {
      "type": "Feature",
      "properties": {
        "@id": "node/7831252084",
        "addr:district": "Pudukkottai",
        "addr:full": "Malamelkudi, Pudukkottai",
        "addr:postcode": "622001",
        "addr:state": "Tamil Nadu",
        "amenity": "hospital",
        "healthcare": "hospital",
        "name": "Dr. Thiyagarajan Hospital",
        "source": "Local Knowledge"
      },
      "geometry": {
        "type": "Point",
        "coordinates": [
          78.822533,
          10.386305
        ]
      },
      "id": "node/7831252084"
    },
    {
      "type": "Feature",
      "properties": {
        "@id": "node/7831252085",
        "addr:district": "Pudukkottai",
        "addr:full": "Peramkulam, Pudukkottai",
        "addr:postcode": "622001",
        "addr:state": "Tamil Nadu",
        "amenity": "hospital",
        "healthcare": "hospital",
        "name": "Dr. Santhi Arulamuthan Hospital",
        "source": "Local Knowledge"
      },
      "geometry": {
        "type": "Point",
        "coordinates": [
          78.82175,
          10.376821
        ]
      },
      "id": "node/7831252085"
    },
    {
      "type": "Feature",
      "properties": {
        "@id": "node/7831252087",
        "addr:district": "Pudukkottai",
        "addr:full": "Kadukkakadu, Pudukkottai",
        "addr:postcode": "622001",
        "addr:state": "Tamil Nadu",
        "amenity": "hospital",
        "healthcare": "hospital",
        "name": "Sri Abirami Hospital",
        "source": "Local Knowledge"
      },
      "geometry": {
        "type": "Point",
        "coordinates": [
          78.818343,
          10.382157
        ]
      },
      "id": "node/7831252087"
    },
    {
      "type": "Feature",
      "properties": {
        "@id": "node/7831252090",
        "addr:district": "Pudukkottai",
        "addr:full": "Nizam Colony, Pudukkottai,",
        "addr:postcode": "622001",
        "addr:state": "Tamil Nadu",
        "amenity": "hospital",
        "healthcare": "hospital",
        "name": "Dr.Usha Kannan Hospital",
        "source": "Local Knowledge"
      },
      "geometry": {
        "type": "Point",
        "coordinates": [
          78.8221094,
          10.3768284
        ]
      },
      "id": "node/7831252090"
    },
    {
      "type": "Feature",
      "properties": {
        "@id": "node/7831252097",
        "addr:district": "Tiruchirappalli",
        "addr:full": "Anna Nagar, Manapparai",
        "addr:postcode": "621306",
        "addr:state": "Tamil Nadu",
        "amenity": "hospital",
        "name": "Sri Kumaran Hospital",
        "source": "Local Knowledge"
      },
      "geometry": {
        "type": "Point",
        "coordinates": [
          78.4286822,
          10.6058775
        ]
      },
      "id": "node/7831252097"
    },
    {
      "type": "Feature",
      "properties": {
        "@id": "node/7831252101",
        "addr:district": "Pudukkottai",
        "addr:full": "Kadukkakadu, Pudukkottai",
        "addr:postcode": "622001",
        "addr:state": "Tamil Nadu",
        "amenity": "hospital",
        "healthcare": "hospital",
        "name": "R.R. Hospital",
        "source": "Local Knowledge"
      },
      "geometry": {
        "type": "Point",
        "coordinates": [
          78.8216731,
          10.3785006
        ]
      },
      "id": "node/7831252101"
    },
    {
      "type": "Feature",
      "properties": {
        "@id": "node/7831252102",
        "addr:district": "Pudukkottai",
        "addr:full": "Marthandapuram, Pudukkottai",
        "addr:postcode": "622001",
        "addr:state": "Tamil Nadu",
        "amenity": "hospital",
        "healthcare": "hospital",
        "name": "Ezhilarasan Hospital",
        "source": "Local Knowledge"
      },
      "geometry": {
        "type": "Point",
        "coordinates": [
          78.825945,
          10.376223
        ]
      },
      "id": "node/7831252102"
    },
    {
      "type": "Feature",
      "properties": {
        "@id": "node/7831252105",
        "addr:district": "Pudukkottai",
        "addr:full": "Malamelkudi, Pudukkottai",
        "addr:postcode": "622001",
        "addr:state": "Tamil Nadu",
        "amenity": "hospital",
        "healthcare": "hospital",
        "name": "Ramachandra Hospital",
        "source": "Local Knowledge"
      },
      "geometry": {
        "type": "Point",
        "coordinates": [
          78.824306,
          10.385707
        ]
      },
      "id": "node/7831252105"
    },
    {
      "type": "Feature",
      "properties": {
        "@id": "node/7831252108",
        "addr:district": "Tiruchirappalli",
        "addr:full": "Manapparai",
        "addr:postcode": "621306",
        "addr:state": "Tamil Nadu",
        "amenity": "hospital",
        "name": "Ratna Doss Hospital",
        "source": "Local Knowledge"
      },
      "geometry": {
        "type": "Point",
        "coordinates": [
          78.419283,
          10.605768
        ]
      },
      "id": "node/7831252108"
    },
    {
      "type": "Feature",
      "properties": {
        "@id": "node/7831252109",
        "addr:district": "Pudukkottai",
        "addr:full": "Santhanathapuram",
        "addr:postcode": "622001",
        "addr:state": "Tamil Nadu",
        "amenity": "hospital",
        "healthcare": "hospital",
        "name": "SS Hospital",
        "source": "Local Knowledge"
      },
      "geometry": {
        "type": "Point",
        "coordinates": [
          78.815732,
          10.3786478
        ]
      },
      "id": "node/7831252109"
    },
    {
      "type": "Feature",
      "properties": {
        "@id": "node/7831252114",
        "addr:district": "Pudukkottai",
        "addr:full": "Pudukkottai",
        "addr:postcode": "622003",
        "addr:state": "Tamil Nadu",
        "amenity": "hospital",
        "healthcare": "hospital",
        "name": "RJR Hospital",
        "source": "Local Knowledge"
      },
      "geometry": {
        "type": "Point",
        "coordinates": [
          78.8004997,
          10.3833003
        ]
      },
      "id": "node/7831252114"
    },
    {
      "type": "Feature",
      "properties": {
        "@id": "node/7831252115",
        "addr:district": "Pudukkottai",
        "addr:full": "Kadukkakadu, Pudukkottai",
        "addr:postcode": "622001",
        "addr:state": "Tamil Nadu",
        "amenity": "hospital",
        "healthcare": "hospital",
        "name": "Arunagiri Hospital",
        "source": "Local Knowledge"
      },
      "geometry": {
        "type": "Point",
        "coordinates": [
          78.8182792,
          10.3807868
        ]
      },
      "id": "node/7831252115"
    },
    {
      "type": "Feature",
      "properties": {
        "@id": "node/7831252116",
        "addr:district": "Tiruchirappalli",
        "addr:full": "Manapparai",
        "addr:postcode": "621306",
        "addr:state": "Tamil Nadu",
        "amenity": "hospital",
        "name": "AJ Hospital",
        "source": "Local Knowledge"
      },
      "geometry": {
        "type": "Point",
        "coordinates": [
          78.4214745,
          10.60704
        ]
      },
      "id": "node/7831252116"
    },
    {
      "type": "Feature",
      "properties": {
        "@id": "node/7831252117",
        "addr:district": "Pudukkottai",
        "addr:full": "Rajagopalapuram, Pudukkottai",
        "addr:postcode": "622003",
        "addr:state": "Tamil Nadu",
        "amenity": "hospital",
        "healthcare": "hospital",
        "name": "AGS Hospital",
        "source": "Local Knowledge"
      },
      "geometry": {
        "type": "Point",
        "coordinates": [
          78.8140908,
          10.3728696
        ]
      },
      "id": "node/7831252117"
    },
    {
      "type": "Feature",
      "properties": {
        "@id": "node/7831252120",
        "addr:district": "Pudukkottai",
        "addr:full": "Marthandapuram, Pudukkottai",
        "addr:postcode": "622001",
        "addr:state": "Tamil Nadu",
        "amenity": "hospital",
        "healthcare": "hospital",
        "name": "Muthu Meenakshi Hospitals",
        "source": "Local Knowledge"
      },
      "geometry": {
        "type": "Point",
        "coordinates": [
          78.8217657,
          10.3793683
        ]
      },
      "id": "node/7831252120"
    },
    {
      "type": "Feature",
      "properties": {
        "@id": "node/7831252121",
        "addr:district": "Pudukkottai",
        "addr:postcode": "613301",
        "addr:state": "Tamil Nadu",
        "amenity": "hospital",
        "name": "Veeradipatti Hospital",
        "source": "Local Knowledge"
      },
      "geometry": {
        "type": "Point",
        "coordinates": [
          79.0707097,
          10.5753776
        ]
      },
      "id": "node/7831252121"
    },
    {
      "type": "Feature",
      "properties": {
        "@id": "node/7831252123",
        "addr:district": "Pudukkottai",
        "addr:full": "Thirukkokarnam, Pudukkottai",
        "addr:postcode": "622002",
        "addr:state": "Tamil Nadu",
        "amenity": "hospital",
        "healthcare": "hospital",
        "name": "Dr. Ramdoss Child Hospital",
        "source": "Local Knowledge"
      },
      "geometry": {
        "type": "Point",
        "coordinates": [
          78.8063825,
          10.3898784
        ]
      },
      "id": "node/7831252123"
    },
    {
      "type": "Feature",
      "properties": {
        "@id": "node/7836402140",
        "addr:district": "Thanjavur",
        "addr:full": "Thiruvaiyaru",
        "addr:postcode": "613204",
        "addr:state": "Tamil Nadu",
        "amenity": "hospital",
        "name": "Srinivasa Vaithiyar Siddha Hospital",
        "source": "Local Knowledge"
      },
      "geometry": {
        "type": "Point",
        "coordinates": [
          79.1074185,
          10.8810823
        ]
      },
      "id": "node/7836402140"
    },
    {
      "type": "Feature",
      "properties": {
        "@id": "node/7836402149",
        "addr:district": "Thanjavur",
        "addr:full": "Eswarankoilpathu",
        "addr:postcode": "613104",
        "addr:state": "Tamil Nadu",
        "amenity": "hospital",
        "name": "Government Hospital",
        "source": "Local Knowledge"
      },
      "geometry": {
        "type": "Point",
        "coordinates": [
          79.005244,
          10.863755
        ]
      },
      "id": "node/7836402149"
    },
    {
      "type": "Feature",
      "properties": {
        "@id": "node/7836402153",
        "addr:district": "Thanjavur",
        "addr:postcode": "613101",
        "addr:state": "Tamil Nadu",
        "amenity": "hospital",
        "name": "Government Hospital",
        "source": "Local Knowledge"
      },
      "geometry": {
        "type": "Point",
        "coordinates": [
          79.03943,
          10.861862
        ]
      },
      "id": "node/7836402153"
    },
    {
      "type": "Feature",
      "properties": {
        "@id": "node/7836402163",
        "addr:district": "Thanjavur",
        "addr:full": "Anna Nagar, Budalur",
        "addr:postcode": "613602",
        "addr:state": "Tamil Nadu",
        "amenity": "hospital",
        "healthcare": "hospital",
        "name": "Krishnan Hospital",
        "source": "Local Knowledge"
      },
      "geometry": {
        "type": "Point",
        "coordinates": [
          78.9797146,
          10.7873614
        ]
      },
      "id": "node/7836402163"
    },
    {
      "type": "Feature",
      "properties": {
        "@id": "node/7836402168",
        "addr:district": "Thanjavur",
        "addr:full": "Kandiyur",
        "addr:postcode": "613202",
        "addr:state": "Tamil Nadu",
        "amenity": "hospital",
        "name": "Dr. R.Mahalingam Hospital",
        "source": "Local Knowledge"
      },
      "geometry": {
        "type": "Point",
        "coordinates": [
          79.1089035,
          10.8605313
        ]
      },
      "id": "node/7836402168"
    },
    {
      "type": "Feature",
      "properties": {
        "@id": "node/7836402179",
        "addr:district": "Thanjavur",
        "addr:full": "Alakudi",
        "addr:postcode": "613601",
        "addr:state": "Tamil Nadu",
        "amenity": "hospital",
        "name": "Government Hospital",
        "source": "Local Knowledge"
      },
      "geometry": {
        "type": "Point",
        "coordinates": [
          79.050058,
          10.771673
        ]
      },
      "id": "node/7836402179"
    },
    {
      "type": "Feature",
      "properties": {
        "@id": "node/7836402180",
        "addr:district": "Thanjavur",
        "addr:full": "Thiruvaiyaru, Thanjavur",
        "addr:postcode": "613001",
        "addr:state": "Tamil Nadu",
        "amenity": "hospital",
        "name": "R.R. Hospital",
        "source": "Local Knowledge"
      },
      "geometry": {
        "type": "Point",
        "coordinates": [
          79.104608,
          10.87405
        ]
      },
      "id": "node/7836402180"
    },
    {
      "type": "Feature",
      "properties": {
        "@id": "node/7836402182",
        "addr:district": "Thanjavur",
        "addr:full": "Anna Nagar, Budalur",
        "addr:postcode": "613602",
        "addr:state": "Tamil Nadu",
        "amenity": "hospital",
        "healthcare": "hospital",
        "name": "Surya Hospital",
        "source": "Local Knowledge"
      },
      "geometry": {
        "type": "Point",
        "coordinates": [
          78.979433,
          10.789422
        ]
      },
      "id": "node/7836402182"
    },
    {
      "type": "Feature",
      "properties": {
        "@id": "node/7836402196",
        "addr:district": "Thanjavur",
        "addr:full": "Vannarapettai",
        "addr:postcode": "613601",
        "addr:state": "Tamil Nadu",
        "amenity": "hospital",
        "name": "Government Primary Hospital",
        "source": "Local Knowledge"
      },
      "geometry": {
        "type": "Point",
        "coordinates": [
          79.071235,
          10.76659
        ]
      },
      "id": "node/7836402196"
    },
    {
      "type": "Feature",
      "properties": {
        "@id": "node/7836402206",
        "addr:district": "Thanjavur",
        "addr:full": "Karuppur",
        "addr:postcode": "613101",
        "addr:state": "Tamil Nadu",
        "amenity": "hospital",
        "name": "Dr. Rani Hospital",
        "source": "Local Knowledge"
      },
      "geometry": {
        "type": "Point",
        "coordinates": [
          79.007463,
          10.858197
        ]
      },
      "id": "node/7836402206"
    },
    {
      "type": "Feature",
      "properties": {
        "@id": "node/7836402212",
        "addr:district": "Thanjavur",
        "addr:full": "Chennampatti Road, Vallam",
        "addr:postcode": "613403",
        "addr:state": "Tamil Nadu",
        "amenity": "hospital",
        "name": "Nila Psychiatric Hospital",
        "source": "Local Knowledge"
      },
      "geometry": {
        "type": "Point",
        "coordinates": [
          79.052821,
          10.704411
        ]
      },
      "id": "node/7836402212"
    },
    {
      "type": "Feature",
      "properties": {
        "@id": "node/7846487844",
        "addr:district": "Tiruchirappalli",
        "addr:postcode": "620022",
        "addr:state": "Tamil Nadu",
        "amenity": "hospital",
        "healthcare": "hospital",
        "name": "Shajahan Hospital",
        "source": "Local Knowledge"
      },
      "geometry": {
        "type": "Point",
        "coordinates": [
          78.8023177,
          10.7703217
        ]
      },
      "id": "node/7846487844"
    },
    {
      "type": "Feature",
      "properties": {
        "@id": "node/7846487845",
        "addr:district": "Tiruchirappalli",
        "addr:full": "Taluk, Renga Bhavan Road, Srirangam",
        "addr:postcode": "620006",
        "addr:state": "Tamil Nadu",
        "amenity": "hospital",
        "healthcare": "hospital",
        "name": "Gopinath Hospital",
        "source": "Local Knowledge"
      },
      "geometry": {
        "type": "Point",
        "coordinates": [
          78.6922553,
          10.8567035
        ]
      },
      "id": "node/7846487845"
    },
    {
      "type": "Feature",
      "properties": {
        "@id": "node/7846487848",
        "addr:district": "Tiruchirappalli",
        "addr:full": "Thuraiyur",
        "addr:postcode": "621010",
        "addr:state": "Tamil Nadu",
        "amenity": "hospital",
        "check_date": "2024-10-25",
        "healthcare": "hospital",
        "name": "Srinivasan Hospital",
        "name:ta": "சீனிவாசன் மருத்துவமனை",
        "source": "Local Knowledge"
      },
      "geometry": {
        "type": "Point",
        "coordinates": [
          78.5944614,
          11.1535479
        ]
      },
      "id": "node/7846487848"
    },
    {
      "type": "Feature",
      "properties": {
        "@id": "node/7846487850",
        "addr:district": "Tiruchirappalli",
        "addr:full": "Srinivasapuram, Seshapuram, Tennur",
        "addr:postcode": "620017",
        "addr:state": "Tamil Nadu",
        "amenity": "hospital",
        "healthcare": "hospital",
        "name": "AJ Medical Centre & Hospital",
        "source": "Local Knowledge"
      },
      "geometry": {
        "type": "Point",
        "coordinates": [
          78.6851018,
          10.8178484
        ]
      },
      "id": "node/7846487850"
    },
    {
      "type": "Feature",
      "properties": {
        "@id": "node/7846487851",
        "addr:district": "Tiruchirappalli",
        "addr:full": "Thillai Nagar",
        "addr:postcode": "620018",
        "addr:state": "Tamil Nadu",
        "amenity": "hospital",
        "healthcare": "hospital",
        "name": "SVH Speciality Hospital",
        "source": "Local Knowledge"
      },
      "geometry": {
        "type": "Point",
        "coordinates": [
          78.6830528,
          10.8225487
        ]
      },
      "id": "node/7846487851"
    },
    {
      "type": "Feature",
      "properties": {
        "@id": "node/7846487852",
        "addr:district": "Tiruchirappalli",
        "addr:full": "Sakthi Mariamman Nagar, Woraiyur",
        "addr:postcode": "620018",
        "addr:state": "Tamil Nadu",
        "amenity": "hospital",
        "healthcare": "hospital",
        "name": "Saranya Psychiatric and Deaddiction Hospital",
        "source": "Local Knowledge"
      },
      "geometry": {
        "type": "Point",
        "coordinates": [
          78.6774443,
          10.8261103
        ]
      },
      "id": "node/7846487852"
    },
    {
      "type": "Feature",
      "properties": {
        "@id": "node/7846487853",
        "addr:district": "Tiruchirappalli",
        "addr:full": "Sundarnagar",
        "addr:postcode": "620021",
        "addr:state": "Tamil Nadu",
        "amenity": "hospital",
        "healthcare": "hospital",
        "name": "Srinidhi Hospital",
        "source": "Local Knowledge"
      },
      "geometry": {
        "type": "Point",
        "coordinates": [
          78.6841464,
          10.7680025
        ]
      },
      "id": "node/7846487853"
    },
    {
      "type": "Feature",
      "properties": {
        "@id": "node/7846487855",
        "addr:district": "Tiruchirappalli",
        "addr:full": "Balasamuthram",
        "addr:postcode": "621203",
        "addr:state": "Tamil Nadu",
        "amenity": "hospital",
        "name": "Saravana Hospitals",
        "source": "Local Knowledge"
      },
      "geometry": {
        "type": "Point",
        "coordinates": [
          78.3273838,
          10.9944313
        ]
      },
      "id": "node/7846487855"
    },
    {
      "type": "Feature",
      "properties": {
        "@id": "node/7846487857",
        "addr:district": "Tiruchirappalli",
        "addr:full": "Kajapettai, Sangillyandapuram",
        "addr:postcode": "620001",
        "addr:state": "Tamil Nadu",
        "amenity": "hospital",
        "healthcare": "hospital",
        "name": "Sabari Hospital",
        "source": "Local Knowledge"
      },
      "geometry": {
        "type": "Point",
        "coordinates": [
          78.6957613,
          10.8017296
        ]
      },
      "id": "node/7846487857"
    },
    {
      "type": "Feature",
      "properties": {
        "@id": "node/7846487858",
        "addr:district": "Tiruchirappalli",
        "addr:full": "Varaganeri, Tharanallur",
        "addr:postcode": "620008",
        "addr:state": "Tamil Nadu",
        "amenity": "hospital",
        "healthcare": "hospital",
        "name": "Jaya Hospital",
        "source": "Local Knowledge"
      },
      "geometry": {
        "type": "Point",
        "coordinates": [
          78.7010119,
          10.813015
        ]
      },
      "id": "node/7846487858"
    },
    {
      "type": "Feature",
      "properties": {
        "@id": "node/7846487859",
        "addr:district": "Tiruchirappalli",
        "addr:postcode": "620002",
        "addr:state": "Tamil Nadu",
        "amenity": "hospital",
        "healthcare": "hospital",
        "name": "Sowmanasya Hospital and Institute of Psychiatry",
        "source": "Local Knowledge"
      },
      "geometry": {
        "type": "Point",
        "coordinates": [
          78.6909964,
          10.8326513
        ]
      },
      "id": "node/7846487859"
    },
    {
      "type": "Feature",
      "properties": {
        "@id": "node/7846487860",
        "addr:district": "Tiruchirappalli",
        "addr:full": "Sundarraj Nagar, Subramaniyapuram",
        "addr:postcode": "620020",
        "addr:state": "Tamil Nadu",
        "amenity": "hospital",
        "healthcare": "hospital",
        "name": "Akshaya Hospital",
        "source": "Local Knowledge"
      },
      "geometry": {
        "type": "Point",
        "coordinates": [
          78.7008469,
          10.7834183
        ]
      },
      "id": "node/7846487860"
    },
    {
      "type": "Feature",
      "properties": {
        "@id": "node/7846487861",
        "addr:district": "Tiruchirappalli",
        "addr:full": "Malligaipuram Thottam, Kilapudur",
        "addr:postcode": "620008",
        "addr:state": "Tamil Nadu",
        "amenity": "hospital",
        "healthcare": "hospital",
        "name": "Venkateswara Hospital",
        "source": "Local Knowledge"
      },
      "geometry": {
        "type": "Point",
        "coordinates": [
          78.6990611,
          10.80769
        ]
      },
      "id": "node/7846487861"
    },
    {
      "type": "Feature",
      "properties": {
        "@id": "node/7846487862",
        "addr:district": "Tiruchirappalli",
        "addr:full": "Manachanallur",
        "addr:postcode": "621005",
        "addr:state": "Tamil Nadu",
        "amenity": "hospital",
        "healthcare": "hospital",
        "name": "Chidambaranathan Hospital",
        "source": "Local Knowledge"
      },
      "geometry": {
        "type": "Point",
        "coordinates": [
          78.7010356,
          10.9131642
        ]
      },
      "id": "node/7846487862"
    },
    {
      "type": "Feature",
      "properties": {
        "@id": "node/7846487866",
        "addr:district": "Tiruchirappalli",
        "addr:full": "Woraiyur",
        "addr:postcode": "620003",
        "addr:state": "Tamil Nadu",
        "amenity": "hospital",
        "healthcare": "hospital",
        "name": "Sai Care Hospital",
        "source": "Local Knowledge"
      },
      "geometry": {
        "type": "Point",
        "coordinates": [
          78.6752551,
          10.8224998
        ]
      },
      "id": "node/7846487866"
    },
    {
      "type": "Feature",
      "properties": {
        "@id": "node/7846487868",
        "addr:district": "Tiruchirappalli",
        "addr:full": "Thuraiyur",
        "addr:postcode": "621010",
        "addr:state": "Tamil Nadu",
        "amenity": "hospital",
        "check_date": "2024-10-25",
        "healthcare": "hospital",
        "name": "Nirmal Hospital",
        "name:ta": "நிர்மல் மருத்துவமனை",
        "source": "Local Knowledge"
      },
      "geometry": {
        "type": "Point",
        "coordinates": [
          78.5938188,
          11.1456633
        ]
      },
      "id": "node/7846487868"
    },
    {
      "type": "Feature",
      "properties": {
        "@id": "node/7846487871",
        "addr:district": "Tiruchirappalli",
        "addr:full": "Co-operative Nagar, Thuraiyur",
        "addr:postcode": "621010",
        "addr:state": "Tamil Nadu",
        "amenity": "hospital",
        "check_date": "2024-10-25",
        "healthcare": "hospital",
        "name": "B.R. Hospital",
        "source": "Local Knowledge"
      },
      "geometry": {
        "type": "Point",
        "coordinates": [
          78.5950492,
          11.1460635
        ]
      },
      "id": "node/7846487871"
    },
    {
      "type": "Feature",
      "properties": {
        "@id": "node/7846487875",
        "addr:district": "Tiruchirappalli",
        "addr:full": "Mannarpuram, Sangillyandapuram",
        "addr:postcode": "620020",
        "addr:state": "Tamil Nadu",
        "amenity": "hospital",
        "healthcare": "hospital",
        "name": "Dr. Safiulla Hospital",
        "source": "Local Knowledge"
      },
      "geometry": {
        "type": "Point",
        "coordinates": [
          78.6910737,
          10.7853789
        ]
      },
      "id": "node/7846487875"
    },
    {
      "type": "Feature",
      "properties": {
        "@id": "node/7846487876",
        "addr:district": "Tiruchirappalli",
        "addr:postcode": "620021",
        "addr:state": "Tamil Nadu",
        "amenity": "hospital",
        "healthcare": "hospital",
        "name": "Ragavendra Hospital.",
        "source": "Local Knowledge"
      },
      "geometry": {
        "type": "Point",
        "coordinates": [
          78.6859974,
          10.7759757
        ]
      },
      "id": "node/7846487876"
    },
    {
      "type": "Feature",
      "properties": {
        "@id": "node/7846487877",
        "addr:district": "Tiruchirappalli",
        "addr:full": "Edamalaipatti Pudur",
        "addr:postcode": "620012",
        "addr:state": "Tamil Nadu",
        "amenity": "hospital",
        "healthcare": "hospital",
        "name": "Nagu Memorial Family Hospital",
        "source": "Local Knowledge"
      },
      "geometry": {
        "type": "Point",
        "coordinates": [
          78.6720712,
          10.7778916
        ]
      },
      "id": "node/7846487877"
    },
    {
      "type": "Feature",
      "properties": {
        "@id": "node/7846487878",
        "addr:district": "Tiruchirappalli",
        "addr:full": "Thillai Nagar",
        "addr:postcode": "620018",
        "addr:state": "Tamil Nadu",
        "amenity": "hospital",
        "healthcare": "hospital",
        "name": "Hashini IVF Centre",
        "source": "Local Knowledge"
      },
      "geometry": {
        "type": "Point",
        "coordinates": [
          78.6843469,
          10.8197905
        ]
      },
      "id": "node/7846487878"
    },
    {
      "type": "Feature",
      "properties": {
        "@id": "node/7846487879",
        "addr:district": "Tiruchirappalli",
        "addr:full": "Anna Nagar,Tennur",
        "addr:postcode": "620017",
        "addr:state": "Tamil Nadu",
        "amenity": "hospital",
        "healthcare": "hospital",
        "name": "PV Moorthy Hospital",
        "source": "Local Knowledge"
      },
      "geometry": {
        "type": "Point",
        "coordinates": [
          78.6969997,
          10.8117331
        ]
      },
      "id": "node/7846487879"
    },
    {
      "type": "Feature",
      "properties": {
        "@id": "node/7846487880",
        "addr:district": "Tiruchirappalli",
        "addr:full": "Thillai Nagar",
        "addr:postcode": "620018",
        "addr:state": "Tamil Nadu",
        "amenity": "hospital",
        "healthcare": "hospital",
        "name": "Arun Hospital",
        "source": "Local Knowledge"
      },
      "geometry": {
        "type": "Point",
        "coordinates": [
          78.6846836,
          10.8262068
        ]
      },
      "id": "node/7846487880"
    },
    {
      "type": "Feature",
      "properties": {
        "@id": "node/7846487881",
        "addr:district": "Tiruchirappalli",
        "addr:full": "Somarasempettai, Tiruchirappalli",
        "addr:postcode": "620102",
        "addr:state": "Tamil Nadu",
        "amenity": "hospital",
        "healthcare": "hospital",
        "name": "Dr. Thiruvengadam Hospital",
        "source": "Local Knowledge"
      },
      "geometry": {
        "type": "Point",
        "coordinates": [
          78.6357319,
          10.8137175
        ]
      },
      "id": "node/7846487881"
    },
    {
      "type": "Feature",
      "properties": {
        "@id": "node/7846487883",
        "addr:district": "Tiruchirappalli",
        "addr:full": "Pirattiyur",
        "addr:postcode": "620009",
        "addr:state": "Tamil Nadu",
        "amenity": "hospital",
        "healthcare": "hospital",
        "name": "St. Joseph Hospital",
        "source": "Local Knowledge"
      },
      "geometry": {
        "type": "Point",
        "coordinates": [
          78.65291,
          10.79207
        ]
      },
      "id": "node/7846487883"
    },
    {
      "type": "Feature",
      "properties": {
        "@id": "node/7846487885",
        "addr:district": "Tiruchirappalli",
        "addr:full": "Srirangam, Tiruchirappalli",
        "addr:postcode": "620006",
        "addr:state": "Tamil Nadu",
        "amenity": "hospital",
        "healthcare": "hospital",
        "name": "Baby Hospital",
        "source": "Local Knowledge"
      },
      "geometry": {
        "type": "Point",
        "coordinates": [
          78.6928204,
          10.8575378
        ]
      },
      "id": "node/7846487885"
    },
    {
      "type": "Feature",
      "properties": {
        "@id": "node/7846487886",
        "addr:district": "Tiruchirappalli",
        "addr:full": "Karumandapam",
        "addr:postcode": "620001",
        "addr:state": "Tamil Nadu",
        "amenity": "hospital",
        "healthcare": "hospital",
        "name": "Komathasiddha Hospital",
        "source": "Local Knowledge"
      },
      "geometry": {
        "type": "Point",
        "coordinates": [
          78.6670728,
          10.7867314
        ]
      },
      "id": "node/7846487886"
    },
    {
      "type": "Feature",
      "properties": {
        "@id": "node/7846487888",
        "addr:district": "Tiruchirappalli",
        "addr:full": "Thillai Nagar",
        "addr:postcode": "620018",
        "addr:state": "Tamil Nadu",
        "amenity": "hospital",
        "healthcare": "hospital",
        "name": "Silverline Speciality Hospital",
        "source": "Local Knowledge"
      },
      "geometry": {
        "type": "Point",
        "coordinates": [
          78.681967,
          10.8246371
        ]
      },
      "id": "node/7846487888"
    },
    {
      "type": "Feature",
      "properties": {
        "@id": "node/7846487890",
        "addr:district": "Tiruchirappalli",
        "addr:full": "Srinivasapuram, Thillai Nagar",
        "addr:postcode": "620018",
        "addr:state": "Tamil Nadu",
        "amenity": "hospital",
        "healthcare": "hospital",
        "name": "Vasan Hospital",
        "source": "Local Knowledge"
      },
      "geometry": {
        "type": "Point",
        "coordinates": [
          78.6836963,
          10.8187547
        ]
      },
      "id": "node/7846487890"
    },
    {
      "type": "Feature",
      "properties": {
        "@id": "node/7846487892",
        "addr:district": "Tiruchirappalli",
        "addr:full": "Bharthi Nagar",
        "addr:postcode": "620017",
        "addr:state": "Tamil Nadu",
        "amenity": "hospital",
        "healthcare": "hospital",
        "name": "Arogya Ayurveda Hospital",
        "source": "Local Knowledge"
      },
      "geometry": {
        "type": "Point",
        "coordinates": [
          78.6730489,
          10.8131042
        ]
      },
      "id": "node/7846487892"
    },
    {
      "type": "Feature",
      "properties": {
        "@id": "node/7846487893",
        "addr:district": "Tiruchirappalli",
        "addr:full": "Karumandapam",
        "addr:postcode": "620001",
        "addr:state": "Tamil Nadu",
        "amenity": "hospital",
        "healthcare": "hospital",
        "name": "Nagu Hospital",
        "source": "Local Knowledge"
      },
      "geometry": {
        "type": "Point",
        "coordinates": [
          78.6634264,
          10.7897017
        ]
      },
      "id": "node/7846487893"
    },
    {
      "type": "Feature",
      "properties": {
        "@id": "node/7846487894",
        "addr:district": "Tiruchirappalli",
        "addr:full": "Thillai Nagar",
        "addr:postcode": "620018",
        "addr:state": "Tamil Nadu",
        "amenity": "hospital",
        "healthcare": "hospital",
        "name": "Srinvas Hospital",
        "source": "Local Knowledge"
      },
      "geometry": {
        "type": "Point",
        "coordinates": [
          78.6816099,
          10.8235492
        ]
      },
      "id": "node/7846487894"
    },
    {
      "type": "Feature",
      "properties": {
        "@id": "node/7846487896",
        "addr:district": "Tiruchirappalli",
        "addr:full": "Aruna Nagar, Puthur, Bharthi Nagar",
        "addr:postcode": "620017",
        "addr:state": "Tamil Nadu",
        "amenity": "hospital",
        "healthcare": "hospital",
        "name": "Shree Ramya Hospital",
        "source": "Local Knowledge"
      },
      "geometry": {
        "type": "Point",
        "coordinates": [
          78.675866,
          10.8130426
        ]
      },
      "id": "node/7846487896"
    },
    {
      "type": "Feature",
      "properties": {
        "@id": "node/7846487898",
        "addr:district": "Tiruchirappalli",
        "addr:full": "Anna Nagar, Tennur",
        "addr:postcode": "620017",
        "addr:state": "Tamil Nadu",
        "amenity": "hospital",
        "healthcare": "hospital",
        "name": "Moorthys Hospital",
        "source": "Local Knowledge"
      },
      "geometry": {
        "type": "Point",
        "coordinates": [
          78.6859995,
          10.8144447
        ]
      },
      "id": "node/7846487898"
    },
    {
      "type": "Feature",
      "properties": {
        "@id": "node/7846487899",
        "addr:district": "Pudukkottai",
        "addr:full": "Trichy",
        "addr:postcode": "622515",
        "addr:state": "Tamil Nadu",
        "amenity": "hospital",
        "name": "Dr. Nagadeepan Hospital",
        "source": "Local Knowledge"
      },
      "geometry": {
        "type": "Point",
        "coordinates": [
          78.7253872,
          10.710523
        ]
      },
      "id": "node/7846487899"
    },
    {
      "type": "Feature",
      "properties": {
        "@id": "node/7846487900",
        "addr:district": "Tiruchirappalli",
        "addr:full": "Woraiyur",
        "addr:postcode": "620018",
        "addr:state": "Tamil Nadu",
        "amenity": "hospital",
        "healthcare": "hospital",
        "name": "SMS Hospital",
        "source": "Local Knowledge"
      },
      "geometry": {
        "type": "Point",
        "coordinates": [
          78.6824426,
          10.8270753
        ]
      },
      "id": "node/7846487900"
    },
    {
      "type": "Feature",
      "properties": {
        "@id": "node/7846487901",
        "addr:district": "Tiruchirappalli",
        "addr:full": "Anjeneyapuram, Ramlinga Nagar, Thillai Nagar",
        "addr:postcode": "620017",
        "addr:state": "Tamil Nadu",
        "amenity": "hospital",
        "healthcare": "hospital",
        "name": "Children Hospital",
        "source": "Local Knowledge"
      },
      "geometry": {
        "type": "Point",
        "coordinates": [
          78.6762039,
          10.8197438
        ]
      },
      "id": "node/7846487901"
    },
    {
      "type": "Feature",
      "properties": {
        "@id": "node/7846487905",
        "addr:district": "Tiruchirappalli",
        "addr:full": "Anna Nagar, Thillai Nagar",
        "addr:postcode": "620026",
        "addr:state": "Tamil Nadu",
        "amenity": "hospital",
        "healthcare": "hospital",
        "name": "Hindu Mission Hospital",
        "source": "Local Knowledge"
      },
      "geometry": {
        "type": "Point",
        "coordinates": [
          78.6891947,
          10.8168975
        ]
      },
      "id": "node/7846487905"
    },
    {
      "type": "Feature",
      "properties": {
        "@id": "node/7846487908",
        "addr:district": "Tiruchirappalli",
        "addr:full": "Subramaniapuram",
        "addr:postcode": "620020",
        "addr:state": "Tamil Nadu",
        "amenity": "hospital",
        "healthcare": "hospital",
        "name": "TR Hospital",
        "source": "Local Knowledge"
      },
      "geometry": {
        "type": "Point",
        "coordinates": [
          78.6951689,
          10.7901175
        ]
      },
      "id": "node/7846487908"
    },
    {
      "type": "Feature",
      "properties": {
        "@id": "node/7846487909",
        "addr:district": "Tiruchirappalli",
        "addr:full": "Tiruchirappalli",
        "addr:postcode": "620009",
        "addr:state": "Tamil Nadu",
        "amenity": "hospital",
        "healthcare": "hospital",
        "name": "ESI Hospital",
        "operator": "Employees' State Insurance",
        "operator:short": "ESI",
        "operator:type": "public",
        "operator:wikidata": "Q3595726",
        "operator:wikipedia": "hi:कर्मचारी राज्‍य बीमा निगम",
        "source": "Local Knowledge"
      },
      "geometry": {
        "type": "Point",
        "coordinates": [
          78.6366609,
          10.7769788
        ]
      },
      "id": "node/7846487909"
    },
    {
      "type": "Feature",
      "properties": {
        "@id": "node/7846487910",
        "addr:district": "Tiruchirappalli",
        "addr:full": "Annamalai Nagar, Woraiyur",
        "addr:postcode": "620003",
        "addr:state": "Tamil Nadu",
        "amenity": "hospital",
        "healthcare": "hospital",
        "name": "City Hospital",
        "source": "Local Knowledge"
      },
      "geometry": {
        "type": "Point",
        "coordinates": [
          78.6840472,
          10.8278181
        ]
      },
      "id": "node/7846487910"
    },
    {
      "type": "Feature",
      "properties": {
        "@id": "node/7846487912",
        "addr:district": "Tiruchirappalli",
        "addr:full": "Somarasempettai",
        "addr:postcode": "620102",
        "addr:state": "Tamil Nadu",
        "amenity": "hospital",
        "healthcare": "hospital",
        "name": "Sounthararajan Hospital",
        "source": "Local Knowledge"
      },
      "geometry": {
        "type": "Point",
        "coordinates": [
          78.6315628,
          10.8102331
        ]
      },
      "id": "node/7846487912"
    },
    {
      "type": "Feature",
      "properties": {
        "@id": "node/7846487913",
        "addr:district": "Tiruchirappalli",
        "addr:full": "Thottiyam",
        "addr:postcode": "621215",
        "addr:state": "Tamil Nadu",
        "amenity": "hospital",
        "name": "Dr. Siva Hospital",
        "source": "Local Knowledge"
      },
      "geometry": {
        "type": "Point",
        "coordinates": [
          78.3359228,
          10.9877652
        ]
      },
      "id": "node/7846487913"
    },
    {
      "type": "Feature",
      "properties": {
        "@id": "node/7846487914",
        "addr:district": "Tiruchirappalli",
        "addr:postcode": "620005",
        "addr:state": "Tamil Nadu",
        "amenity": "hospital",
        "healthcare": "hospital",
        "name": "Dr. G. Viswanathan Speciality Hospitals",
        "source": "Local Knowledge"
      },
      "geometry": {
        "type": "Point",
        "coordinates": [
          78.6987217,
          10.8461466
        ]
      },
      "id": "node/7846487914"
    },
    {
      "type": "Feature",
      "properties": {
        "@id": "node/7846487915",
        "addr:district": "Tiruchirappalli",
        "addr:full": "Thottiyam",
        "addr:postcode": "621215",
        "addr:state": "Tamil Nadu",
        "amenity": "hospital",
        "name": "Dr. Alva Hospital",
        "source": "Local Knowledge"
      },
      "geometry": {
        "type": "Point",
        "coordinates": [
          78.336154,
          10.987225
        ]
      },
      "id": "node/7846487915"
    },
    {
      "type": "Feature",
      "properties": {
        "@id": "node/7846487916",
        "addr:district": "Tiruchirappalli",
        "addr:postcode": "620002",
        "addr:state": "Tamil Nadu",
        "amenity": "hospital",
        "healthcare": "hospital",
        "name": "Surya Child Hospital",
        "source": "Local Knowledge"
      },
      "geometry": {
        "type": "Point",
        "coordinates": [
          78.6887181,
          10.8344117
        ]
      },
      "id": "node/7846487916"
    },
    {
      "type": "Feature",
      "properties": {
        "@id": "node/7846487917",
        "addr:district": "Tiruchirappalli",
        "addr:full": "Edamalaipatti Pudur",
        "addr:postcode": "620023",
        "addr:state": "Tamil Nadu",
        "amenity": "hospital",
        "healthcare": "hospital",
        "name": "Om Harish Hospital",
        "source": "Local Knowledge"
      },
      "geometry": {
        "type": "Point",
        "coordinates": [
          78.6930436,
          10.7734625
        ]
      },
      "id": "node/7846487917"
    },
    {
      "type": "Feature",
      "properties": {
        "@id": "node/7846487918",
        "addr:district": "Tiruchirappalli",
        "addr:full": "Ramlinga Nagar, Thillai Nagar",
        "addr:postcode": "620017",
        "addr:state": "Tamil Nadu",
        "amenity": "hospital",
        "healthcare": "hospital",
        "name": "Arogya Hospital",
        "source": "Local Knowledge"
      },
      "geometry": {
        "type": "Point",
        "coordinates": [
          78.6747351,
          10.8201739
        ]
      },
      "id": "node/7846487918"
    },
    {
      "type": "Feature",
      "properties": {
        "@id": "node/7846487919",
        "addr:district": "Tiruchirappalli",
        "addr:full": "Thillai Nagar",
        "addr:postcode": "620003",
        "addr:state": "Tamil Nadu",
        "amenity": "hospital",
        "healthcare": "hospital",
        "name": "Vaishali Hospital",
        "source": "Local Knowledge"
      },
      "geometry": {
        "type": "Point",
        "coordinates": [
          78.6854975,
          10.8268337
        ]
      },
      "id": "node/7846487919"
    },
    {
      "type": "Feature",
      "properties": {
        "@id": "node/7846487921",
        "addr:district": "Tiruchirappalli",
        "addr:full": "Subramaniyapuram",
        "addr:postcode": "620020",
        "addr:state": "Tamil Nadu",
        "amenity": "hospital",
        "healthcare": "hospital",
        "name": "Velan Speciality Hospitals",
        "source": "Local Knowledge"
      },
      "geometry": {
        "type": "Point",
        "coordinates": [
          78.7016182,
          10.7822224
        ]
      },
      "id": "node/7846487921"
    },
    {
      "type": "Feature",
      "properties": {
        "@id": "node/7846487922",
        "addr:district": "Tiruchirappalli",
        "addr:postcode": "620022",
        "addr:state": "Tamil Nadu",
        "amenity": "hospital",
        "healthcare": "hospital",
        "name": "Sukriti Hospital",
        "source": "Local Knowledge"
      },
      "geometry": {
        "type": "Point",
        "coordinates": [
          78.8049737,
          10.7731455
        ]
      },
      "id": "node/7846487922"
    },
    {
      "type": "Feature",
      "properties": {
        "@id": "node/7846487923",
        "addr:district": "Tiruchirappalli",
        "addr:full": "Palakarai, Sangillyandapuram",
        "addr:postcode": "620008",
        "addr:state": "Tamil Nadu",
        "amenity": "hospital",
        "healthcare": "hospital",
        "name": "Safiulla Hospital",
        "source": "Local Knowledge"
      },
      "geometry": {
        "type": "Point",
        "coordinates": [
          78.6959714,
          10.8105002
        ]
      },
      "id": "node/7846487923"
    },
    {
      "type": "Feature",
      "properties": {
        "@id": "node/7846487924",
        "addr:district": "Tiruchirappalli",
        "addr:full": "Annamalai Nagar, Woraiyur",
        "addr:postcode": "620018",
        "addr:state": "Tamil Nadu",
        "amenity": "hospital",
        "healthcare": "hospital",
        "name": "Maxcare Hospital",
        "source": "Local Knowledge"
      },
      "geometry": {
        "type": "Point",
        "coordinates": [
          78.6861428,
          10.829047
        ]
      },
      "id": "node/7846487924"
    },
    {
      "type": "Feature",
      "properties": {
        "@id": "node/7846487928",
        "addr:district": "Tiruchirappalli",
        "addr:full": "Thillai Nagar, Tennur",
        "addr:postcode": "620018",
        "addr:state": "Tamil Nadu",
        "amenity": "hospital",
        "healthcare": "hospital",
        "name": "Gastro Care Hospital",
        "source": "Local Knowledge"
      },
      "geometry": {
        "type": "Point",
        "coordinates": [
          78.6843609,
          10.8195071
        ]
      },
      "id": "node/7846487928"
    },
    {
      "type": "Feature",
      "properties": {
        "@id": "node/7846487929",
        "addr:district": "Tiruchirappalli",
        "addr:full": "Thuraiyur",
        "addr:postcode": "621010",
        "addr:state": "Tamil Nadu",
        "amenity": "hospital",
        "healthcare": "hospital",
        "name": "Madhavan Hospital",
        "source": "Local Knowledge"
      },
      "geometry": {
        "type": "Point",
        "coordinates": [
          78.5945039,
          11.1519738
        ]
      },
      "id": "node/7846487929"
    },
    {
      "type": "Feature",
      "properties": {
        "@id": "node/7846487931",
        "addr:district": "Tiruchirappalli",
        "addr:full": "Madhurapuri, Thuraiyur",
        "addr:postcode": "621010",
        "addr:state": "Tamil Nadu",
        "amenity": "hospital",
        "name": "JK Hospital",
        "source": "Local Knowledge"
      },
      "geometry": {
        "type": "Point",
        "coordinates": [
          78.5914533,
          11.1378635
        ]
      },
      "id": "node/7846487931"
    },
    {
      "type": "Feature",
      "properties": {
        "@id": "node/7846487932",
        "addr:district": "Tiruchirappalli",
        "addr:full": "Anna Nagar, Tennur",
        "addr:postcode": "620017",
        "addr:state": "Tamil Nadu",
        "amenity": "hospital",
        "healthcare": "hospital",
        "name": "Neomed Hospital",
        "source": "Local Knowledge"
      },
      "geometry": {
        "type": "Point",
        "coordinates": [
          78.6822878,
          10.8141922
        ]
      },
      "id": "node/7846487932"
    },
    {
      "type": "Feature",
      "properties": {
        "@id": "node/7846487933",
        "addr:district": "Tiruchirappalli",
        "addr:full": "Somarasempettai",
        "addr:postcode": "620102",
        "addr:state": "Tamil Nadu",
        "amenity": "hospital",
        "healthcare": "hospital",
        "name": "Government Sidha Hospital",
        "source": "Local Knowledge"
      },
      "geometry": {
        "type": "Point",
        "coordinates": [
          78.6345428,
          10.8127985
        ]
      },
      "id": "node/7846487933"
    },
    {
      "type": "Feature",
      "properties": {
        "@id": "node/7846487934",
        "addr:district": "Tiruchirappalli",
        "addr:full": "Thillai Nagar",
        "addr:postcode": "620018",
        "addr:state": "Tamil Nadu",
        "amenity": "hospital",
        "healthcare": "hospital",
        "name": "Star Kims Hospitals",
        "source": "Local Knowledge"
      },
      "geometry": {
        "type": "Point",
        "coordinates": [
          78.681869,
          10.8233564
        ]
      },
      "id": "node/7846487934"
    },
    {
      "type": "Feature",
      "properties": {
        "@id": "node/7846487937",
        "addr:district": "Tiruchirappalli",
        "addr:full": "Ganesapuram",
        "addr:postcode": "621215",
        "addr:state": "Tamil Nadu",
        "amenity": "hospital",
        "name": "Ravikumar Hospital",
        "source": "Local Knowledge"
      },
      "geometry": {
        "type": "Point",
        "coordinates": [
          78.336248,
          10.988317
        ]
      },
      "id": "node/7846487937"
    },
    {
      "type": "Feature",
      "properties": {
        "@id": "node/7846487938",
        "addr:district": "Tiruchirappalli",
        "addr:full": "Tennur",
        "addr:postcode": "620018",
        "addr:state": "Tamil Nadu",
        "amenity": "hospital",
        "healthcare": "hospital",
        "name": "Gitanjali Hospitals",
        "source": "Local Knowledge"
      },
      "geometry": {
        "type": "Point",
        "coordinates": [
          78.6808905,
          10.8206918
        ]
      },
      "id": "node/7846487938"
    },
    {
      "type": "Feature",
      "properties": {
        "@id": "node/7846637074",
        "addr:district": "Perambalur",
        "addr:full": "Perambalur",
        "addr:postcode": "621713",
        "addr:state": "Tamil Nadu",
        "amenity": "hospital",
        "name": "Government Hospital",
        "source": "Local Knowledge"
      },
      "geometry": {
        "type": "Point",
        "coordinates": [
          78.9973256,
          11.1363432
        ]
      },
      "id": "node/7846637074"
    },
    {
      "type": "Feature",
      "properties": {
        "@id": "node/7846637079",
        "addr:district": "Perambalur",
        "addr:postcode": "621212",
        "addr:state": "Tamil Nadu",
        "amenity": "hospital",
        "name": "Dhana Lakshmi Srinivasan Super Speciality Hospital",
        "source": "Local Knowledge"
      },
      "geometry": {
        "type": "Point",
        "coordinates": [
          78.874252,
          11.197282
        ]
      },
      "id": "node/7846637079"
    },
    {
      "type": "Feature",
      "properties": {
        "@id": "node/8347603867",
        "name": "KOVAI PAZHAMUDIR NILAYAM - Fresh Fruits & Vegetables",
        "shop": "fresh_fruits",
        "source": "local knowledge"
      },
      "geometry": {
        "type": "Point",
        "coordinates": [
          79.1258116,
          10.7757523
        ]
      },
      "id": "node/8347603867"
    },
    {
      "type": "Feature",
      "properties": {
        "@id": "node/8347603868",
        "addr:city": "Thanjavur",
        "addr:housenumber": "4A",
        "addr:postcode": "613007",
        "addr:street": "Selvam Nagar, Medical College Road",
        "amenity": "cafe",
        "cuisine": "dessert;coffee_shop;pasta;burger;pizza",
        "name": "TAN CAFE",
        "opening_hours": "Mo-Sa 09:00-22:00",
        "outdoor_seating": "no",
        "payment:card": "yes",
        "payment:cash": "yes",
        "payment:mobile_wallet": "yes",
        "website": "http://www.tancafe.co.in/"
      },
      "geometry": {
        "type": "Point",
        "coordinates": [
          79.1250866,
          10.7758051
        ]
      },
      "id": "node/8347603868"
    },
    {
      "type": "Feature",
      "properties": {
        "@id": "node/8364350901",
        "amenity": "restaurant",
        "name": "Hotrl Anandham"
      },
      "geometry": {
        "type": "Point",
        "coordinates": [
          78.7590485,
          10.9551855
        ]
      },
      "id": "node/8364350901"
    },
    {
      "type": "Feature",
      "properties": {
        "@id": "node/8364357470",
        "air_conditioning": "yes",
        "amenity": "restaurant",
        "bar": "no",
        "check_date": "2024-07-28",
        "diet:vegetarian": "only",
        "name": "Gowri Parvathi Bhavan",
        "outdoor_seating": "yes",
        "smoking": "no",
        "source": "survey",
        "takeaway": "yes",
        "toilets": "yes"
      },
      "geometry": {
        "type": "Point",
        "coordinates": [
          78.7365263,
          10.9239755
        ]
      },
      "id": "node/8364357470"
    },
    {
      "type": "Feature",
      "properties": {
        "@id": "node/8364361960",
        "name": "Balaji traders",
        "shop": "department_store"
      },
      "geometry": {
        "type": "Point",
        "coordinates": [
          78.7037604,
          10.8640914
        ]
      },
      "id": "node/8364361960"
    },
    {
      "type": "Feature",
      "properties": {
        "@id": "node/8364362381",
        "amenity": "restaurant",
        "name": "Hotel Apoorva"
      },
      "geometry": {
        "type": "Point",
        "coordinates": [
          78.7591042,
          10.955507
        ]
      },
      "id": "node/8364362381"
    },
    {
      "type": "Feature",
      "properties": {
        "@id": "node/8370904741",
        "motorcycle:repair": "yes",
        "name": "Vaibhav Bajaj Service",
        "shop": "motorcycle_repair"
      },
      "geometry": {
        "type": "Point",
        "coordinates": [
          79.1165971,
          10.7740224
        ]
      },
      "id": "node/8370904741"
    },
    {
      "type": "Feature",
      "properties": {
        "@id": "node/8755603761",
        "addr:city": "Tiruchirappalli",
        "addr:housenumber": "13, TAMIL SANGAM BUILDING",
        "addr:postcode": "620008",
        "addr:street": "West Boulevard road",
        "description": "40 Years Service. All Range of Power Tools, Engineering Hand Tools, Industrial Requirements, Safety Products, Welding Materials available\n\nBOSCH, DEWALT, STANLEY, HITACHI, MAKITA, CUMI, MAKTEC, BLACK+DECKER & LEADING BRAND POWER TOOLS AVAILABLE",
        "email": "thirumurugantools@gmail.com",
        "image": "https://www.google.com/search?q=THIRUMURUGANTOOLS&client=firefox-b-d&sxsrf=ALeKk01xWzIKnonnUK2dJ1bMog6R0puh9Q:1621694710707&source=lnms&tbm=isch&sa=X&ved=2ahUKEwjJqqnJw93wAhXET30KHZfUAsIQ_AUoA3oECAEQBQ&biw=1360&bih=693#imgrc=j38yQD23XmXf7M",
        "name": "THIRUMURUGAN TOOLS",
        "name:ta": "திருமுருகன் டூல்ஸ்",
        "note": "TAPARIA, PYE, VENUS, EVEREST, TOTEM,MIRANDA, BIPICO, ADDISON AND IMPORTED GOODS ARE AVAIALBEL",
        "opening_hours": "Mo-Sa 09:00-21:00",
        "operator": "K.N.K.SANKAR",
        "payment:cash": "yes",
        "payment:contactless": "yes",
        "phone": "73737 33575,80727 40055",
        "shop": "trade",
        "start_date": "1977-04-01",
        "trade": "TOOLS,_EQUIPMENTS,_MACHINERIES",
        "website": "https://thirumurugan-tools.business.site/"
      },
      "geometry": {
        "type": "Point",
        "coordinates": [
          78.6937573,
          10.8223629
        ]
      },
      "id": "node/8755603761"
    },
    {
      "type": "Feature",
      "properties": {
        "@id": "node/8985182816",
        "name": "Cothas coffee",
        "shop": "coffee"
      },
      "geometry": {
        "type": "Point",
        "coordinates": [
          78.6885373,
          10.8191645
        ]
      },
      "id": "node/8985182816"
    },
    {
      "type": "Feature",
      "properties": {
        "@id": "node/8985188486",
        "name": "Krish cakes",
        "shop": "bakery"
      },
      "geometry": {
        "type": "Point",
        "coordinates": [
          78.6885952,
          10.8189951
        ]
      },
      "id": "node/8985188486"
    },
    {
      "type": "Feature",
      "properties": {
        "@id": "node/8985196309",
        "branch": "Showroom (preferred partner)",
        "brand": "Xiaomi",
        "brand:wikidata": "Q1636958",
        "brand:wikipedia": "en:Xiaomi",
        "name": "Xiaomi",
        "shop": "mobile_phone"
      },
      "geometry": {
        "type": "Point",
        "coordinates": [
          78.6886109,
          10.8184724
        ]
      },
      "id": "node/8985196309"
    },
    {
      "type": "Feature",
      "properties": {
        "@id": "node/8985197135",
        "name": "GjTraders Jaquar",
        "shop": "interior_decoration"
      },
      "geometry": {
        "type": "Point",
        "coordinates": [
          78.6885508,
          10.8188998
        ]
      },
      "id": "node/8985197135"
    },
    {
      "type": "Feature",
      "properties": {
        "@id": "node/8985200884",
        "amenity": "pharmacy",
        "brand": "Apollo Pharmacy",
        "brand:wikidata": "Q62562612",
        "healthcare": "pharmacy",
        "name": "Apollo Pharmacy"
      },
      "geometry": {
        "type": "Point",
        "coordinates": [
          78.6885473,
          10.8183822
        ]
      },
      "id": "node/8985200884"
    },
    {
      "type": "Feature",
      "properties": {
        "@id": "node/8985206675",
        "amenity": "restaurant",
        "name": "Apple foods veg resturant"
      },
      "geometry": {
        "type": "Point",
        "coordinates": [
          78.6885116,
          10.8196044
        ]
      },
      "id": "node/8985206675"
    },
    {
      "type": "Feature",
      "properties": {
        "@id": "node/8985207466",
        "name": "Prime stationaries",
        "shop": "stationery"
      },
      "geometry": {
        "type": "Point",
        "coordinates": [
          78.6885435,
          10.8189927
        ]
      },
      "id": "node/8985207466"
    },
    {
      "type": "Feature",
      "properties": {
        "@id": "node/8985208126",
        "name": "Reliable gas setvice",
        "shop": "gas"
      },
      "geometry": {
        "type": "Point",
        "coordinates": [
          78.6885253,
          10.8194818
        ]
      },
      "id": "node/8985208126"
    },
    {
      "type": "Feature",
      "properties": {
        "@id": "node/8985208127",
        "name": "Sun computer sales and services",
        "shop": "computer"
      },
      "geometry": {
        "type": "Point",
        "coordinates": [
          78.6886025,
          10.8189017
        ]
      },
      "id": "node/8985208127"
    },
    {
      "type": "Feature",
      "properties": {
        "@id": "node/8985210016",
        "amenity": "restaurant",
        "name": "Tropical shawarma"
      },
      "geometry": {
        "type": "Point",
        "coordinates": [
          78.6885622,
          10.8194842
        ]
      },
      "id": "node/8985210016"
    },
    {
      "type": "Feature",
      "properties": {
        "@id": "node/8985210551",
        "amenity": "bank",
        "brand": "HDFC Bank",
        "brand:wikidata": "Q631047",
        "brand:wikipedia": "en:HDFC Bank",
        "name": "HDFC Bank",
        "short_name": "HDFC"
      },
      "geometry": {
        "type": "Point",
        "coordinates": [
          78.6884971,
          10.8196467
        ]
      },
      "id": "node/8985210551"
    },
    {
      "type": "Feature",
      "properties": {
        "@id": "node/8985211063",
        "name": "Cake bee",
        "shop": "bakery"
      },
      "geometry": {
        "type": "Point",
        "coordinates": [
          78.688009,
          10.8196462
        ]
      },
      "id": "node/8985211063"
    },
    {
      "type": "Feature",
      "properties": {
        "@id": "node/9229882629",
        "amenity": "bank",
        "brand": "State Bank of India",
        "brand:wikidata": "Q1340361",
        "name": "State Bank of India",
        "short_name": "SBI"
      },
      "geometry": {
        "type": "Point",
        "coordinates": [
          78.8104746,
          10.3611359
        ]
      },
      "id": "node/9229882629"
    },
    {
      "type": "Feature",
      "properties": {
        "@id": "node/9229931783",
        "air_conditioning": "no",
        "name": "Local Grocery Store",
        "name:ta": "மளிகைக் கடை",
        "opening_hours": "Mo-Su 06:00-21:00",
        "payment:cash": "yes",
        "payment:coins": "yes",
        "shop": "supermarket"
      },
      "geometry": {
        "type": "Point",
        "coordinates": [
          78.8123945,
          10.3636027
        ]
      },
      "id": "node/9229931783"
    },
    {
      "type": "Feature",
      "properties": {
        "@id": "node/9229969247",
        "name": "Paruppu Mill",
        "name:ta": "பருப்பு ஆலை",
        "payment:cash": "yes",
        "payment:coins": "yes",
        "shop": "supermarket"
      },
      "geometry": {
        "type": "Point",
        "coordinates": [
          78.8138722,
          10.3635655
        ]
      },
      "id": "node/9229969247"
    },
    {
      "type": "Feature",
      "properties": {
        "@id": "node/9229997350",
        "air_conditioning": "no",
        "name": "Local Grocery Store",
        "name:ta": "மளிகைக் கடை",
        "payment:cash": "yes",
        "payment:coins": "yes",
        "shop": "supermarket"
      },
      "geometry": {
        "type": "Point",
        "coordinates": [
          78.8117568,
          10.3639413
        ]
      },
      "id": "node/9229997350"
    },
    {
      "type": "Feature",
      "properties": {
        "@id": "node/9229999086",
        "amenity": "pharmacy",
        "dispensing": "yes",
        "healthcare": "pharmacy",
        "name": "Swathi Medicals",
        "name:ta": "சுவாதி மருந்தகம்"
      },
      "geometry": {
        "type": "Point",
        "coordinates": [
          78.8125828,
          10.3612769
        ]
      },
      "id": "node/9229999086"
    },
    {
      "type": "Feature",
      "properties": {
        "@id": "node/9230009246",
        "air_conditioning": "no",
        "name": "Local Grocery Store",
        "name:ta": "மளிகைக் கடை",
        "opening_hours": "Mo-Su 06:00-21:00",
        "payment:cash": "yes",
        "payment:coins": "yes",
        "shop": "supermarket"
      },
      "geometry": {
        "type": "Point",
        "coordinates": [
          78.8108767,
          10.3627496
        ]
      },
      "id": "node/9230009246"
    },
    {
      "type": "Feature",
      "properties": {
        "@id": "node/9230016808",
        "name": "Anitha Stationery Store",
        "name:ta": "அணிதா பலசரக்கு கடை",
        "payment:cash": "yes",
        "payment:coins": "yes",
        "payment:upi": "yes",
        "phone": "+91 9123582533",
        "shop": "stationery"
      },
      "geometry": {
        "type": "Point",
        "coordinates": [
          78.8126699,
          10.3613757
        ]
      },
      "id": "node/9230016808"
    },
    {
      "type": "Feature",
      "properties": {
        "@id": "node/9230020266",
        "air_conditioning": "no",
        "name": "Grocery Store",
        "name:ta": "மளிகைக் கடை",
        "payment:cash": "yes",
        "payment:coins": "yes",
        "shop": "supermarket"
      },
      "geometry": {
        "type": "Point",
        "coordinates": [
          78.8125995,
          10.3611755
        ]
      },
      "id": "node/9230020266"
    },
    {
      "type": "Feature",
      "properties": {
        "@id": "node/9230026447",
        "air_conditioning": "no",
        "name": "Tailor Shop",
        "name:ta": "தையல் கடை",
        "payment:cash": "yes",
        "payment:coins": "yes",
        "shop": "tailor"
      },
      "geometry": {
        "type": "Point",
        "coordinates": [
          78.8125762,
          10.3612973
        ]
      },
      "id": "node/9230026447"
    },
    {
      "type": "Feature",
      "properties": {
        "@id": "node/9256594615",
        "amenity": "restaurant",
        "name": "Ammikkal"
      },
      "geometry": {
        "type": "Point",
        "coordinates": [
          78.6864815,
          10.8042966
        ]
      },
      "id": "node/9256594615"
    },
    {
      "type": "Feature",
      "properties": {
        "@id": "node/9324288043",
        "addr:city": "Thanjavur",
        "addr:place": "1/1679",
        "addr:postcode": "613001",
        "addr:street": "Ellayaman Kovil Street",
        "name": "Suryamarketers - Induction Stove Repair",
        "phone": "+919442226541",
        "shop": "electronics"
      },
      "geometry": {
        "type": "Point",
        "coordinates": [
          79.1341674,
          10.7883903
        ]
      },
      "id": "node/9324288043"
    },
    {
      "type": "Feature",
      "properties": {
        "@id": "node/9599813403",
        "addr:street": "CT Nagar",
        "name": "Sakthi Provisional Store",
        "payment:cash": "yes",
        "shop": "supermarket"
      },
      "geometry": {
        "type": "Point",
        "coordinates": [
          78.7147593,
          10.8795193
        ]
      },
      "id": "node/9599813403"
    },
    {
      "type": "Feature",
      "properties": {
        "@id": "node/9633547659",
        "amenity": "bank",
        "brand": "Bank of India",
        "brand:wikidata": "Q2004439",
        "name": "Bank of India"
      },
      "geometry": {
        "type": "Point",
        "coordinates": [
          78.6895417,
          10.8022371
        ]
      },
      "id": "node/9633547659"
    },
    {
      "type": "Feature",
      "properties": {
        "@id": "node/9776383544",
        "name": "Akila sweets",
        "shop": "bakery"
      },
      "geometry": {
        "type": "Point",
        "coordinates": [
          78.6806694,
          10.7993953
        ]
      },
      "id": "node/9776383544"
    },
    {
      "type": "Feature",
      "properties": {
        "@id": "node/9810727243",
        "addr:street": "kamarajar salai, Thanjavur-9",
        "name": "S.K Singh",
        "payment:credit_cards": "no",
        "payment:debit_cards": "no",
        "phone": "9790494152",
        "shop": "tyres",
        "wheelchair": "no"
      },
      "geometry": {
        "type": "Point",
        "coordinates": [
          79.1541051,
          10.7782853
        ]
      },
      "id": "node/9810727243"
    },
    {
      "type": "Feature",
      "properties": {
        "@id": "node/9999928468",
        "amenity": "restaurant",
        "name": "Bhavani veg restaurant"
      },
      "geometry": {
        "type": "Point",
        "coordinates": [
          78.787233,
          10.3828025
        ]
      },
      "id": "node/9999928468"
    },
    {
      "type": "Feature",
      "properties": {
        "@id": "node/10139133684",
        "amenity": "restaurant",
        "check_date": "2022-10-29",
        "delivery": "yes",
        "diet:halal": "yes",
        "diet:non-vegetarian": "yes",
        "name": "ArabSpice Family Restaurant",
        "outdoor_seating": "no",
        "payment:cash": "yes",
        "payment:credit_cards": "yes",
        "payment:debit_cards": "yes",
        "payment:upi": "yes",
        "phone": "+91 431 231 0041",
        "source": "survey",
        "website": "http://www.arabspice.com/",
        "wheelchair": "no"
      },
      "geometry": {
        "type": "Point",
        "coordinates": [
          78.6971169,
          10.7894136
        ]
      },
      "id": "node/10139133684"
    },
    {
      "type": "Feature",
      "properties": {
        "@id": "node/10139154174",
        "amenity": "restaurant",
        "check_date": "2022-10-28",
        "diet:non-vegetarian": "yes",
        "name": "A1 Hotel",
        "outdoor_seating": "no",
        "source": "survey"
      },
      "geometry": {
        "type": "Point",
        "coordinates": [
          78.7655079,
          10.7918101
        ]
      },
      "id": "node/10139154174"
    },
    {
      "type": "Feature",
      "properties": {
        "@id": "node/10139154175",
        "amenity": "atm",
        "brand": "Indian Bank",
        "brand:wikidata": "Q2003789",
        "check_date": "2022-10-28",
        "name": "Indian Bank",
        "operator": "Indian Bank",
        "operator:wikidata": "Q2003789"
      },
      "geometry": {
        "type": "Point",
        "coordinates": [
          78.7631851,
          10.79291
        ]
      },
      "id": "node/10139154175"
    },
    {
      "type": "Feature",
      "properties": {
        "@id": "node/10139154176",
        "air_conditioning": "yes",
        "amenity": "restaurant",
        "check_date": "2022-10-28",
        "cuisine": "regional",
        "diet:vegetarian": "yes",
        "highchair": "no",
        "name": "Arbutha Bhavan",
        "outdoor_seating": "no",
        "payment:cash": "yes",
        "payment:credit_cards": "yes",
        "payment:debit_cards": "yes",
        "payment:upi": "yes",
        "smoking": "no",
        "source": "survey",
        "takeaway": "yes",
        "wheelchair": "limited"
      },
      "geometry": {
        "type": "Point",
        "coordinates": [
          78.754142,
          10.7970558
        ]
      },
      "id": "node/10139154176"
    },
    {
      "type": "Feature",
      "properties": {
        "@id": "node/10139154177",
        "air_conditioning": "no",
        "check_date": "2022-10-28",
        "internet_access": "no",
        "name": "ARS Vegetables & Bakery",
        "payment:cash": "yes",
        "payment:credit_cards": "yes",
        "payment:debit_cards": "yes",
        "payment:upi": "yes",
        "second_hand": "no",
        "shop": "supermarket",
        "wheelchair": "limited"
      },
      "geometry": {
        "type": "Point",
        "coordinates": [
          78.7540654,
          10.7971187
        ]
      },
      "id": "node/10139154177"
    },
    {
      "type": "Feature",
      "properties": {
        "@id": "node/10139165003",
        "brand": "Hyundai",
        "brand:wikidata": "Q55931",
        "check_date": "2022-10-28",
        "name": "GT Hyundai",
        "shop": "car",
        "source": "survey"
      },
      "geometry": {
        "type": "Point",
        "coordinates": [
          78.7120157,
          10.8303406
        ]
      },
      "id": "node/10139165003"
    },
    {
      "type": "Feature",
      "properties": {
        "@id": "node/10197620882",
        "brand": "DMart",
        "brand:wikidata": "Q5203271",
        "check_date": "2022-11-17",
        "name": "DMart",
        "payment:cash": "yes",
        "payment:mastercard": "yes",
        "payment:upi": "yes",
        "payment:visa": "yes",
        "shop": "supermarket",
        "source": "survey"
      },
      "geometry": {
        "type": "Point",
        "coordinates": [
          78.7094901,
          10.8061767
        ]
      },
      "id": "node/10197620882"
    },
    {
      "type": "Feature",
      "properties": {
        "@id": "node/10197717515",
        "amenity": "hospital",
        "check_date": "2022-11-17",
        "healthcare": "hospital",
        "name": "GVN Riverside Hospital",
        "source": "survey"
      },
      "geometry": {
        "type": "Point",
        "coordinates": [
          78.7124077,
          10.8425118
        ]
      },
      "id": "node/10197717515"
    },
    {
      "type": "Feature",
      "properties": {
        "@id": "node/10197719471",
        "amenity": "atm",
        "brand": "State Bank of India",
        "brand:en": "State Bank of India",
        "brand:wikidata": "Q1340361",
        "check_date": "2022-11-17",
        "currency:INR": "yes",
        "drive_through": "no",
        "indoor": "yes",
        "name": "State Bank of India",
        "note": "Contributors are requested to not edit the \"brand\", \"brand:en\", \"brand:wikidata\", \"operator\", \"operator:en\" and \"operator:wikidata\" tags. (2025/03/03)",
        "opening_hours": "24/7",
        "operator": "State Bank of India",
        "operator:en": "State Bank of India",
        "operator:wikidata": "Q1340361",
        "short_name": "SBI",
        "source": "survey"
      },
      "geometry": {
        "type": "Point",
        "coordinates": [
          78.7173717,
          10.8866997
        ]
      },
      "id": "node/10197719471"
    },
    {
      "type": "Feature",
      "properties": {
        "@id": "node/10203814917",
        "addr:street": "Mannarpuram",
        "name": "பேஷன் ஹேர் ஸ்டைலர் சலூன்",
        "name:en": "fashion hair styler saloon",
        "opening_hours": "Mo-Su 07:00-19:30",
        "operator": "v ravichandran",
        "shop": "hairdresser"
      },
      "geometry": {
        "type": "Point",
        "coordinates": [
          78.6922581,
          10.7847419
        ]
      },
      "id": "node/10203814917"
    },
    {
      "type": "Feature",
      "properties": {
        "@id": "node/10778104392",
        "amenity": "restaurant",
        "name": "Dakshen"
      },
      "geometry": {
        "type": "Point",
        "coordinates": [
          78.6852486,
          10.7941197
        ]
      },
      "id": "node/10778104392"
    },
    {
      "type": "Feature",
      "properties": {
        "@id": "node/10778118524",
        "brand": "Adyar Ananda Bhavan",
        "brand:wikidata": "Q15178238",
        "name": "Adyar Ananda Bhavan",
        "shop": "confectionery"
      },
      "geometry": {
        "type": "Point",
        "coordinates": [
          78.6852821,
          10.7941412
        ]
      },
      "id": "node/10778118524"
    },
    {
      "type": "Feature",
      "properties": {
        "@id": "node/10964159251",
        "amenity": "bank",
        "brand": "City Union Bank",
        "brand:en": "City Union Bank",
        "brand:hi": "सिटी यूनियन बैंक",
        "brand:ta": "சிட்டி யூனியன் வங்கி",
        "brand:wikidata": "Q2040264",
        "name": "City Union Bank",
        "name:en": "City Union Bank",
        "name:hi": "सिटी यूनियन बैंक",
        "name:ta": "சிட்டி யூனியன் வங்கி",
        "short_name": "CUB"
      },
      "geometry": {
        "type": "Point",
        "coordinates": [
          79.0167752,
          10.7297752
        ]
      },
      "id": "node/10964159251"
    },
    {
      "type": "Feature",
      "properties": {
        "@id": "node/11028252116",
        "name": "Kaveri Supermarket",
        "shop": "supermarket"
      },
      "geometry": {
        "type": "Point",
        "coordinates": [
          78.6909548,
          10.8467352
        ]
      },
      "id": "node/11028252116"
    },
    {
      "type": "Feature",
      "properties": {
        "@id": "node/11028252117",
        "name": "Reliance Trends",
        "shop": "clothes"
      },
      "geometry": {
        "type": "Point",
        "coordinates": [
          78.6980916,
          10.8447506
        ]
      },
      "id": "node/11028252117"
    },
    {
      "type": "Feature",
      "properties": {
        "@id": "node/11028252118",
        "brand": "Maruti Suzuki",
        "brand:wikidata": "Q963718",
        "name": "Maruti Suzuki",
        "shop": "car"
      },
      "geometry": {
        "type": "Point",
        "coordinates": [
          78.6980293,
          10.8445122
        ]
      },
      "id": "node/11028252118"
    },
    {
      "type": "Feature",
      "properties": {
        "@id": "node/11044550281",
        "addr:city": "Trichirapalli",
        "addr:country": "IN",
        "addr:district": "Tamilnadu",
        "addr:housenumber": "41, Almas Plasa , Promenade Road,",
        "addr:postcode": "620001",
        "addr:street": "Bharathidasan Salai",
        "description": "\"Computer based troubleshooting, Software upgrade, Unlock done by Skilled Service Engineer. Also available car chargers, multi chargers. One unit charger 6 usb ports, Quality charger for V8 Charging Port, Quality charger for Type-C Charging Port. Wired qu",
        "name": "SuXuS Mobile ServicsS",
        "phone": "04314050478",
        "shop": "mobile_phone"
      },
      "geometry": {
        "type": "Point",
        "coordinates": [
          78.6884492,
          10.8033032
        ]
      },
      "id": "node/11044550281"
    },
    {
      "type": "Feature",
      "properties": {
        "@id": "node/11476419375",
        "brand": "Maruti Suzuki",
        "brand:wikidata": "Q963718",
        "check_date": "2024-01-01",
        "name": "Maruti Suzuki Service Centre",
        "operator": "ABT Maruti",
        "shop": "car_repair"
      },
      "geometry": {
        "type": "Point",
        "coordinates": [
          78.6776337,
          10.8044147
        ]
      },
      "id": "node/11476419375"
    },
    {
      "type": "Feature",
      "properties": {
        "@id": "node/11476419376",
        "check_date": "2024-01-01",
        "clothes": "women",
        "mapillary": "1756354401202678",
        "name": "Chudidhar House",
        "shop": "clothes"
      },
      "geometry": {
        "type": "Point",
        "coordinates": [
          78.677975,
          10.8045889
        ]
      },
      "id": "node/11476419376"
    },
    {
      "type": "Feature",
      "properties": {
        "@id": "node/11476432157",
        "check_date": "2024-01-01",
        "name": "aavin",
        "shop": "dairy"
      },
      "geometry": {
        "type": "Point",
        "coordinates": [
          78.680329,
          10.7975426
        ]
      },
      "id": "node/11476432157"
    },
    {
      "type": "Feature",
      "properties": {
        "@id": "node/11476432158",
        "check_date": "2024-01-01",
        "name": "aavin",
        "shop": "dairy"
      },
      "geometry": {
        "type": "Point",
        "coordinates": [
          78.6811663,
          10.7987679
        ]
      },
      "id": "node/11476432158"
    },
    {
      "type": "Feature",
      "properties": {
        "@id": "node/11584409069",
        "air_conditioning": "yes",
        "alt_name": "Kentucky Fried Chicken",
        "alt_name:en": "Kentucky Fried Chicken",
        "alt_name:hi": "केंटुकी फ्राइड चिकन",
        "alt_name:pa": "ਕੈਂਟੁਕੀ ਫ੍ਰਾਈਡ ਚਿਕਨ",
        "alt_name:pnb": "کینٹکی فرائیڈ چکن",
        "alt_name:ur": "کینٹکی فرائیڈ چکن",
        "amenity": "fast_food",
        "brand": "KFC",
        "brand:en": "KFC",
        "brand:hi": "केएफसी",
        "brand:pa": "ਕੇਐਫਸੀ",
        "brand:pnb": "کے ایف سی",
        "brand:ur": "کے ایف سی",
        "brand:wikidata": "Q524757",
        "cuisine": "chicken",
        "diet:vegetarian": "yes",
        "indoor_seating": "yes",
        "name": "KFC",
        "name:en": "KFC",
        "name:hi": "केएफसी",
        "name:pa": "ਕੇਐਫਸੀ",
        "name:pnb": "کے ایف سی",
        "name:ur": "کے ایف سی",
        "outdoor_seating": "no",
        "smoking": "no",
        "takeaway": "yes"
      },
      "geometry": {
        "type": "Point",
        "coordinates": [
          79.1383403,
          10.7747757
        ]
      },
      "id": "node/11584409069"
    },
    {
      "type": "Feature",
      "properties": {
        "@id": "node/11762787759",
        "amenity": "atm",
        "brand": "Canara Bank",
        "brand:en": "Canara Bank",
        "brand:hi": "केनरा बैंक",
        "brand:kn": "ಕೆನರಾ ಬ್ಯಾಂಕ್",
        "brand:pa": "ਕੇਨਰਾ ਬੈਂਕ",
        "brand:pnb": "کینرا بینک",
        "brand:ur": "کینرا بینک",
        "brand:wikidata": "Q2003777",
        "name": "cananra bank atm",
        "name:en": "Canara Bank",
        "name:hi": "केनरा बैंक",
        "name:kn": "ಕೆನರಾ ಬ್ಯಾಂಕ್",
        "name:pa": "ਕੇਨਰਾ ਬੈਂਕ",
        "name:pnb": "کینرا بینک",
        "name:ur": "کینرا بینک",
        "operator": "Canara Bank",
        "operator:wikidata": "Q2003777"
      },
      "geometry": {
        "type": "Point",
        "coordinates": [
          78.8062341,
          10.3824805
        ]
      },
      "id": "node/11762787759"
    },
    {
      "type": "Feature",
      "properties": {
        "@id": "node/11762797849",
        "amenity": "atm",
        "brand": "State Bank of India",
        "brand:en": "State Bank of India",
        "brand:wikidata": "Q1340361",
        "currency:INR": "yes",
        "drive_through": "no",
        "indoor": "yes",
        "name": "State Bank of India ATM",
        "note": "Contributors are requested to not edit the \"brand\", \"brand:en\", \"brand:wikidata\", \"operator\", \"operator:en\" and \"operator:wikidata\" tags. (2025/03/03)",
        "opening_hours": "24/7",
        "operator": "State Bank of India",
        "operator:en": "State Bank of India",
        "operator:wikidata": "Q1340361",
        "short_name": "SBI"
      },
      "geometry": {
        "type": "Point",
        "coordinates": [
          78.8070469,
          10.3823449
        ]
      },
      "id": "node/11762797849"
    },
    {
      "type": "Feature",
      "properties": {
        "@id": "node/11762846505",
        "amenity": "atm",
        "brand": "State Bank of India",
        "brand:en": "State Bank of India",
        "brand:wikidata": "Q1340361",
        "currency:INR": "yes",
        "drive_through": "no",
        "indoor": "yes",
        "name": "State Bank of India ATM",
        "note": "Contributors are requested to not edit the \"brand\", \"brand:en\", \"brand:wikidata\", \"operator\", \"operator:en\" and \"operator:wikidata\" tags. (2025/03/03)",
        "opening_hours": "24/7",
        "operator": "State Bank of India",
        "operator:en": "State Bank of India",
        "operator:wikidata": "Q1340361",
        "short_name": "SBI"
      },
      "geometry": {
        "type": "Point",
        "coordinates": [
          78.8172535,
          10.3775362
        ]
      },
      "id": "node/11762846505"
    },
    {
      "type": "Feature",
      "properties": {
        "@id": "node/11762852014",
        "amenity": "atm",
        "brand": "Axis Bank",
        "brand:wikidata": "Q2003549",
        "name": "Axis bank ATM",
        "operator": "Axis Bank",
        "operator:wikidata": "Q2003549"
      },
      "geometry": {
        "type": "Point",
        "coordinates": [
          78.8174053,
          10.3782032
        ]
      },
      "id": "node/11762852014"
    },
    {
      "type": "Feature",
      "properties": {
        "@id": "node/11762861195",
        "amenity": "atm",
        "brand": "India Post Payments Bank",
        "brand:en": "India Post Payments Bank",
        "brand:hi": "भारतीय डाक भुगतान बैंक",
        "brand:wikidata": "Q2003302",
        "name": "India Post ATM",
        "name:en": "India Post Payments Bank",
        "name:hi": "भारतीय डाक भुगतान बैंक",
        "operator": "India Post Payments Bank",
        "operator:wikidata": "Q2003302"
      },
      "geometry": {
        "type": "Point",
        "coordinates": [
          78.8185766,
          10.3840366
        ]
      },
      "id": "node/11762861195"
    },
    {
      "type": "Feature",
      "properties": {
        "@id": "node/11762866801",
        "amenity": "atm",
        "brand": "ICICI Bank",
        "brand:en": "ICICI Bank",
        "brand:wikidata": "Q1653258",
        "currency:INR": "yes",
        "drive_through": "no",
        "indoor": "yes",
        "name": "ICICI Bank ATM",
        "note": "Contributors are requested to not edit the \"brand\", \"brand:en\", \"brand:wikidata\", \"operator\", \"operator:en\" and \"operator:wikidata\" tags. (2025/03/03)",
        "opening_hours": "24/7",
        "operator": "ICICI Bank",
        "operator:en": "ICICI Bank",
        "operator:wikidata": "Q1653258",
        "short_name": "ICICI"
      },
      "geometry": {
        "type": "Point",
        "coordinates": [
          78.821573,
          10.3796854
        ]
      },
      "id": "node/11762866801"
    },
    {
      "type": "Feature",
      "properties": {
        "@id": "node/11815081437",
        "addr:street": "West Bouleward Road",
        "amenity": "atm",
        "brand": "HDFC Bank",
        "brand:en": "HDFC Bank",
        "brand:wikidata": "Q631047",
        "brand:wikipedia": "en:HDFC Bank",
        "currency:INR": "yes",
        "drive_through": "no",
        "indoor": "yes",
        "name": "HDFC Bank",
        "note": "Contributors are requested to not edit the \"brand\", \"brand:en\", \"brand:wikidata\", \"operator\", \"operator:en\" and \"operator:wikidata\" tags. (2025/03/03)",
        "opening_hours": "24/7",
        "operator": "HDFC Bank",
        "operator:en": "HDFC Bank",
        "operator:wikidata": "Q631047",
        "operator:wikipedia": "en:HDFC Bank",
        "receipt": "No",
        "short_name": "HDFC",
        "source": "microsoft/BuildingFootprints"
      },
      "geometry": {
        "type": "Point",
        "coordinates": [
          78.6940275,
          10.8218917
        ]
      },
      "id": "node/11815081437"
    },
    {
      "type": "Feature",
      "properties": {
        "@id": "node/11905551957",
        "name": "Navaladain fish store",
        "shop": "fishing"
      },
      "geometry": {
        "type": "Point",
        "coordinates": [
          78.3378501,
          10.9868999
        ]
      },
      "id": "node/11905551957"
    },
    {
      "type": "Feature",
      "properties": {
        "@id": "node/12078431216",
        "amenity": "bank",
        "brand": "Ujjivan Small Finance Bank",
        "brand:wikidata": "Q42529272",
        "check_date": "2024-07-28",
        "name": "Ujjivan Small Finance Bank",
        "source": "survey"
      },
      "geometry": {
        "type": "Point",
        "coordinates": [
          79.1064854,
          10.8827907
        ]
      },
      "id": "node/12078431216"
    },
    {
      "type": "Feature",
      "properties": {
        "@id": "node/12078438241",
        "amenity": "restaurant",
        "check_date": "2024-07-28",
        "name": "Hotel Ariyaas",
        "source": "survey",
        "takeaway": "yes"
      },
      "geometry": {
        "type": "Point",
        "coordinates": [
          78.764919,
          10.9684943
        ]
      },
      "id": "node/12078438241"
    },
    {
      "type": "Feature",
      "properties": {
        "@id": "node/12078443593",
        "amenity": "bank",
        "brand": "UCO Bank",
        "brand:wikidata": "Q2005310",
        "check_date": "2024-07-28",
        "name": "UCO Bank"
      },
      "geometry": {
        "type": "Point",
        "coordinates": [
          78.612965,
          10.7622542
        ]
      },
      "id": "node/12078443593"
    },
    {
      "type": "Feature",
      "properties": {
        "@id": "node/12078443647",
        "air_conditioning": "yes",
        "amenity": "restaurant",
        "check_date": "2025-06-15",
        "check_date:diet:vegetarian": "2025-06-15",
        "check_date:opening_hours": "2025-06-15",
        "check_date:smoking": "2025-06-15",
        "diet:vegetarian": "only",
        "name": "ஸ்ரீ சங்கீதாஸ்",
        "name:en": "Shri Sangeethas (Chennai Bypass, Trichy) Veg. Restaurant | Sweets | Savouries",
        "name:ta": "ஸ்ரீ சங்கீதாஸ்",
        "opening_hours": "Mo-Su 06:00-23:30",
        "payment:credit_cards": "yes",
        "payment:debit_cards": "yes",
        "phone": "+099655 91018",
        "smoking": "no",
        "source": "survey",
        "website": "https://shrisangeethas.in/",
        "wheelchair": "no"
      },
      "geometry": {
        "type": "Point",
        "coordinates": [
          78.7117134,
          10.8248822
        ]
      },
      "id": "node/12078443647"
    },
    {
      "type": "Feature",
      "properties": {
        "@id": "node/12078444906",
        "brand": "Royal Enfield",
        "brand:wikidata": "Q2668720",
        "check_date": "2024-07-28",
        "name": "Royal Enfield",
        "shop": "motorcycle"
      },
      "geometry": {
        "type": "Point",
        "coordinates": [
          78.4325831,
          10.6241369
        ]
      },
      "id": "node/12078444906"
    },
    {
      "type": "Feature",
      "properties": {
        "@id": "node/12078456431",
        "amenity": "bank",
        "brand": "Indian Bank",
        "brand:wikidata": "Q2003789",
        "check_date": "2024-07-28",
        "name": "Indian Bank"
      },
      "geometry": {
        "type": "Point",
        "coordinates": [
          78.6785109,
          10.7933515
        ]
      },
      "id": "node/12078456431"
    },
    {
      "type": "Feature",
      "properties": {
        "@id": "node/12078459433",
        "amenity": "restaurant",
        "check_date": "2024-07-28",
        "name": "Hotel Ariyaas",
        "source": "survey",
        "takeaway": "yes"
      },
      "geometry": {
        "type": "Point",
        "coordinates": [
          78.865004,
          11.1771867
        ]
      },
      "id": "node/12078459433"
    },
    {
      "type": "Feature",
      "properties": {
        "@id": "node/12078459435",
        "amenity": "bank",
        "brand": "Indian Overseas Bank",
        "brand:wikidata": "Q2003611",
        "check_date": "2024-07-28",
        "name": "Indian Overseas Bank"
      },
      "geometry": {
        "type": "Point",
        "coordinates": [
          78.8755001,
          11.1981881
        ]
      },
      "id": "node/12078459435"
    },
    {
      "type": "Feature",
      "properties": {
        "@id": "node/12135747879",
        "brand": "Bata",
        "brand:wikidata": "Q688082",
        "name": "Bata",
        "shop": "shoes"
      },
      "geometry": {
        "type": "Point",
        "coordinates": [
          79.1373415,
          10.7874946
        ]
      },
      "id": "node/12135747879"
    },
    {
      "type": "Feature",
      "properties": {
        "@id": "node/12145430110",
        "mapillary": "454617468965703",
        "name": "Kalyani Coverings",
        "shop": "jewelry"
      },
      "geometry": {
        "type": "Point",
        "coordinates": [
          78.69552,
          10.8266149
        ]
      },
      "id": "node/12145430110"
    },
    {
      "type": "Feature",
      "properties": {
        "@id": "node/12145430130",
        "brand": "Max",
        "brand:wikidata": "Q24939079",
        "mapillary": "1756354401202678",
        "name": "Max",
        "shop": "clothes"
      },
      "geometry": {
        "type": "Point",
        "coordinates": [
          78.6778734,
          10.8045289
        ]
      },
      "id": "node/12145430130"
    },
    {
      "type": "Feature",
      "properties": {
        "@id": "node/12145430139",
        "brand": "Ramraj Cotton",
        "brand:wikidata": "Q119161281",
        "mapillary": "958202494952442",
        "name": "Ramraj Cotton",
        "shop": "clothes"
      },
      "geometry": {
        "type": "Point",
        "coordinates": [
          79.138827,
          10.7839336
        ]
      },
      "id": "node/12145430139"
    },
    {
      "type": "Feature",
      "properties": {
        "@id": "node/12145430170",
        "mapillary": "499320694760427",
        "name": "Om Jewellers",
        "shop": "jewelry"
      },
      "geometry": {
        "type": "Point",
        "coordinates": [
          78.6968815,
          10.8203087
        ]
      },
      "id": "node/12145430170"
    },
    {
      "type": "Feature",
      "properties": {
        "@id": "node/12287736490",
        "amenity": "pharmacy",
        "check_date": "2024-10-25",
        "healthcare": "pharmacy",
        "name": "Jay Vet & Pet Pharma"
      },
      "geometry": {
        "type": "Point",
        "coordinates": [
          78.6087948,
          11.1447268
        ]
      },
      "id": "node/12287736490"
    },
    {
      "type": "Feature",
      "properties": {
        "@id": "node/12287736493",
        "amenity": "bank",
        "brand": "Karur Vysya Bank",
        "brand:wikidata": "Q6373724",
        "check_date": "2024-10-25",
        "name": "Karur Vysya Bank"
      },
      "geometry": {
        "type": "Point",
        "coordinates": [
          78.5918288,
          11.1378128
        ]
      },
      "id": "node/12287736493"
    },
    {
      "type": "Feature",
      "properties": {
        "@id": "node/12287751621",
        "amenity": "bank",
        "brand": "Canara Bank",
        "brand:en": "Canara Bank",
        "brand:hi": "केनरा बैंक",
        "brand:kn": "ಕೆನರಾ ಬ್ಯಾಂಕ್",
        "brand:pa": "ਕੇਨਰਾ ਬੈਂਕ",
        "brand:pnb": "کینرا بینک",
        "brand:ur": "کینرا بینک",
        "brand:wikidata": "Q2003777",
        "check_date": "2024-10-25",
        "name": "Canara Bank",
        "name:en": "Canara Bank",
        "name:hi": "केनरा बैंक",
        "name:kn": "ಕೆನರಾ ಬ್ಯಾಂಕ್",
        "name:pa": "ਕੇਨਰਾ ਬੈਂਕ",
        "name:pnb": "کینرا بینک",
        "name:ur": "کینرا بینک"
      },
      "geometry": {
        "type": "Point",
        "coordinates": [
          78.5941462,
          11.1519427
        ]
      },
      "id": "node/12287751621"
    },
    {
      "type": "Feature",
      "properties": {
        "@id": "node/12287751634",
        "amenity": "pharmacy",
        "check_date": "2024-10-25",
        "healthcare": "pharmacy",
        "name": "G G Medical",
        "name:ta": "ஜி ஜி மெடிக்கல்",
        "phone": "+91 98439 07721; +91 78450 94005"
      },
      "geometry": {
        "type": "Point",
        "coordinates": [
          78.5989873,
          11.1504966
        ]
      },
      "id": "node/12287751634"
    },
    {
      "type": "Feature",
      "properties": {
        "@id": "node/12287751640",
        "amenity": "bank",
        "brand": "Tamilnad Mercantile Bank Limited",
        "brand:wikidata": "Q2044991",
        "check_date": "2024-10-25",
        "name": "Tamilnad Mercantile Bank Limited"
      },
      "geometry": {
        "type": "Point",
        "coordinates": [
          78.5918663,
          11.1386913
        ]
      },
      "id": "node/12287751640"
    },
    {
      "type": "Feature",
      "properties": {
        "@id": "node/12287751642",
        "amenity": "bank",
        "brand": "IDBI Bank",
        "brand:wikidata": "Q3633485",
        "check_date": "2024-10-25",
        "name": "IDBI Bank",
        "short_name": "IDBI"
      },
      "geometry": {
        "type": "Point",
        "coordinates": [
          78.5918592,
          11.138786
        ]
      },
      "id": "node/12287751642"
    },
    {
      "type": "Feature",
      "properties": {
        "@id": "node/12287751645",
        "amenity": "bank",
        "brand": "Axis Bank",
        "brand:wikidata": "Q2003549",
        "check_date": "2024-10-25",
        "name": "Axis Bank"
      },
      "geometry": {
        "type": "Point",
        "coordinates": [
          78.5919233,
          11.1389672
        ]
      },
      "id": "node/12287751645"
    },
    {
      "type": "Feature",
      "properties": {
        "@id": "node/12542252101",
        "amenity": "cafe",
        "cuisine": "indian",
        "name": "Mani's Cafe",
        "opening_hours": "Mo-Su 08:00-22:00"
      },
      "geometry": {
        "type": "Point",
        "coordinates": [
          78.689735,
          10.8591754
        ]
      },
      "id": "node/12542252101"
    },
    {
      "type": "Feature",
      "properties": {
        "@id": "node/12542262401",
        "addr:street": "West Vibhoodhi Praharam",
        "amenity": "restaurant",
        "name": "Parthasarathy Vilas",
        "opening_hours": "Tu-Su 06:00-22:00"
      },
      "geometry": {
        "type": "Point",
        "coordinates": [
          78.7030574,
          10.8514945
        ]
      },
      "id": "node/12542262401"
    },
    {
      "type": "Feature",
      "properties": {
        "@id": "node/12580918485",
        "amenity": "pharmacy",
        "check_date": "2025-02-12",
        "healthcare": "pharmacy",
        "name": "T V K Medicals",
        "source": "survey"
      },
      "geometry": {
        "type": "Point",
        "coordinates": [
          79.1384013,
          10.7878934
        ]
      },
      "id": "node/12580918485"
    },
    {
      "type": "Feature",
      "properties": {
        "@id": "node/12580918488",
        "amenity": "pharmacy",
        "check_date": "2025-02-12",
        "healthcare": "pharmacy",
        "name": "State Pharmacy",
        "source": "survey"
      },
      "geometry": {
        "type": "Point",
        "coordinates": [
          79.1283333,
          10.7632238
        ]
      },
      "id": "node/12580918488"
    },
    {
      "type": "Feature",
      "properties": {
        "@id": "node/12580918489",
        "air_conditioning": "yes",
        "brand": "Tanishq",
        "brand:en": "Tanishq",
        "brand:wikidata": "Q13117711",
        "check_date": "2025-02-12",
        "name": "Tanishq",
        "name:en": "Tanishq",
        "payment:cash": "yes",
        "payment:credit_cards": "yes",
        "payment:debit_cards": "yes",
        "shop": "jewelry",
        "toilets": "yes"
      },
      "geometry": {
        "type": "Point",
        "coordinates": [
          79.1279115,
          10.7622097
        ]
      },
      "id": "node/12580918489"
    },
    {
      "type": "Feature",
      "properties": {
        "@id": "node/12580918493",
        "air_conditioning": "yes",
        "amenity": "restaurant",
        "bar": "no",
        "check_date": "2025-02-12",
        "highchair": "no",
        "name": "Nasar Restaurant",
        "outdoor_seating": "no",
        "payment:cash": "yes",
        "payment:credit_cards": "yes",
        "payment:debit_cards": "yes"
      },
      "geometry": {
        "type": "Point",
        "coordinates": [
          79.1176638,
          10.7560239
        ]
      },
      "id": "node/12580918493"
    },
    {
      "type": "Feature",
      "properties": {
        "@id": "node/12580965346",
        "brand": "Honda",
        "brand:wikidata": "Q9584",
        "check_date": "2025-02-12",
        "name": "Honda",
        "shop": "car",
        "source": "survey"
      },
      "geometry": {
        "type": "Point",
        "coordinates": [
          78.7114622,
          10.8060203
        ]
      },
      "id": "node/12580965346"
    },
    {
      "type": "Feature",
      "properties": {
        "@id": "node/12580965350",
        "air_conditioning": "yes",
        "brand": "Jos Alukkas",
        "brand:wikidata": "Q6279093",
        "check_date": "2025-02-12",
        "name": "Jos Alukkas",
        "payment:cash": "yes",
        "payment:credit_cards": "yes",
        "payment:debit_cards": "yes",
        "shop": "jewelry",
        "source": "survey"
      },
      "geometry": {
        "type": "Point",
        "coordinates": [
          78.6859455,
          10.8293057
        ]
      },
      "id": "node/12580965350"
    },
    {
      "type": "Feature",
      "properties": {
        "@id": "node/12580965351",
        "amenity": "restaurant",
        "brand": "Dindigul Thalappakatti Restaurant",
        "brand:wikidata": "Q16312263",
        "check_date": "2025-02-12",
        "cuisine": "south_indian",
        "delivery": "yes",
        "name": "Dindigul Thalappakatti Restaurant",
        "payment:cash": "yes",
        "payment:credit_cards": "yes",
        "payment:debit_cards": "yes",
        "source": "survey",
        "takeaway": "yes"
      },
      "geometry": {
        "type": "Point",
        "coordinates": [
          78.6899902,
          10.8346982
        ]
      },
      "id": "node/12580965351"
    },
    {
      "type": "Feature",
      "properties": {
        "@id": "node/12580965353",
        "air_conditioning": "yes",
        "amenity": "restaurant",
        "check_date": "2025-02-12",
        "cuisine": "indian",
        "diet:halal": "yes",
        "name": "Buhari",
        "payment:cash": "yes",
        "payment:credit_cards": "yes",
        "payment:debit_cards": "yes",
        "source": "survey"
      },
      "geometry": {
        "type": "Point",
        "coordinates": [
          78.6930627,
          10.8334369
        ]
      },
      "id": "node/12580965353"
    },
    {
      "type": "Feature",
      "properties": {
        "@id": "node/12685381733",
        "addr:city": "Pudukotai",
        "addr:district": "pudukotai",
        "addr:postcode": "622515",
        "addr:street": "Trichy Road",
        "amenity": "cafe",
        "brand": "Old School Tea",
        "cuisine": "coffee_shop;tea",
        "internet_access": "wlan",
        "internet_access:fee": "no",
        "name": "Old School Tea Trichy",
        "opening_hours": "Tu-Sa 04:00-23:00",
        "outdoor_seating": "yes",
        "phone": "8289812079"
      },
      "geometry": {
        "type": "Point",
        "coordinates": [
          78.7414115,
          10.6565499
        ]
      },
      "id": "node/12685381733"
    },
    {
      "type": "Feature",
      "properties": {
        "@id": "node/12972950169",
        "brand": "Tanishq",
        "brand:en": "Tanishq",
        "brand:wikidata": "Q13117711",
        "name": "Tanishq",
        "name:en": "Tanishq",
        "name:ta": "தனிஷ்க்",
        "shop": "jewelry",
        "wheelchair": "no"
      },
      "geometry": {
        "type": "Point",
        "coordinates": [
          78.6879985,
          10.8036956
        ]
      },
      "id": "node/12972950169"
    },
    {
      "type": "Feature",
      "properties": {
        "@id": "node/12972962890",
        "amenity": "hospital",
        "healthcare": "hospital",
        "name": "Padmakshi hospital",
        "name:ta": "பத்மாக்ஷி மருத்துவமனை"
      },
      "geometry": {
        "type": "Point",
        "coordinates": [
          78.6877965,
          10.8032623
        ]
      },
      "id": "node/12972962890"
    },
    {
      "type": "Feature",
      "properties": {
        "@id": "node/12972985852",
        "name": "Kay Jay Auto Unit",
        "name:ta": "கே. ஜெ. ஆட்டோ யூனிட்",
        "shop": "car_parts"
      },
      "geometry": {
        "type": "Point",
        "coordinates": [
          78.6877587,
          10.8035105
        ]
      },
      "id": "node/12972985852"
    },
    {
      "type": "Feature",
      "properties": {
        "@id": "node/12973419917",
        "amenity": "hospital",
        "healthcare": "hospital",
        "name": "Retna Global hospital",
        "name:ta": "ரத்னா குளோபல் மருத்துவமனை"
      },
      "geometry": {
        "type": "Point",
        "coordinates": [
          78.6803203,
          10.8098728
        ]
      },
      "id": "node/12973419917"
    },
    {
      "type": "Feature",
      "properties": {
        "@id": "node/12973805485",
        "amenity": "pharmacy",
        "healthcare": "pharmacy",
        "name": "Rahul Medicals and Surgicals",
        "name:ta": "ராகுல் மெடிக்கல் & சர்ஜிக்கல்ஸ்",
        "wheelchair": "no"
      },
      "geometry": {
        "type": "Point",
        "coordinates": [
          78.6790416,
          10.8121559
        ]
      },
      "id": "node/12973805485"
    },
    {
      "type": "Feature",
      "properties": {
        "@id": "node/12973805486",
        "name": "கோவை பழமுதிர் நிலையம்",
        "name:en": "Kovai Pazamuthir Nilayam",
        "shop": "greengrocer",
        "wheelchair": "no"
      },
      "geometry": {
        "type": "Point",
        "coordinates": [
          78.6791366,
          10.8118479
        ]
      },
      "id": "node/12973805486"
    },
    {
      "type": "Feature",
      "properties": {
        "@id": "node/13003760767",
        "name": "BSNL customer service centre",
        "operator": "BSNL",
        "operator:wikidata": "Q278834",
        "shop": "telecommunication"
      },
      "geometry": {
        "type": "Point",
        "coordinates": [
          78.6883463,
          10.8026651
        ]
      },
      "id": "node/13003760767"
    },
    {
      "type": "Feature",
      "properties": {
        "@id": "node/13004606956",
        "amenity": "bank",
        "atm": "yes",
        "branch": "Tiruchirappalli main branch",
        "brand": "Punjab National Bank",
        "brand:wikidata": "Q2743499",
        "name": "Punjab National Bank"
      },
      "geometry": {
        "type": "Point",
        "coordinates": [
          78.6797841,
          10.8015599
        ]
      },
      "id": "node/13004606956"
    },
    {
      "type": "Feature",
      "properties": {
        "@id": "node/13008650082",
        "amenity": "hospital",
        "healthcare": "hospital",
        "name": "Ponne hospitalz",
        "name:ta": "பொன்னி மருத்துவமனை"
      },
      "geometry": {
        "type": "Point",
        "coordinates": [
          78.6817152,
          10.8262509
        ]
      },
      "id": "node/13008650082"
    },
    {
      "type": "Feature",
      "properties": {
        "@id": "node/13011912037",
        "name": "Sri Thaila Jewellers",
        "shop": "jewelry"
      },
      "geometry": {
        "type": "Point",
        "coordinates": [
          78.6970418,
          10.8258952
        ]
      },
      "id": "node/13011912037"
    },
    {
      "type": "Feature",
      "properties": {
        "@id": "node/13011912038",
        "name": "Kalyani covering",
        "shop": "jewelry"
      },
      "geometry": {
        "type": "Point",
        "coordinates": [
          78.6972544,
          10.8259894
        ]
      },
      "id": "node/13011912038"
    },
    {
      "type": "Feature",
      "properties": {
        "@id": "node/13011912039",
        "name": "Rangas thanga maligai",
        "name:ta": "ரங்காஸ் தங்க மாளிகை",
        "shop": "jewelry"
      },
      "geometry": {
        "type": "Point",
        "coordinates": [
          78.6972353,
          10.825727
        ]
      },
      "id": "node/13011912039"
    },
    {
      "type": "Feature",
      "properties": {
        "@id": "node/13011912040",
        "name": "Thanga mayil",
        "shop": "jewelry"
      },
      "geometry": {
        "type": "Point",
        "coordinates": [
          78.6974184,
          10.8262381
        ]
      },
      "id": "node/13011912040"
    },
    {
      "type": "Feature",
      "properties": {
        "@id": "node/13011912041",
        "brand": "Bata",
        "brand:wikidata": "Q688082",
        "name": "Bata",
        "shop": "shoes"
      },
      "geometry": {
        "type": "Point",
        "coordinates": [
          78.6972464,
          10.8258902
        ]
      },
      "id": "node/13011912041"
    },
    {
      "type": "Feature",
      "properties": {
        "@id": "node/13011912042",
        "name": "Kongu thanga maligai",
        "shop": "jewelry"
      },
      "geometry": {
        "type": "Point",
        "coordinates": [
          78.6972053,
          10.8264593
        ]
      },
      "id": "node/13011912042"
    },
    {
      "type": "Feature",
      "properties": {
        "@id": "node/13011912043",
        "name": "Janakiraman vilas",
        "note": "specialist in dried goods (vathal), flour, and grains",
        "shop": "dried goods;flour;grain"
      },
      "geometry": {
        "type": "Point",
        "coordinates": [
          78.6970443,
          10.8259669
        ]
      },
      "id": "node/13011912043"
    },
    {
      "type": "Feature",
      "properties": {
        "@id": "node/13036672132",
        "addr:city": "tiruchirapalli",
        "addr:district": "TIRUCHIRAPPALLI",
        "addr:housenumber": "5/2-1",
        "addr:postcode": "620003",
        "addr:street": "Kaveri College road",
        "amenity": "hospital",
        "emergency": "yes",
        "healthcare": "hospital",
        "healthcare:speciality": "urology;pulmonology;gynaecology;surgery",
        "internet_access": "wired",
        "mobile": "94422-39476",
        "name": "Aiyshwariya Hospital",
        "opening_hours": "24/7",
        "operator": "Dr.P.Mahalakshmi MBBS,DTCD & Dr. Rajeah Rajendran MBBS, MS, MCh, FRCS Urology",
        "operator:type": "private",
        "phone": "0431-4000969",
        "website": "aiyshwariyahospitaltrichy@gmail.com",
        "wheelchair": "yes"
      },
      "geometry": {
        "type": "Point",
        "coordinates": [
          78.6821604,
          10.8288951
        ]
      },
      "id": "node/13036672132"
    },
    {
      "type": "Feature",
      "properties": {
        "@id": "node/13618165901",
        "amenity": "bank",
        "branch": "Thillai Nagar",
        "level": "1",
        "name": "Bank of Baroda",
        "wheelchair": "no"
      },
      "geometry": {
        "type": "Point",
        "coordinates": [
          78.6833017,
          10.8248208
        ]
      },
      "id": "node/13618165901"
    }
  ]
}