{
  "type": "FeatureCollection",
  "generator": "overpass-turbo",
  "copyright": "The data included in this document is from www.openstreetmap.org. The data is made available under ODbL.",
  "timestamp": "2026-03-14T15:13:16Z",
  "features": [
    {
      "type": "Feature",
      "properties": {
        "@id": "way/117562040",
        "amenity": "marketplace",
        "landuse": "retail",
        "name": "Gandhi Market",
        "name:etymology:wikidata": "Q1001",
        "official_name": "Mahatma Gandhi Market",
        "wikidata": "Q61066218",
        "wikipedia": "en:Gandhi Market",
        "@geometry": "center"
      },
      "geometry": {
        "type": "Point",
        "coordinates": [
          78.6979455,
          10.8157847
        ]
      },
      "id": "way/117562040"
    },
    {
      "type": "Feature",
      "properties": {
        "@id": "way/120576022",
        "amenity": "marketplace",
        "name": "Super Bazaar",
        "@geometry": "center"
      },
      "geometry": {
        "type": "Point",
        "coordinates": [
          78.6951194,
          10.8247624
        ]
      },
      "id": "way/120576022"
    },
    {
      "type": "Feature",
      "properties": {
        "@id": "way/201744694",
        "name": "Reliance Mart",
        "shop": "supermarket",
        "@geometry": "center"
      },
      "geometry": {
        "type": "Point",
        "coordinates": [
          78.68137,
          10.8072546
        ]
      },
      "id": "way/201744694"
    },
    {
      "type": "Feature",
      "properties": {
        "@id": "way/263839802",
        "building": "yes",
        "name": "B.G.Naidu Sweets",
        "shop": "bakery",
        "@geometry": "center"
      },
      "geometry": {
        "type": "Point",
        "coordinates": [
          78.6922594,
          10.8030472
        ]
      },
      "id": "way/263839802"
    },
    {
      "type": "Feature",
      "properties": {
        "@id": "way/364721975",
        "building": "yes",
        "check_date": "2024-01-01",
        "shop": "clothes",
        "@geometry": "center"
      },
      "geometry": {
        "type": "Point",
        "coordinates": [
          78.6778952,
          10.8046026
        ]
      },
      "id": "way/364721975"
    },
    {
      "type": "Feature",
      "properties": {
        "@id": "way/456124463",
        "amenity": "marketplace",
        "building": "yes",
        "designation": "Jenny Plaza",
        "name": "Jenny Plaza",
        "shop": "mall",
        "@geometry": "center"
      },
      "geometry": {
        "type": "Point",
        "coordinates": [
          78.6871781,
          10.7997736
        ]
      },
      "id": "way/456124463"
    },
    {
      "type": "Feature",
      "properties": {
        "@id": "way/456124855",
        "building": "yes",
        "name": "TABS Complex",
        "shop": "mall",
        "@geometry": "center"
      },
      "geometry": {
        "type": "Point",
        "coordinates": [
          78.6863771,
          10.8045348
        ]
      },
      "id": "way/456124855"
    },
    {
      "type": "Feature",
      "properties": {
        "@id": "way/1223408185",
        "amenity": "marketplace",
        "@geometry": "center"
      },
      "geometry": {
        "type": "Point",
        "coordinates": [
          78.6940226,
          10.8266092
        ]
      },
      "id": "way/1223408185"
    },
    {
      "type": "Feature",
      "properties": {
        "@id": "way/1223408186",
        "amenity": "marketplace",
        "@geometry": "center"
      },
      "geometry": {
        "type": "Point",
        "coordinates": [
          78.6946504,
          10.8275439
        ]
      },
      "id": "way/1223408186"
    },
    {
      "type": "Feature",
      "properties": {
        "@id": "way/1223408188",
        "amenity": "marketplace",
        "@geometry": "center"
      },
      "geometry": {
        "type": "Point",
        "coordinates": [
          78.6970853,
          10.8269703
        ]
      },
      "id": "way/1223408188"
    },
    {
      "type": "Feature",
      "properties": {
        "@id": "way/1223408196",
        "amenity": "marketplace",
        "@geometry": "center"
      },
      "geometry": {
        "type": "Point",
        "coordinates": [
          78.6935728,
          10.8275294
        ]
      },
      "id": "way/1223408196"
    },
    {
      "type": "Feature",
      "properties": {
        "@id": "way/1223408202",
        "amenity": "marketplace",
        "@geometry": "center"
      },
      "geometry": {
        "type": "Point",
        "coordinates": [
          78.6953744,
          10.8164153
        ]
      },
      "id": "way/1223408202"
    },
    {
      "type": "Feature",
      "properties": {
        "@id": "way/1226563636",
        "addr:city": "Trichy",
        "addr:housenumber": "9/2a",
        "addr:postcode": "620018",
        "addr:street": "Karur Bypass road",
        "brand": "NEXA",
        "building": "yes",
        "name": "NEXA (Pillai & Sons, Trichy)",
        "second_hand": "no",
        "shop": "car",
        "source": "microsoft/BuildingFootprints",
        "@geometry": "center"
      },
      "geometry": {
        "type": "Point",
        "coordinates": [
          78.6850838,
          10.8310831
        ]
      },
      "id": "way/1226563636"
    },
    {
      "type": "Feature",
      "properties": {
        "@id": "way/1227207985",
        "building": "yes",
        "mapillary": "267025718475339",
        "name": "Shree Renga Supermarket",
        "shop": "supermarket",
        "@geometry": "center"
      },
      "geometry": {
        "type": "Point",
        "coordinates": [
          78.700011,
          10.8298824
        ]
      },
      "id": "way/1227207985"
    },
    {
      "type": "Feature",
      "properties": {
        "@id": "way/1227409945",
        "addr:city": "Tiruchirappalli",
        "addr:housenumber": "17",
        "addr:postcode": "620008",
        "addr:street": "West Boulevard road",
        "alt_name": "South India Musical Instruments",
        "alt_name:ta": "தென் இந்திய சங்கீத நிறுவனம்",
        "building": "yes",
        "contact:mobile": "00917667836671",
        "email": "chitamchandru@gmail.com",
        "name": "South India Musikal Enterprises",
        "name:ta": "சவுத் இண்டியா மியூசிக்கல் எண்டபிரைஸ்",
        "shop": "musical_instrument",
        "source": "microsoft/BuildingFootprints",
        "@geometry": "center"
      },
      "geometry": {
        "type": "Point",
        "coordinates": [
          78.6934772,
          10.8218816
        ]
      },
      "id": "way/1227409945"
    },
    {
      "type": "Feature",
      "properties": {
        "@id": "way/1227557803",
        "addr:city": "Trichy",
        "addr:postcode": "620018",
        "addr:street": "7th Cross",
        "alt_name": "A2B",
        "amenity": "restaurant",
        "brand": "Adyar Ananda Bhavan",
        "brand:wikidata": "Q15178238",
        "brand:wikipedia": "en:Adyar Ananda Bhavan",
        "building": "yes",
        "cuisine": "regional",
        "diet:vegetarian": "only",
        "email": "info@aabsweets.com",
        "name": "Adyar Ananda Bhavan",
        "operator": "Adyar Ananda Bhavan",
        "phone": "+91 431 402 1177",
        "shop": "confectionery",
        "smoking": "no",
        "source": "microsoft/BuildingFootprints",
        "website": "https://aabsweets.com",
        "@geometry": "center"
      },
      "geometry": {
        "type": "Point",
        "coordinates": [
          78.6875495,
          10.8225639
        ]
      },
      "id": "way/1227557803"
    },
    {
      "type": "Feature",
      "properties": {
        "@id": "way/1228078114",
        "addr:city": "Trichy",
        "addr:postcode": "620002",
        "addr:street": "Karur Bypass road",
        "building": "yes",
        "name": "Rockfort Honda",
        "shop": "motorcycle",
        "source": "microsoft/BuildingFootprints",
        "@geometry": "center"
      },
      "geometry": {
        "type": "Point",
        "coordinates": [
          78.6890367,
          10.8348868
        ]
      },
      "id": "way/1228078114"
    },
    {
      "type": "Feature",
      "properties": {
        "@id": "way/1229050670",
        "brand": "Nissan",
        "brand:wikidata": "Q20165",
        "building": "yes",
        "mapillary": "162384402367364",
        "name": "Nissan",
        "shop": "car",
        "source": "microsoft/BuildingFootprints",
        "@geometry": "center"
      },
      "geometry": {
        "type": "Point",
        "coordinates": [
          78.6823919,
          10.8030556
        ]
      },
      "id": "way/1229050670"
    },
    {
      "type": "Feature",
      "properties": {
        "@id": "way/1229464932",
        "addr:city": "Tiruchirapalli",
        "addr:housenumber": "19",
        "addr:postcode": "620008",
        "addr:street": "Allimaal street",
        "building": "yes",
        "name": "SRIRAM TRADERS",
        "opening_hours": "Mo-Sa 10:00-21:00",
        "payment:cash": "yes",
        "payment:upi": "yes",
        "phone": "04314974551",
        "shop": "Invitations_Showroom",
        "source": "microsoft/BuildingFootprints",
        "website": "https://sriram-wedding-cards-trichy.business.site/",
        "@geometry": "center"
      },
      "geometry": {
        "type": "Point",
        "coordinates": [
          78.6990483,
          10.8231952
        ]
      },
      "id": "way/1229464932"
    },
    {
      "type": "Feature",
      "properties": {
        "@id": "way/1229519821",
        "addr:street": "big Kamala street",
        "building": "yes",
        "name": "A1 essence mart",
        "shop": "yes",
        "source": "microsoft/BuildingFootprints",
        "@geometry": "center"
      },
      "geometry": {
        "type": "Point",
        "coordinates": [
          78.6966125,
          10.8168096
        ]
      },
      "id": "way/1229519821"
    },
    {
      "type": "Feature",
      "properties": {
        "@id": "way/1229867243",
        "addr:city": "Tiruchchirappalli town",
        "addr:street": "Race Course Road",
        "building": "yes",
        "name": "Balaji Xerox & Stationeries",
        "opening_hours": "Mo-Su 08:00-21:30",
        "shop": "stationery",
        "source": "microsoft/BuildingFootprints",
        "@geometry": "center"
      },
      "geometry": {
        "type": "Point",
        "coordinates": [
          78.694422,
          10.7753869
        ]
      },
      "id": "way/1229867243"
    },
    {
      "type": "Feature",
      "properties": {
        "@id": "way/1230892100",
        "addr:city": "Tiruchirappalli",
        "building": "yes",
        "name": "J.k.Textiles",
        "shop": "clothes",
        "source": "microsoft/BuildingFootprints",
        "@geometry": "center"
      },
      "geometry": {
        "type": "Point",
        "coordinates": [
          78.6932841,
          10.8241296
        ]
      },
      "id": "way/1230892100"
    },
    {
      "type": "Feature",
      "properties": {
        "@id": "way/1230892137",
        "addr:postcode": "620002",
        "addr:street": "West Boulevard road",
        "building": "yes",
        "name:en": "The Chennai Silks",
        "shop": "clothes",
        "source": "microsoft/BuildingFootprints",
        "@geometry": "center"
      },
      "geometry": {
        "type": "Point",
        "coordinates": [
          78.693138,
          10.8247796
        ]
      },
      "id": "way/1230892137"
    },
    {
      "type": "Feature",
      "properties": {
        "@id": "way/1230892273",
        "addr:housenumber": "31",
        "building": "yes",
        "name": "New Bangalore Iyengar Bakery",
        "shop": "pastry",
        "source": "microsoft/BuildingFootprints",
        "@geometry": "center"
      },
      "geometry": {
        "type": "Point",
        "coordinates": [
          78.6948073,
          10.8247564
        ]
      },
      "id": "way/1230892273"
    },
    {
      "type": "Feature",
      "properties": {
        "@id": "way/1230892461",
        "addr:postcode": "620002",
        "building": "yes",
        "name:en": "Pothys",
        "shop": "clothes",
        "source": "microsoft/BuildingFootprints",
        "@geometry": "center"
      },
      "geometry": {
        "type": "Point",
        "coordinates": [
          78.6931139,
          10.8252928
        ]
      },
      "id": "way/1230892461"
    },
    {
      "type": "Feature",
      "properties": {
        "@id": "way/1231079232",
        "addr:city": "Trichy",
        "addr:postcode": "620001",
        "addr:street": "Bharathiyar Salai",
        "building": "yes",
        "name": "POWERREKO",
        "operator": "Powerreko Generators",
        "phone": "9360111055",
        "shop": "electrical",
        "source": "microsoft/BuildingFootprints",
        "website": "https://bbay.in/seller/powerreko/",
        "@geometry": "center"
      },
      "geometry": {
        "type": "Point",
        "coordinates": [
          78.6894543,
          10.8007608
        ]
      },
      "id": "way/1231079232"
    },
    {
      "type": "Feature",
      "properties": {
        "@id": "way/1231079675",
        "addr:city": "Trichy",
        "addr:postcode": "625001",
        "addr:street": "Williams Road",
        "alt_name": "A2B",
        "amenity": "restaurant",
        "brand": "Adyar Ananda Bhavan",
        "brand:wikidata": "Q15178238",
        "brand:wikipedia": "en:Adyar Ananda Bhavan",
        "building": "yes",
        "cuisine": "regional",
        "diet:vegetarian": "only",
        "name": "Adyar Ananda Bhavan",
        "operator": "Adyar Ananda Bhavan",
        "phone": "+91 431 420 0333",
        "shop": "confectionery",
        "smoking": "no",
        "source": "microsoft/BuildingFootprints",
        "website": "https://aabsweets.com",
        "@geometry": "center"
      },
      "geometry": {
        "type": "Point",
        "coordinates": [
          78.6811691,
          10.8000184
        ]
      },
      "id": "way/1231079675"
    },
    {
      "type": "Feature",
      "properties": {
        "@id": "way/1231080001",
        "addr:city": "Trichy",
        "addr:housename": "107-A",
        "addr:postcode": "620001",
        "addr:street": "Williams Road",
        "brand": "Femina Shopping Mall",
        "building": "yes",
        "contact:phone": "0431-4200610,4200620",
        "fixme": "Correct the tags and name.",
        "name": "Femina Shopping Mall (Hyper);Femina shopping maal",
        "shop": "mall;yes",
        "source": "microsoft/BuildingFootprints",
        "@geometry": "center"
      },
      "geometry": {
        "type": "Point",
        "coordinates": [
          78.6807083,
          10.8001256
        ]
      },
      "id": "way/1231080001"
    },
    {
      "type": "Feature",
      "properties": {
        "@id": "node/2152463994",
        "name": "Sarathas",
        "shop": "clothes"
      },
      "geometry": {
        "type": "Point",
        "coordinates": [
          78.6962422,
          10.8267323
        ]
      },
      "id": "node/2152463994"
    },
    {
      "type": "Feature",
      "properties": {
        "@id": "node/2212489634",
        "brand": "Reliance Fresh",
        "brand:wikidata": "Q7311014",
        "brand:wikipedia": "en:Reliance Fresh",
        "name": "Reliance Fresh",
        "shop": "supermarket"
      },
      "geometry": {
        "type": "Point",
        "coordinates": [
          78.6677312,
          10.8144559
        ]
      },
      "id": "node/2212489634"
    },
    {
      "type": "Feature",
      "properties": {
        "@id": "node/2250783822",
        "name": "BG Naidu Sweets",
        "shop": "confectionery"
      },
      "geometry": {
        "type": "Point",
        "coordinates": [
          78.6703145,
          10.8140476
        ]
      },
      "id": "node/2250783822"
    },
    {
      "type": "Feature",
      "properties": {
        "@id": "node/2250783826",
        "name": "Kumudham Departmental Store",
        "shop": "supermarket"
      },
      "geometry": {
        "type": "Point",
        "coordinates": [
          78.6717951,
          10.8139343
        ]
      },
      "id": "node/2250783826"
    },
    {
      "type": "Feature",
      "properties": {
        "@id": "node/2250783829",
        "name": "Arasan Sweets & Bakery",
        "shop": "bakery"
      },
      "geometry": {
        "type": "Point",
        "coordinates": [
          78.6705237,
          10.8140423
        ]
      },
      "id": "node/2250783829"
    },
    {
      "type": "Feature",
      "properties": {
        "@id": "node/2250783832",
        "name": "Padma Fruit Shop",
        "shop": "greengrocer"
      },
      "geometry": {
        "type": "Point",
        "coordinates": [
          78.6702608,
          10.8140555
        ]
      },
      "id": "node/2250783832"
    },
    {
      "type": "Feature",
      "properties": {
        "@id": "node/2441196185",
        "name": "Sairam Supermarket",
        "shop": "supermarket"
      },
      "geometry": {
        "type": "Point",
        "coordinates": [
          78.6508139,
          10.8147529
        ]
      },
      "id": "node/2441196185"
    },
    {
      "type": "Feature",
      "properties": {
        "@id": "node/2441199728",
        "name": "Allithurai bridge",
        "shop": "seafood"
      },
      "geometry": {
        "type": "Point",
        "coordinates": [
          78.6311042,
          10.8105783
        ]
      },
      "id": "node/2441199728"
    },
    {
      "type": "Feature",
      "properties": {
        "@id": "node/3686857434",
        "name": "Anand's tailoring",
        "shop": "tailor"
      },
      "geometry": {
        "type": "Point",
        "coordinates": [
          78.7755761,
          10.7861218
        ]
      },
      "id": "node/3686857434"
    },
    {
      "type": "Feature",
      "properties": {
        "@id": "node/3686857442",
        "name": "Kanna's saloon",
        "shop": "hairdresser"
      },
      "geometry": {
        "type": "Point",
        "coordinates": [
          78.7755848,
          10.786142
        ]
      },
      "id": "node/3686857442"
    },
    {
      "type": "Feature",
      "properties": {
        "@id": "node/3686857448",
        "name": "Sree Sweets",
        "shop": "bakery"
      },
      "geometry": {
        "type": "Point",
        "coordinates": [
          78.7763466,
          10.7856284
        ]
      },
      "id": "node/3686857448"
    },
    {
      "type": "Feature",
      "properties": {
        "@id": "node/3686857453",
        "shop": "greengrocer"
      },
      "geometry": {
        "type": "Point",
        "coordinates": [
          78.7756501,
          10.7861635
        ]
      },
      "id": "node/3686857453"
    },
    {
      "type": "Feature",
      "properties": {
        "@id": "node/3686969870",
        "name": "Airtel Express",
        "shop": "mobile_phone"
      },
      "geometry": {
        "type": "Point",
        "coordinates": [
          78.74917,
          10.7995267
        ]
      },
      "id": "node/3686969870"
    },
    {
      "type": "Feature",
      "properties": {
        "@id": "node/3686969871",
        "name": "Alaghu Beauty parlor",
        "shop": "beauty"
      },
      "geometry": {
        "type": "Point",
        "coordinates": [
          78.7752826,
          10.7840545
        ]
      },
      "id": "node/3686969871"
    },
    {
      "type": "Feature",
      "properties": {
        "@id": "node/3686969873",
        "name": "Alvin Auto Parts",
        "shop": "car_parts"
      },
      "geometry": {
        "type": "Point",
        "coordinates": [
          78.7752994,
          10.7852625
        ]
      },
      "id": "node/3686969873"
    },
    {
      "type": "Feature",
      "properties": {
        "@id": "node/3686969875",
        "brand": "Asian Paints",
        "brand:wikidata": "Q28171825",
        "name": "Asian Paints",
        "shop": "paint"
      },
      "geometry": {
        "type": "Point",
        "coordinates": [
          78.775423,
          10.7853092
        ]
      },
      "id": "node/3686969875"
    },
    {
      "type": "Feature",
      "properties": {
        "@id": "node/3686969876",
        "name": "Bajaj service",
        "shop": "car_repair"
      },
      "geometry": {
        "type": "Point",
        "coordinates": [
          78.7505867,
          10.7985897
        ]
      },
      "id": "node/3686969876"
    },
    {
      "type": "Feature",
      "properties": {
        "@id": "node/3686969877",
        "name": "Best Shoe Palace",
        "shop": "shoes"
      },
      "geometry": {
        "type": "Point",
        "coordinates": [
          78.7755639,
          10.7860907
        ]
      },
      "id": "node/3686969877"
    },
    {
      "type": "Feature",
      "properties": {
        "@id": "node/3686969879",
        "addr:city": "Kattur",
        "addr:district": "Trichy",
        "addr:postcode": "620019",
        "addr:street": "Tanjore Main road",
        "addr:suburb": "Ganesh Nagar",
        "name": "Bhavani Granite",
        "shop": "hardware"
      },
      "geometry": {
        "type": "Point",
        "coordinates": [
          78.7485431,
          10.7997559
        ]
      },
      "id": "node/3686969879"
    },
    {
      "type": "Feature",
      "properties": {
        "@id": "node/3686969880",
        "name": "Bread Basket Bakery",
        "shop": "bakery"
      },
      "geometry": {
        "type": "Point",
        "coordinates": [
          78.7681407,
          10.7904197
        ]
      },
      "id": "node/3686969880"
    },
    {
      "type": "Feature",
      "properties": {
        "@id": "node/3686969885",
        "name": "Digital Express",
        "shop": "mobile_phone"
      },
      "geometry": {
        "type": "Point",
        "coordinates": [
          78.7514154,
          10.7982648
        ]
      },
      "id": "node/3686969885"
    },
    {
      "type": "Feature",
      "properties": {
        "@id": "node/3686969887",
        "name": "Friend's mobile",
        "shop": "electronics"
      },
      "geometry": {
        "type": "Point",
        "coordinates": [
          78.7753737,
          10.7856855
        ]
      },
      "id": "node/3686969887"
    },
    {
      "type": "Feature",
      "properties": {
        "@id": "node/3686969889",
        "name": "Hairways",
        "shop": "hairdresser"
      },
      "geometry": {
        "type": "Point",
        "coordinates": [
          78.7497925,
          10.7992887
        ]
      },
      "id": "node/3686969889"
    },
    {
      "type": "Feature",
      "properties": {
        "@id": "node/3686969890",
        "name": "Hatsun Milk store",
        "shop": "tea"
      },
      "geometry": {
        "type": "Point",
        "coordinates": [
          78.7756673,
          10.7843564
        ]
      },
      "id": "node/3686969890"
    },
    {
      "type": "Feature",
      "properties": {
        "@id": "node/3686969893",
        "name": "Indian Textiles Wholesale and Retail",
        "shop": "clothes"
      },
      "geometry": {
        "type": "Point",
        "coordinates": [
          78.775321,
          10.7855131
        ]
      },
      "id": "node/3686969893"
    },
    {
      "type": "Feature",
      "properties": {
        "@id": "node/3686969895",
        "name": "Kings look beauty parlor",
        "shop": "beauty"
      },
      "geometry": {
        "type": "Point",
        "coordinates": [
          78.7754237,
          10.7853221
        ]
      },
      "id": "node/3686969895"
    },
    {
      "type": "Feature",
      "properties": {
        "@id": "node/3686969896",
        "building:levels": "1",
        "name": "Kings look tailors",
        "shop": "tailor"
      },
      "geometry": {
        "type": "Point",
        "coordinates": [
          78.775423,
          10.785336
        ]
      },
      "id": "node/3686969896"
    },
    {
      "type": "Feature",
      "properties": {
        "@id": "node/3686969897",
        "name": "Kumaran Traders Rice shop",
        "shop": "greengrocer"
      },
      "geometry": {
        "type": "Point",
        "coordinates": [
          78.7754224,
          10.7853488
        ]
      },
      "id": "node/3686969897"
    },
    {
      "type": "Feature",
      "properties": {
        "@id": "node/3686969900",
        "name": "Malai Mobile",
        "shop": "electronics"
      },
      "geometry": {
        "type": "Point",
        "coordinates": [
          78.7669905,
          10.7914058
        ]
      },
      "id": "node/3686969900"
    },
    {
      "type": "Feature",
      "properties": {
        "@id": "node/3686969901",
        "name": "Meena saloon",
        "shop": "hairdresser"
      },
      "geometry": {
        "type": "Point",
        "coordinates": [
          78.775301,
          10.7852781
        ]
      },
      "id": "node/3686969901"
    },
    {
      "type": "Feature",
      "properties": {
        "@id": "node/3686969902",
        "name": "Men's Look Tailoring",
        "shop": "hairdresser"
      },
      "geometry": {
        "type": "Point",
        "coordinates": [
          78.7755511,
          10.7857754
        ]
      },
      "id": "node/3686969902"
    },
    {
      "type": "Feature",
      "properties": {
        "@id": "node/3686969905",
        "name": "New Best Footwear",
        "shop": "shoes"
      },
      "geometry": {
        "type": "Point",
        "coordinates": [
          78.7754307,
          10.7857987
        ]
      },
      "id": "node/3686969905"
    },
    {
      "type": "Feature",
      "properties": {
        "@id": "node/3686969906",
        "name": "Optical shop",
        "shop": "optician"
      },
      "geometry": {
        "type": "Point",
        "coordinates": [
          78.7584852,
          10.7957284
        ]
      },
      "id": "node/3686969906"
    },
    {
      "type": "Feature",
      "properties": {
        "@id": "node/3686969907",
        "name": "PG Tours and Travels",
        "shop": "travel_agency"
      },
      "geometry": {
        "type": "Point",
        "coordinates": [
          78.7754529,
          10.7843249
        ]
      },
      "id": "node/3686969907"
    },
    {
      "type": "Feature",
      "properties": {
        "@id": "node/3686969909",
        "name": "Pay less Broilers",
        "shop": "butcher"
      },
      "geometry": {
        "type": "Point",
        "coordinates": [
          78.7506497,
          10.7989291
        ]
      },
      "id": "node/3686969909"
    },
    {
      "type": "Feature",
      "properties": {
        "@id": "node/3686969913",
        "name": "Rukumani Finance Jewel Broker",
        "shop": "pawnbroker"
      },
      "geometry": {
        "type": "Point",
        "coordinates": [
          78.7753028,
          10.785398
        ]
      },
      "id": "node/3686969913"
    },
    {
      "type": "Feature",
      "properties": {
        "@id": "node/3686969914",
        "name": "Sai Surya Stationery",
        "shop": "stationery"
      },
      "geometry": {
        "type": "Point",
        "coordinates": [
          78.7632162,
          10.7930485
        ]
      },
      "id": "node/3686969914"
    },
    {
      "type": "Feature",
      "properties": {
        "@id": "node/3686969915",
        "name": "Selva Clinical lab",
        "shop": "medical_supply"
      },
      "geometry": {
        "type": "Point",
        "coordinates": [
          78.7756143,
          10.7860456
        ]
      },
      "id": "node/3686969915"
    },
    {
      "type": "Feature",
      "properties": {
        "@id": "node/3686969917",
        "name": "Shri Kasturi silk",
        "shop": "clothes"
      },
      "geometry": {
        "type": "Point",
        "coordinates": [
          78.7631736,
          10.7930655
        ]
      },
      "id": "node/3686969917"
    },
    {
      "type": "Feature",
      "properties": {
        "@id": "node/3686969918",
        "check_date": "2022-10-28",
        "name": "Sree Sweets",
        "shop": "bakery"
      },
      "geometry": {
        "type": "Point",
        "coordinates": [
          78.76334,
          10.7929769
        ]
      },
      "id": "node/3686969918"
    },
    {
      "type": "Feature",
      "properties": {
        "@id": "node/3686969920",
        "name": "Sri Ambal Fancy and stationeries",
        "shop": "variety_store"
      },
      "geometry": {
        "type": "Point",
        "coordinates": [
          78.775358,
          10.7849008
        ]
      },
      "id": "node/3686969920"
    },
    {
      "type": "Feature",
      "properties": {
        "@id": "node/3686969921",
        "name": "Sri Ambal Finance Jewel Pawnbroker",
        "shop": "pawnbroker"
      },
      "geometry": {
        "type": "Point",
        "coordinates": [
          78.7754214,
          10.7844931
        ]
      },
      "id": "node/3686969921"
    },
    {
      "type": "Feature",
      "properties": {
        "@id": "node/3686969922",
        "name": "Sri Jeyam furniture world",
        "shop": "furniture"
      },
      "geometry": {
        "type": "Point",
        "coordinates": [
          78.7498495,
          10.7992576
        ]
      },
      "id": "node/3686969922"
    },
    {
      "type": "Feature",
      "properties": {
        "@id": "node/3686969923",
        "name": "Sri Lakshmi Stores",
        "shop": "department_store"
      },
      "geometry": {
        "type": "Point",
        "coordinates": [
          78.7753606,
          10.7856606
        ]
      },
      "id": "node/3686969923"
    },
    {
      "type": "Feature",
      "properties": {
        "@id": "node/3686969924",
        "name": "Sri Raj Electricals",
        "shop": "hardware"
      },
      "geometry": {
        "type": "Point",
        "coordinates": [
          78.7755436,
          10.7857369
        ]
      },
      "id": "node/3686969924"
    },
    {
      "type": "Feature",
      "properties": {
        "@id": "node/3686978626",
        "brand": "Techno Tiles",
        "name": "Techno tiles",
        "shop": "hardware"
      },
      "geometry": {
        "type": "Point",
        "coordinates": [
          78.7500349,
          10.7992031
        ]
      },
      "id": "node/3686978626"
    },
    {
      "type": "Feature",
      "properties": {
        "@id": "node/3686978627",
        "name": "Thirupathi Hardwares",
        "shop": "hardware"
      },
      "geometry": {
        "type": "Point",
        "coordinates": [
          78.7753658,
          10.7856739
        ]
      },
      "id": "node/3686978627"
    },
    {
      "type": "Feature",
      "properties": {
        "@id": "node/3686978629",
        "name": "Vasantha stores - hardwares, paints, electrical",
        "shop": "hardware"
      },
      "geometry": {
        "type": "Point",
        "coordinates": [
          78.775358,
          10.784886
        ]
      },
      "id": "node/3686978629"
    },
    {
      "type": "Feature",
      "properties": {
        "@id": "node/3686978630",
        "name": "Vasantham footwear",
        "shop": "shoes"
      },
      "geometry": {
        "type": "Point",
        "coordinates": [
          78.7753034,
          10.7853427
        ]
      },
      "id": "node/3686978630"
    },
    {
      "type": "Feature",
      "properties": {
        "@id": "node/3686978631",
        "name": "Venus Beautician",
        "shop": "beauty"
      },
      "geometry": {
        "type": "Point",
        "coordinates": [
          78.7752978,
          10.785205
        ]
      },
      "id": "node/3686978631"
    },
    {
      "type": "Feature",
      "properties": {
        "@id": "node/3686978632",
        "branch": "Mini Store",
        "brand": "Vodafone",
        "brand:wikidata": "Q122141",
        "brand:wikipedia": "en:Vodafone",
        "name": "Vodafone",
        "shop": "mobile_phone"
      },
      "geometry": {
        "type": "Point",
        "coordinates": [
          78.7756566,
          10.7842119
        ]
      },
      "id": "node/3686978632"
    },
    {
      "type": "Feature",
      "properties": {
        "@id": "node/3686978644",
        "brand": "Cromton Greaves",
        "shop": "hardware"
      },
      "geometry": {
        "type": "Point",
        "coordinates": [
          78.7500887,
          10.7991907
        ]
      },
      "id": "node/3686978644"
    },
    {
      "type": "Feature",
      "properties": {
        "@id": "node/3686978645",
        "brand": "Bonzer7",
        "shop": "hardware"
      },
      "geometry": {
        "type": "Point",
        "coordinates": [
          78.7498955,
          10.7992404
        ]
      },
      "id": "node/3686978645"
    },
    {
      "type": "Feature",
      "properties": {
        "@id": "node/3699567375",
        "brand": "Reliance",
        "operator": "Reliance",
        "shop": "supermarket"
      },
      "geometry": {
        "type": "Point",
        "coordinates": [
          78.730469,
          10.8055
        ]
      },
      "id": "node/3699567375"
    },
    {
      "type": "Feature",
      "properties": {
        "@id": "node/3730202054",
        "name": "Aruna Men's Saloon",
        "shop": "hairdresser"
      },
      "geometry": {
        "type": "Point",
        "coordinates": [
          78.683369,
          10.8221545
        ]
      },
      "id": "node/3730202054"
    },
    {
      "type": "Feature",
      "properties": {
        "@id": "node/3730202059",
        "brand": "HP",
        "name": "HP World",
        "shop": "electronics"
      },
      "geometry": {
        "type": "Point",
        "coordinates": [
          78.6833988,
          10.8214515
        ]
      },
      "id": "node/3730202059"
    },
    {
      "type": "Feature",
      "properties": {
        "@id": "node/3730202061",
        "name": "Home Ideas",
        "shop": "furniture"
      },
      "geometry": {
        "type": "Point",
        "coordinates": [
          78.6845091,
          10.8271888
        ]
      },
      "id": "node/3730202061"
    },
    {
      "type": "Feature",
      "properties": {
        "@id": "node/3730202065",
        "branch": "Shoppe",
        "brand": "LG",
        "brand:wikidata": "Q162345",
        "brand:wikipedia": "en:LG Electronics",
        "name": "LG",
        "shop": "electronics"
      },
      "geometry": {
        "type": "Point",
        "coordinates": [
          78.6909738,
          10.8269164
        ]
      },
      "id": "node/3730202065"
    },
    {
      "type": "Feature",
      "properties": {
        "@id": "node/3730202067",
        "name": "Maruthi Ply and Glass mart",
        "shop": "furniture"
      },
      "geometry": {
        "type": "Point",
        "coordinates": [
          78.7402242,
          10.8026871
        ]
      },
      "id": "node/3730202067"
    },
    {
      "type": "Feature",
      "properties": {
        "@id": "node/3730202073",
        "name": "Sree Krishna Sweets",
        "shop": "bakery"
      },
      "geometry": {
        "type": "Point",
        "coordinates": [
          78.6832901,
          10.8217605
        ]
      },
      "id": "node/3730202073"
    },
    {
      "type": "Feature",
      "properties": {
        "@id": "node/3730202076",
        "brand": "Tanishq",
        "brand:en": "Tanishq",
        "brand:wikidata": "Q13117711",
        "name": "Tanishq",
        "name:en": "Tanishq",
        "shop": "jewelry"
      },
      "geometry": {
        "type": "Point",
        "coordinates": [
          78.6919374,
          10.8268768
        ]
      },
      "id": "node/3730202076"
    },
    {
      "type": "Feature",
      "properties": {
        "@id": "node/3730202078",
        "name": "Vasanth and Co",
        "operator": "Vasanth and Co",
        "shop": "electronics"
      },
      "geometry": {
        "type": "Point",
        "coordinates": [
          78.6911068,
          10.8269138
        ]
      },
      "id": "node/3730202078"
    },
    {
      "type": "Feature",
      "properties": {
        "@id": "node/3730202080",
        "name": "Venkatathalapathy Cycles",
        "shop": "bicycle"
      },
      "geometry": {
        "type": "Point",
        "coordinates": [
          78.777087,
          10.7850742
        ]
      },
      "id": "node/3730202080"
    },
    {
      "type": "Feature",
      "properties": {
        "@id": "node/3730202081",
        "name": "Venus Electronics",
        "shop": "electronics"
      },
      "geometry": {
        "type": "Point",
        "coordinates": [
          78.6908007,
          10.8269313
        ]
      },
      "id": "node/3730202081"
    },
    {
      "type": "Feature",
      "properties": {
        "@id": "node/3730202098",
        "brand": "MRF",
        "name": "MRF Tyres",
        "shop": "tyres"
      },
      "geometry": {
        "type": "Point",
        "coordinates": [
          78.7388219,
          10.8032645
        ]
      },
      "id": "node/3730202098"
    },
    {
      "type": "Feature",
      "properties": {
        "@id": "node/3730202125",
        "brand": "Levi's",
        "brand:wikidata": "Q127962",
        "brand:wikipedia": "en:Levi Strauss & Co.",
        "clothes": "denim;men;women",
        "name": "Levi's",
        "shop": "clothes"
      },
      "geometry": {
        "type": "Point",
        "coordinates": [
          78.6833202,
          10.8212189
        ]
      },
      "id": "node/3730202125"
    },
    {
      "type": "Feature",
      "properties": {
        "@id": "node/3730202128",
        "brand": "Bata",
        "brand:wikidata": "Q688082",
        "brand:wikipedia": "en:Bata Corporation",
        "name": "Bata",
        "shop": "shoes"
      },
      "geometry": {
        "type": "Point",
        "coordinates": [
          78.6835667,
          10.8217319
        ]
      },
      "id": "node/3730202128"
    },
    {
      "type": "Feature",
      "properties": {
        "@id": "node/3730202132",
        "brand": "The Bread Basket",
        "name": "The Bread Basket",
        "shop": "bakery"
      },
      "geometry": {
        "type": "Point",
        "coordinates": [
          78.6834971,
          10.8251404
        ]
      },
      "id": "node/3730202132"
    },
    {
      "type": "Feature",
      "properties": {
        "@id": "node/3730202137",
        "brand": "Kohler",
        "brand:wikidata": "Q6426036",
        "name": "Kohler",
        "shop": "bathroom_furnishing"
      },
      "geometry": {
        "type": "Point",
        "coordinates": [
          78.68743,
          10.8270613
        ]
      },
      "id": "node/3730202137"
    },
    {
      "type": "Feature",
      "properties": {
        "@id": "node/3730202141",
        "brand": "Bombay Dyeing",
        "shop": "clothes"
      },
      "geometry": {
        "type": "Point",
        "coordinates": [
          78.6852255,
          10.8271322
        ]
      },
      "id": "node/3730202141"
    },
    {
      "type": "Feature",
      "properties": {
        "@id": "node/3730202153",
        "brand": "Joyalukkas",
        "brand:wikidata": "Q6297357",
        "brand:wikipedia": "en:Joyalukkas",
        "name": "Joyalukkas",
        "operator": "Joyalukkas",
        "shop": "jewelry"
      },
      "geometry": {
        "type": "Point",
        "coordinates": [
          78.6932254,
          10.8281079
        ]
      },
      "id": "node/3730202153"
    },
    {
      "type": "Feature",
      "properties": {
        "@id": "node/3730202154",
        "brand": "Bata",
        "brand:wikidata": "Q688082",
        "brand:wikipedia": "en:Bata Corporation",
        "name": "Bata",
        "shop": "shoes"
      },
      "geometry": {
        "type": "Point",
        "coordinates": [
          78.6929657,
          10.8299799
        ]
      },
      "id": "node/3730202154"
    },
    {
      "type": "Feature",
      "properties": {
        "@id": "node/3734782468",
        "name": "Ammu Traders",
        "shop": "hardware"
      },
      "geometry": {
        "type": "Point",
        "coordinates": [
          78.745208,
          10.8009989
        ]
      },
      "id": "node/3734782468"
    },
    {
      "type": "Feature",
      "properties": {
        "@id": "node/3734782470",
        "brand": "Asian Paints",
        "brand:wikidata": "Q28171825",
        "name": "Asian Paints",
        "shop": "paint"
      },
      "geometry": {
        "type": "Point",
        "coordinates": [
          78.7535132,
          10.7977993
        ]
      },
      "id": "node/3734782470"
    },
    {
      "type": "Feature",
      "properties": {
        "@id": "node/3734782472",
        "name": "B.G.Naidu Sweets",
        "shop": "bakery"
      },
      "geometry": {
        "type": "Point",
        "coordinates": [
          78.7333944,
          10.8052446
        ]
      },
      "id": "node/3734782472"
    },
    {
      "type": "Feature",
      "properties": {
        "@id": "node/3734782486",
        "brand": "Hero",
        "brand:wikidata": "Q1613763",
        "name": "Hero",
        "shop": "motorcycle"
      },
      "geometry": {
        "type": "Point",
        "coordinates": [
          78.755983,
          10.7968645
        ]
      },
      "id": "node/3734782486"
    },
    {
      "type": "Feature",
      "properties": {
        "@id": "node/3734782493",
        "name": "K.A.S.Ramdas Fruits and Vegetables",
        "shop": "greengrocer"
      },
      "geometry": {
        "type": "Point",
        "coordinates": [
          78.6813638,
          10.7989658
        ]
      },
      "id": "node/3734782493"
    },
    {
      "type": "Feature",
      "properties": {
        "@id": "node/3734782494",
        "brand": "TMT",
        "name": "Kamatchi TMT Bars",
        "shop": "hardware"
      },
      "geometry": {
        "type": "Point",
        "coordinates": [
          78.7171311,
          10.8126277
        ]
      },
      "id": "node/3734782494"
    },
    {
      "type": "Feature",
      "properties": {
        "@id": "node/3734782497",
        "brand": "Mahindra",
        "name": "Mahindra 1",
        "shop": "car"
      },
      "geometry": {
        "type": "Point",
        "coordinates": [
          78.702188,
          10.7903775
        ]
      },
      "id": "node/3734782497"
    },
    {
      "type": "Feature",
      "properties": {
        "@id": "node/3734782498",
        "name": "Majestic Furniture",
        "shop": "furniture"
      },
      "geometry": {
        "type": "Point",
        "coordinates": [
          78.7701476,
          10.7898943
        ]
      },
      "id": "node/3734782498"
    },
    {
      "type": "Feature",
      "properties": {
        "@id": "node/3734782499",
        "name": "Mani Maligai Store",
        "shop": "department_store"
      },
      "geometry": {
        "type": "Point",
        "coordinates": [
          78.7323241,
          10.8055678
        ]
      },
      "id": "node/3734782499"
    },
    {
      "type": "Feature",
      "properties": {
        "@id": "node/3734782500",
        "name": "Muthu Selvan Tyres",
        "shop": "tyres"
      },
      "geometry": {
        "type": "Point",
        "coordinates": [
          78.7582508,
          10.7958949
        ]
      },
      "id": "node/3734782500"
    },
    {
      "type": "Feature",
      "properties": {
        "@id": "node/3734782502",
        "name": "Nizam Footwear",
        "shop": "shoes"
      },
      "geometry": {
        "type": "Point",
        "coordinates": [
          78.7762136,
          10.7860938
        ]
      },
      "id": "node/3734782502"
    },
    {
      "type": "Feature",
      "properties": {
        "@id": "node/3734782509",
        "name": "Used Computer mart",
        "shop": "electronics"
      },
      "geometry": {
        "type": "Point",
        "coordinates": [
          78.7417887,
          10.80234
        ]
      },
      "id": "node/3734782509"
    },
    {
      "type": "Feature",
      "properties": {
        "@id": "node/3734782512",
        "branch": "smartphone",
        "brand": "Vivo",
        "brand:wikidata": "Q18301787",
        "brand:wikipedia": "en:Vivo (technology company)",
        "name": "Vivo",
        "shop": "mobile_phone"
      },
      "geometry": {
        "type": "Point",
        "coordinates": [
          78.7515599,
          10.7984805
        ]
      },
      "id": "node/3734782512"
    },
    {
      "type": "Feature",
      "properties": {
        "@id": "node/3734782513",
        "brand": "Yamaha",
        "brand:wikidata": "Q158888",
        "brand:wikipedia": "en:Yamaha Motor Company",
        "name": "Yamaha",
        "shop": "motorcycle"
      },
      "geometry": {
        "type": "Point",
        "coordinates": [
          78.7543399,
          10.797519
        ]
      },
      "id": "node/3734782513"
    },
    {
      "type": "Feature",
      "properties": {
        "@id": "node/3932156231",
        "name": "Nilgiri supermarket",
        "shop": "supermarket"
      },
      "geometry": {
        "type": "Point",
        "coordinates": [
          78.6849646,
          10.8242568
        ]
      },
      "id": "node/3932156231"
    },
    {
      "type": "Feature",
      "properties": {
        "@id": "node/4080118490",
        "name": "Royal Furniture",
        "shop": "furniture"
      },
      "geometry": {
        "type": "Point",
        "coordinates": [
          78.6921402,
          10.8212139
        ]
      },
      "id": "node/4080118490"
    },
    {
      "type": "Feature",
      "properties": {
        "@id": "node/4238775658",
        "level": "0",
        "name": "Malto Bakers",
        "shop": "bakery"
      },
      "geometry": {
        "type": "Point",
        "coordinates": [
          78.693121,
          10.8238953
        ]
      },
      "id": "node/4238775658"
    },
    {
      "type": "Feature",
      "properties": {
        "@id": "node/4362724178",
        "name": "Sembhiyyan's supermarket",
        "shop": "supermarket"
      },
      "geometry": {
        "type": "Point",
        "coordinates": [
          78.701273,
          10.8471273
        ]
      },
      "id": "node/4362724178"
    },
    {
      "type": "Feature",
      "properties": {
        "@id": "node/4405908699",
        "name": "Gee Vee Electronics",
        "shop": "electronics"
      },
      "geometry": {
        "type": "Point",
        "coordinates": [
          78.6953032,
          10.8252374
        ]
      },
      "id": "node/4405908699"
    },
    {
      "type": "Feature",
      "properties": {
        "@id": "node/4415983195",
        "name:en": "Kaveri Super Market",
        "shop": "department_store"
      },
      "geometry": {
        "type": "Point",
        "coordinates": [
          78.6763553,
          10.78315
        ]
      },
      "id": "node/4415983195"
    },
    {
      "type": "Feature",
      "properties": {
        "@id": "node/4415995191",
        "name:en": "Wine shop",
        "shop": "wine"
      },
      "geometry": {
        "type": "Point",
        "coordinates": [
          78.6711546,
          10.7773008
        ]
      },
      "id": "node/4415995191"
    },
    {
      "type": "Feature",
      "properties": {
        "@id": "node/4416019792",
        "name:en": "Happy Wines",
        "shop": "wine"
      },
      "geometry": {
        "type": "Point",
        "coordinates": [
          78.6817062,
          10.7985121
        ]
      },
      "id": "node/4416019792"
    },
    {
      "type": "Feature",
      "properties": {
        "@id": "node/4416070690",
        "name:en": "Super Wines",
        "shop": "wine"
      },
      "geometry": {
        "type": "Point",
        "coordinates": [
          78.6824162,
          10.7962374
        ]
      },
      "id": "node/4416070690"
    },
    {
      "type": "Feature",
      "properties": {
        "@id": "node/4420664516",
        "name": "All Car service",
        "shop": "car_repair"
      },
      "geometry": {
        "type": "Point",
        "coordinates": [
          78.6924813,
          10.7595272
        ]
      },
      "id": "node/4420664516"
    },
    {
      "type": "Feature",
      "properties": {
        "@id": "node/4420664518",
        "name": "GoldenFruits",
        "shop": "greengrocer"
      },
      "geometry": {
        "type": "Point",
        "coordinates": [
          78.6879474,
          10.7836362
        ]
      },
      "id": "node/4420664518"
    },
    {
      "type": "Feature",
      "properties": {
        "@id": "node/4420664519",
        "name": "Grace Decorators",
        "shop": "interior_decoration"
      },
      "geometry": {
        "type": "Point",
        "coordinates": [
          78.6940102,
          10.7686338
        ]
      },
      "id": "node/4420664519"
    },
    {
      "type": "Feature",
      "properties": {
        "@id": "node/4420664520",
        "name": "ImperialBakery",
        "shop": "bakery"
      },
      "geometry": {
        "type": "Point",
        "coordinates": [
          78.688747,
          10.7822935
        ]
      },
      "id": "node/4420664520"
    },
    {
      "type": "Feature",
      "properties": {
        "@id": "node/4420664521",
        "name": "Junction women Wear",
        "shop": "clothes"
      },
      "geometry": {
        "type": "Point",
        "coordinates": [
          78.6931458,
          10.7709128
        ]
      },
      "id": "node/4420664521"
    },
    {
      "type": "Feature",
      "properties": {
        "@id": "node/4420664524",
        "name": "Kings Bakery",
        "shop": "bakery"
      },
      "geometry": {
        "type": "Point",
        "coordinates": [
          78.6923089,
          10.7516631
        ]
      },
      "id": "node/4420664524"
    },
    {
      "type": "Feature",
      "properties": {
        "@id": "node/4420664525",
        "name": "Lourdes supermarket",
        "shop": "supermarket"
      },
      "geometry": {
        "type": "Point",
        "coordinates": [
          78.6919679,
          10.7485986
        ]
      },
      "id": "node/4420664525"
    },
    {
      "type": "Feature",
      "properties": {
        "@id": "node/4420664529",
        "name": "Sahara Supermarket",
        "shop": "supermarket"
      },
      "geometry": {
        "type": "Point",
        "coordinates": [
          78.6932256,
          10.7755423
        ]
      },
      "id": "node/4420664529"
    },
    {
      "type": "Feature",
      "properties": {
        "@id": "node/4420664531",
        "name": "Sri Balaji store",
        "shop": "department_store"
      },
      "geometry": {
        "type": "Point",
        "coordinates": [
          78.6970171,
          10.7453091
        ]
      },
      "id": "node/4420664531"
    },
    {
      "type": "Feature",
      "properties": {
        "@id": "node/4420664546",
        "brand": "Asian Paints",
        "shop": "paint"
      },
      "geometry": {
        "type": "Point",
        "coordinates": [
          78.6921409,
          10.7497992
        ]
      },
      "id": "node/4420664546"
    },
    {
      "type": "Feature",
      "properties": {
        "@id": "node/4420664552",
        "brand": "Reliance Fresh",
        "brand:wikidata": "Q7311014",
        "brand:wikipedia": "en:Reliance Fresh",
        "name": "Reliance Fresh",
        "operator": "Reliance",
        "shop": "supermarket"
      },
      "geometry": {
        "type": "Point",
        "coordinates": [
          78.6924115,
          10.7528753
        ]
      },
      "id": "node/4420664552"
    },
    {
      "type": "Feature",
      "properties": {
        "@id": "node/4420664572",
        "brand": "TASMAC",
        "shop": "alcohol"
      },
      "geometry": {
        "type": "Point",
        "coordinates": [
          78.6881873,
          10.7831618
        ]
      },
      "id": "node/4420664572"
    },
    {
      "type": "Feature",
      "properties": {
        "@id": "node/4423172891",
        "name:en": "Ganga Super Market",
        "shop": "department_store"
      },
      "geometry": {
        "type": "Point",
        "coordinates": [
          78.6754911,
          10.782141
        ]
      },
      "id": "node/4423172891"
    },
    {
      "type": "Feature",
      "properties": {
        "@id": "node/4426350234",
        "addr:housenumber": "306/28A/94A",
        "addr:street": "Rajaram salai",
        "description": "Fruits and vegetable store",
        "name": "Kurunji pazhamudir Cholai",
        "phone": "0431-4200777",
        "shop": "greengrocer"
      },
      "geometry": {
        "type": "Point",
        "coordinates": [
          78.6882679,
          10.7573459
        ]
      },
      "id": "node/4426350234"
    },
    {
      "type": "Feature",
      "properties": {
        "@id": "node/4433637531",
        "brand": "Agni TMT Kambi",
        "shop": "trade"
      },
      "geometry": {
        "type": "Point",
        "coordinates": [
          78.7152351,
          10.8126015
        ]
      },
      "id": "node/4433637531"
    },
    {
      "type": "Feature",
      "properties": {
        "@id": "node/4433637532",
        "name": "Maria Granites",
        "shop": "trade"
      },
      "geometry": {
        "type": "Point",
        "coordinates": [
          78.7124818,
          10.8129644
        ]
      },
      "id": "node/4433637532"
    },
    {
      "type": "Feature",
      "properties": {
        "@id": "node/4441619661",
        "addr:city": "Trichy",
        "addr:housenumber": "4/306",
        "addr:postcode": "620019",
        "addr:street": "9th Street Sakthi Nagar",
        "name": "Selvam Stores",
        "shop": "supermarket"
      },
      "geometry": {
        "type": "Point",
        "coordinates": [
          78.7515329,
          10.7957742
        ]
      },
      "id": "node/4441619661"
    },
    {
      "type": "Feature",
      "properties": {
        "@id": "node/4442170457",
        "brand": "PDS",
        "designation": "TN Public Distribution Center",
        "name": "Ration shop",
        "operator": "நியாயவிலை கடை",
        "shop": "convenience"
      },
      "geometry": {
        "type": "Point",
        "coordinates": [
          78.7288383,
          10.8203439
        ]
      },
      "id": "node/4442170457"
    },
    {
      "type": "Feature",
      "properties": {
        "@id": "node/4447848608",
        "brand": "Naidu Sweets",
        "shop": "pastry"
      },
      "geometry": {
        "type": "Point",
        "coordinates": [
          78.692254,
          10.8573484
        ]
      },
      "id": "node/4447848608"
    },
    {
      "type": "Feature",
      "properties": {
        "@id": "node/4458827827",
        "name": "soundrapandiyan medicals",
        "shop": "medical_supply"
      },
      "geometry": {
        "type": "Point",
        "coordinates": [
          78.7219892,
          10.7802563
        ]
      },
      "id": "node/4458827827"
    },
    {
      "type": "Feature",
      "properties": {
        "@id": "node/4458827881",
        "name": "louis store;geetha store",
        "shop": "stationery;department_store"
      },
      "geometry": {
        "type": "Point",
        "coordinates": [
          78.7203586,
          10.7781524
        ]
      },
      "id": "node/4458827881"
    },
    {
      "type": "Feature",
      "properties": {
        "@id": "node/4543299303",
        "addr:housenumber": "G1,G2 Surya Complex, 40/145,",
        "addr:street": "Madurai Road",
        "name": "Faritha Quality Store",
        "phone": "0431-2712386",
        "shop": "yes"
      },
      "geometry": {
        "type": "Point",
        "coordinates": [
          78.6928597,
          10.8237386
        ]
      },
      "id": "node/4543299303"
    },
    {
      "type": "Feature",
      "properties": {
        "@id": "node/4543308032",
        "name": "Anbu Men's Parlour",
        "shop": "hairdresser"
      },
      "geometry": {
        "type": "Point",
        "coordinates": [
          78.7517835,
          10.7981618
        ]
      },
      "id": "node/4543308032"
    },
    {
      "type": "Feature",
      "properties": {
        "@id": "node/4543308034",
        "addr:housename": "75/2, Anna Towers",
        "addr:street": "Trichy Tanjore Road",
        "name": "S.R. Electrical and Hardware",
        "shop": "hardware"
      },
      "geometry": {
        "type": "Point",
        "coordinates": [
          78.7507888,
          10.7988812
        ]
      },
      "id": "node/4543308034"
    },
    {
      "type": "Feature",
      "properties": {
        "@id": "node/4543308036",
        "check_date": "2022-10-28",
        "name": "New National Maligai Store",
        "shop": "greengrocer"
      },
      "geometry": {
        "type": "Point",
        "coordinates": [
          78.7517709,
          10.7988567
        ]
      },
      "id": "node/4543308036"
    },
    {
      "type": "Feature",
      "properties": {
        "@id": "node/4543308041",
        "name": "A.J.S. Steel",
        "shop": "hardware"
      },
      "geometry": {
        "type": "Point",
        "coordinates": [
          78.6962448,
          10.8114475
        ]
      },
      "id": "node/4543308041"
    },
    {
      "type": "Feature",
      "properties": {
        "@id": "node/4543308047",
        "name": "Janapriya maligai",
        "shop": "greengrocer"
      },
      "geometry": {
        "type": "Point",
        "coordinates": [
          78.6945675,
          10.8164219
        ]
      },
      "id": "node/4543308047"
    },
    {
      "type": "Feature",
      "properties": {
        "@id": "node/4543308053",
        "name": "Saravana Electricals",
        "shop": "hardware"
      },
      "geometry": {
        "type": "Point",
        "coordinates": [
          78.6947932,
          10.8244962
        ]
      },
      "id": "node/4543308053"
    },
    {
      "type": "Feature",
      "properties": {
        "@id": "node/4543308054",
        "name": "Abans electronics",
        "shop": "electronics"
      },
      "geometry": {
        "type": "Point",
        "coordinates": [
          78.6949849,
          10.8244852
        ]
      },
      "id": "node/4543308054"
    },
    {
      "type": "Feature",
      "properties": {
        "@id": "node/4543308056",
        "brand": "Titan",
        "shop": "watches"
      },
      "geometry": {
        "type": "Point",
        "coordinates": [
          78.6834039,
          10.807259
        ]
      },
      "id": "node/4543308056"
    },
    {
      "type": "Feature",
      "properties": {
        "@id": "node/4543308093",
        "name": "Abirami Electricals",
        "shop": "hardware"
      },
      "geometry": {
        "type": "Point",
        "coordinates": [
          78.694866,
          10.8251047
        ]
      },
      "id": "node/4543308093"
    },
    {
      "type": "Feature",
      "properties": {
        "@id": "node/4543308097",
        "name": "Kalyani covering",
        "shop": "jewelry"
      },
      "geometry": {
        "type": "Point",
        "coordinates": [
          78.6937932,
          10.8210768
        ]
      },
      "id": "node/4543308097"
    },
    {
      "type": "Feature",
      "properties": {
        "@id": "node/4543308103",
        "name": "Mangal and Mangal",
        "shop": "jewelry"
      },
      "geometry": {
        "type": "Point",
        "coordinates": [
          78.6955186,
          10.8264328
        ]
      },
      "id": "node/4543308103"
    },
    {
      "type": "Feature",
      "properties": {
        "@id": "node/4543308104",
        "name": "Chennai Mobiles",
        "shop": "mobile_phone"
      },
      "geometry": {
        "type": "Point",
        "coordinates": [
          78.683286,
          10.8260855
        ]
      },
      "id": "node/4543308104"
    },
    {
      "type": "Feature",
      "properties": {
        "@id": "node/4543308106",
        "brand": "Roshan",
        "shop": "bag"
      },
      "geometry": {
        "type": "Point",
        "coordinates": [
          78.6835932,
          10.8192042
        ]
      },
      "id": "node/4543308106"
    },
    {
      "type": "Feature",
      "properties": {
        "@id": "node/4543308220",
        "brand": "Jockey",
        "shop": "clothes"
      },
      "geometry": {
        "type": "Point",
        "coordinates": [
          78.7518371,
          10.798145
        ]
      },
      "id": "node/4543308220"
    },
    {
      "type": "Feature",
      "properties": {
        "@id": "node/4543308222",
        "brand": "Asian Paints",
        "brand:wikidata": "Q28171825",
        "name": "Asian Paints",
        "shop": "paint"
      },
      "geometry": {
        "type": "Point",
        "coordinates": [
          78.7508232,
          10.7988689
        ]
      },
      "id": "node/4543308222"
    },
    {
      "type": "Feature",
      "properties": {
        "@id": "node/4543308223",
        "branch": "Kattur",
        "name": "M.P.M Muthu General Store",
        "shop": "general"
      },
      "geometry": {
        "type": "Point",
        "coordinates": [
          78.7508456,
          10.7988584
        ]
      },
      "id": "node/4543308223"
    },
    {
      "type": "Feature",
      "properties": {
        "@id": "node/4543308224",
        "name": "Renuka Store",
        "shop": "convenience"
      },
      "geometry": {
        "type": "Point",
        "coordinates": [
          78.7515723,
          10.7988861
        ]
      },
      "id": "node/4543308224"
    },
    {
      "type": "Feature",
      "properties": {
        "@id": "node/4543308235",
        "name": "Amman stores",
        "shop": "greengrocer"
      },
      "geometry": {
        "type": "Point",
        "coordinates": [
          78.751613,
          10.7981328
        ]
      },
      "id": "node/4543308235"
    },
    {
      "type": "Feature",
      "properties": {
        "@id": "node/4543308267",
        "name": "Mohamad Kasim",
        "shop": "hardware"
      },
      "geometry": {
        "type": "Point",
        "coordinates": [
          78.6960304,
          10.8123689
        ]
      },
      "id": "node/4543308267"
    },
    {
      "type": "Feature",
      "properties": {
        "@id": "node/4543308269",
        "name": "Rasi Furniture",
        "shop": "furniture"
      },
      "geometry": {
        "type": "Point",
        "coordinates": [
          78.6928164,
          10.8199466
        ]
      },
      "id": "node/4543308269"
    },
    {
      "type": "Feature",
      "properties": {
        "@id": "node/4543308270",
        "name": "Marvel mens wear",
        "phone": "9443673767",
        "shop": "clothes"
      },
      "geometry": {
        "type": "Point",
        "coordinates": [
          78.6949795,
          10.8245322
        ]
      },
      "id": "node/4543308270"
    },
    {
      "type": "Feature",
      "properties": {
        "@id": "node/4543308338",
        "name": "Watch repair",
        "shop": "watches"
      },
      "geometry": {
        "type": "Point",
        "coordinates": [
          78.6930873,
          10.8312923
        ]
      },
      "id": "node/4543308338"
    },
    {
      "type": "Feature",
      "properties": {
        "@id": "node/4543308339",
        "name": "Anand",
        "shop": "hardware"
      },
      "geometry": {
        "type": "Point",
        "coordinates": [
          78.6928688,
          10.8207941
        ]
      },
      "id": "node/4543308339"
    },
    {
      "type": "Feature",
      "properties": {
        "@id": "node/4543308340",
        "name": "Ashika Tools",
        "shop": "hardware"
      },
      "geometry": {
        "type": "Point",
        "coordinates": [
          78.6927006,
          10.8205332
        ]
      },
      "id": "node/4543308340"
    },
    {
      "type": "Feature",
      "properties": {
        "@id": "node/4543308346",
        "name": "Bamboo shop",
        "shop": "trade",
        "trade": "timber"
      },
      "geometry": {
        "type": "Point",
        "coordinates": [
          78.777962,
          10.7847993
        ]
      },
      "id": "node/4543308346"
    },
    {
      "type": "Feature",
      "properties": {
        "@id": "node/4543308534",
        "name": "TRB Pork Stall",
        "shop": "butcher"
      },
      "geometry": {
        "type": "Point",
        "coordinates": [
          78.6948315,
          10.7924024
        ]
      },
      "id": "node/4543308534"
    },
    {
      "type": "Feature",
      "properties": {
        "@id": "node/4543308535",
        "name": "Bharath Trading Company",
        "shop": "hardware"
      },
      "geometry": {
        "type": "Point",
        "coordinates": [
          78.6928684,
          10.8208299
        ]
      },
      "id": "node/4543308535"
    },
    {
      "type": "Feature",
      "properties": {
        "@id": "node/4543308536",
        "name": "Singapore hardwares",
        "shop": "hardware"
      },
      "geometry": {
        "type": "Point",
        "coordinates": [
          78.6929102,
          10.820747
        ]
      },
      "id": "node/4543308536"
    },
    {
      "type": "Feature",
      "properties": {
        "@id": "node/4583041392",
        "addr:housenumber": "31 Pattathamal",
        "addr:postcode": "620007",
        "addr:street": "Pudukottai Road",
        "email": "armtrzsahul@gmail.com",
        "internet_access": "wlan",
        "name:en": "ARM sons the cement market",
        "opening_hours": "24/7",
        "phone": "7373798944",
        "shop": "hardware"
      },
      "geometry": {
        "type": "Point",
        "coordinates": [
          78.7082509,
          10.7563369
        ]
      },
      "id": "node/4583041392"
    },
    {
      "type": "Feature",
      "properties": {
        "@id": "node/4592158995",
        "name:en": "BG Naidu Sweets",
        "shop": "bakery"
      },
      "geometry": {
        "type": "Point",
        "coordinates": [
          78.6769234,
          10.7846873
        ]
      },
      "id": "node/4592158995"
    },
    {
      "type": "Feature",
      "properties": {
        "@id": "node/4592219991",
        "name:en": "Sakthi Koyas",
        "shop": "car_repair"
      },
      "geometry": {
        "type": "Point",
        "coordinates": [
          78.677549,
          10.7859121
        ]
      },
      "id": "node/4592219991"
    },
    {
      "type": "Feature",
      "properties": {
        "@id": "node/4666705441",
        "name": "mangal&mangal",
        "shop": "bathroom_furnishing"
      },
      "geometry": {
        "type": "Point",
        "coordinates": [
          78.6956677,
          10.8261068
        ]
      },
      "id": "node/4666705441"
    },
    {
      "type": "Feature",
      "properties": {
        "@id": "node/4680432137",
        "addr:city": "Tiruchirapalli",
        "addr:housenumber": "Plot / Door No. 1",
        "addr:postcode": "620001",
        "addr:street": "Lawson's Road",
        "name": "The Arvind Store",
        "opening_hours": "10:00-23:00",
        "phone": "+91 89736 26989",
        "shop": "clothes",
        "website": "https://thearvindstore.com/"
      },
      "geometry": {
        "type": "Point",
        "coordinates": [
          78.6805877,
          10.8087463
        ]
      },
      "id": "node/4680432137"
    },
    {
      "type": "Feature",
      "properties": {
        "@id": "node/4701647543",
        "name": "National Electricals",
        "shop": "electrical"
      },
      "geometry": {
        "type": "Point",
        "coordinates": [
          78.6926905,
          10.8207542
        ]
      },
      "id": "node/4701647543"
    },
    {
      "type": "Feature",
      "properties": {
        "@id": "node/4701647887",
        "name": "Iyengar Cake Shop",
        "shop": "bakery"
      },
      "geometry": {
        "type": "Point",
        "coordinates": [
          78.6929633,
          10.8326559
        ]
      },
      "id": "node/4701647887"
    },
    {
      "type": "Feature",
      "properties": {
        "@id": "node/4701647888",
        "name": "Raghunath Bakery",
        "shop": "bakery"
      },
      "geometry": {
        "type": "Point",
        "coordinates": [
          78.6929704,
          10.8327691
        ]
      },
      "id": "node/4701647888"
    },
    {
      "type": "Feature",
      "properties": {
        "@id": "node/4701650726",
        "brand": "Poorvika",
        "name": "Poorvika Mobile Store",
        "name:ta": "பூர்வீகா மொபைல் ஸ்டோர்",
        "shop": "mobile_phone"
      },
      "geometry": {
        "type": "Point",
        "coordinates": [
          78.6870584,
          10.8041177
        ]
      },
      "id": "node/4701650726"
    },
    {
      "type": "Feature",
      "properties": {
        "@id": "node/4701650727",
        "brand": "BSNL",
        "name": "BSNL",
        "shop": "mobile_phone"
      },
      "geometry": {
        "type": "Point",
        "coordinates": [
          78.6885105,
          10.8021056
        ]
      },
      "id": "node/4701650727"
    },
    {
      "type": "Feature",
      "properties": {
        "@id": "node/4701650873",
        "name": "India agencies",
        "shop": "trade",
        "trade": "tiles"
      },
      "geometry": {
        "type": "Point",
        "coordinates": [
          78.7270308,
          10.8071896
        ]
      },
      "id": "node/4701650873"
    },
    {
      "type": "Feature",
      "properties": {
        "@id": "node/4701651261",
        "name": "Rajasekaran Nadar Firm",
        "shop": "trade"
      },
      "geometry": {
        "type": "Point",
        "coordinates": [
          78.6929903,
          10.816382
        ]
      },
      "id": "node/4701651261"
    },
    {
      "type": "Feature",
      "properties": {
        "@id": "node/4701651518",
        "name": "Color media",
        "shop": "electronics"
      },
      "geometry": {
        "type": "Point",
        "coordinates": [
          78.7309067,
          10.8057748
        ]
      },
      "id": "node/4701651518"
    },
    {
      "type": "Feature",
      "properties": {
        "@id": "node/4701651519",
        "name": "K S Rice Mundy",
        "shop": "farm"
      },
      "geometry": {
        "type": "Point",
        "coordinates": [
          78.7021966,
          10.8138629
        ]
      },
      "id": "node/4701651519"
    },
    {
      "type": "Feature",
      "properties": {
        "@id": "node/4701651675",
        "name": "City Corporation",
        "shop": "trade"
      },
      "geometry": {
        "type": "Point",
        "coordinates": [
          78.6926078,
          10.8197359
        ]
      },
      "id": "node/4701651675"
    },
    {
      "type": "Feature",
      "properties": {
        "@id": "node/4701651684",
        "brand": "Havells",
        "name": "Havells Gallery",
        "shop": "electrical"
      },
      "geometry": {
        "type": "Point",
        "coordinates": [
          78.6928337,
          10.8219135
        ]
      },
      "id": "node/4701651684"
    },
    {
      "type": "Feature",
      "properties": {
        "@id": "node/4701651809",
        "name": "A+ve Laptop Solutions",
        "shop": "computer"
      },
      "geometry": {
        "type": "Point",
        "coordinates": [
          78.6834236,
          10.8220245
        ]
      },
      "id": "node/4701651809"
    },
    {
      "type": "Feature",
      "properties": {
        "@id": "node/4701651932",
        "brand": "Jockey",
        "shop": "clothes"
      },
      "geometry": {
        "type": "Point",
        "coordinates": [
          78.6832865,
          10.8219917
        ]
      },
      "id": "node/4701651932"
    },
    {
      "type": "Feature",
      "properties": {
        "@id": "node/4701651933",
        "brand": "Woodland",
        "brand:wikidata": "Q123068491",
        "name": "Woodland",
        "shop": "shoes"
      },
      "geometry": {
        "type": "Point",
        "coordinates": [
          78.6836397,
          10.8196026
        ]
      },
      "id": "node/4701651933"
    },
    {
      "type": "Feature",
      "properties": {
        "@id": "node/4701651956",
        "beauty": "hair;spa",
        "brand": "Naturals",
        "brand:wikidata": "Q125728261",
        "name": "Naturals",
        "shop": "beauty"
      },
      "geometry": {
        "type": "Point",
        "coordinates": [
          78.6834819,
          10.8182287
        ]
      },
      "id": "node/4701651956"
    },
    {
      "type": "Feature",
      "properties": {
        "@id": "node/4701652106",
        "name": "Pink and Orange",
        "not:brand:wikidata": "Q20716793",
        "shop": "clothes"
      },
      "geometry": {
        "type": "Point",
        "coordinates": [
          78.6835293,
          10.8204395
        ]
      },
      "id": "node/4701652106"
    },
    {
      "type": "Feature",
      "properties": {
        "@id": "node/4701652117",
        "name": "Need4IT",
        "shop": "computer"
      },
      "geometry": {
        "type": "Point",
        "coordinates": [
          78.6841001,
          10.817739
        ]
      },
      "id": "node/4701652117"
    },
    {
      "type": "Feature",
      "properties": {
        "@id": "node/4701652118",
        "name": "Deen Marakadai",
        "shop": "trade"
      },
      "geometry": {
        "type": "Point",
        "coordinates": [
          78.6839839,
          10.8172341
        ]
      },
      "id": "node/4701652118"
    },
    {
      "type": "Feature",
      "properties": {
        "@id": "node/4701652410",
        "name": "Focus",
        "shop": "computer"
      },
      "geometry": {
        "type": "Point",
        "coordinates": [
          78.6843766,
          10.817257
        ]
      },
      "id": "node/4701652410"
    },
    {
      "type": "Feature",
      "properties": {
        "@id": "node/4701652414",
        "brand": "Sony Centre",
        "brand:wikidata": "Q3437496",
        "brand:wikipedia": "en:Sony Centre",
        "name": "Sony Centre",
        "shop": "electronics"
      },
      "geometry": {
        "type": "Point",
        "coordinates": [
          78.6834988,
          10.8182285
        ]
      },
      "id": "node/4701652414"
    },
    {
      "type": "Feature",
      "properties": {
        "@id": "node/4764529783",
        "name": "Amma try TMT kambi",
        "shop": "trade"
      },
      "geometry": {
        "type": "Point",
        "coordinates": [
          78.7155504,
          10.8125154
        ]
      },
      "id": "node/4764529783"
    },
    {
      "type": "Feature",
      "properties": {
        "@id": "node/4764532283",
        "name": "Bharath ceramics",
        "shop": "trade"
      },
      "geometry": {
        "type": "Point",
        "coordinates": [
          78.7264639,
          10.807299
        ]
      },
      "id": "node/4764532283"
    },
    {
      "type": "Feature",
      "properties": {
        "@id": "node/4764532305",
        "name": "Venus byuttisan",
        "shop": "hairdresser"
      },
      "geometry": {
        "type": "Point",
        "coordinates": [
          78.7752977,
          10.7852351
        ]
      },
      "id": "node/4764532305"
    },
    {
      "type": "Feature",
      "properties": {
        "@id": "node/4764532447",
        "shop": "shoes"
      },
      "geometry": {
        "type": "Point",
        "coordinates": [
          78.696654,
          10.8159766
        ]
      },
      "id": "node/4764532447"
    },
    {
      "type": "Feature",
      "properties": {
        "@id": "node/4764532448",
        "name": "Ganesh Beauty Parlour",
        "shop": "hairdresser"
      },
      "geometry": {
        "type": "Point",
        "coordinates": [
          78.700688,
          10.814607
        ]
      },
      "id": "node/4764532448"
    },
    {
      "type": "Feature",
      "properties": {
        "@id": "node/4764533045",
        "name": "Sree Sathya Plywood",
        "shop": "trade",
        "trade": "wood"
      },
      "geometry": {
        "type": "Point",
        "coordinates": [
          78.6928068,
          10.8205688
        ]
      },
      "id": "node/4764533045"
    },
    {
      "type": "Feature",
      "properties": {
        "@id": "node/4764534447",
        "description": "\"The largest mobile kingdom in Tamil Nadu\"",
        "name": "Mobile Xpress",
        "shop": "mobile_phone"
      },
      "geometry": {
        "type": "Point",
        "coordinates": [
          78.6835918,
          10.8224222
        ]
      },
      "id": "node/4764534447"
    },
    {
      "type": "Feature",
      "properties": {
        "@id": "node/4764534449",
        "shop": "bag"
      },
      "geometry": {
        "type": "Point",
        "coordinates": [
          78.6966529,
          10.8159327
        ]
      },
      "id": "node/4764534449"
    },
    {
      "type": "Feature",
      "properties": {
        "@id": "node/4764534451",
        "name": "Noor Traders",
        "shop": "yes"
      },
      "geometry": {
        "type": "Point",
        "coordinates": [
          78.6976537,
          10.8150864
        ]
      },
      "id": "node/4764534451"
    },
    {
      "type": "Feature",
      "properties": {
        "@id": "node/4764534452",
        "name": "Kamatchi Battery",
        "shop": "electrical"
      },
      "geometry": {
        "type": "Point",
        "coordinates": [
          78.7035984,
          10.8134274
        ]
      },
      "id": "node/4764534452"
    },
    {
      "type": "Feature",
      "properties": {
        "@id": "node/4764535097",
        "name": "Sri Balaji Marble",
        "shop": "trade"
      },
      "geometry": {
        "type": "Point",
        "coordinates": [
          78.7076982,
          10.8132461
        ]
      },
      "id": "node/4764535097"
    },
    {
      "type": "Feature",
      "properties": {
        "@id": "node/4764535101",
        "name": "Lakshmanan Traders",
        "shop": "hardware"
      },
      "geometry": {
        "type": "Point",
        "coordinates": [
          78.6926978,
          10.820578
        ]
      },
      "id": "node/4764535101"
    },
    {
      "type": "Feature",
      "properties": {
        "@id": "node/4764535222",
        "name": "Mismi maligai",
        "shop": "yes"
      },
      "geometry": {
        "type": "Point",
        "coordinates": [
          78.7753235,
          10.7850762
        ]
      },
      "id": "node/4764535222"
    },
    {
      "type": "Feature",
      "properties": {
        "@id": "node/4764535376",
        "name": "Sakthi Agencies",
        "shop": "electrical"
      },
      "geometry": {
        "type": "Point",
        "coordinates": [
          78.6927033,
          10.8206085
        ]
      },
      "id": "node/4764535376"
    },
    {
      "type": "Feature",
      "properties": {
        "@id": "node/4764535524",
        "name": "Shanthi Electricals",
        "shop": "electrical"
      },
      "geometry": {
        "type": "Point",
        "coordinates": [
          78.6927009,
          10.8205601
        ]
      },
      "id": "node/4764535524"
    },
    {
      "type": "Feature",
      "properties": {
        "@id": "node/4764535860",
        "name": "Iyengars bakery",
        "shop": "bakery"
      },
      "geometry": {
        "type": "Point",
        "coordinates": [
          78.6960365,
          10.7903379
        ]
      },
      "id": "node/4764535860"
    },
    {
      "type": "Feature",
      "properties": {
        "@id": "node/4764536757",
        "name": "Trichy Mirror Mart",
        "shop": "houseware"
      },
      "geometry": {
        "type": "Point",
        "coordinates": [
          78.6928525,
          10.8204039
        ]
      },
      "id": "node/4764536757"
    },
    {
      "type": "Feature",
      "properties": {
        "@id": "node/4793248552",
        "addr:street": "dindigul road",
        "name": "The bread basket bakery",
        "shop": "bakery"
      },
      "geometry": {
        "type": "Point",
        "coordinates": [
          78.6750308,
          10.7900331
        ]
      },
      "id": "node/4793248552"
    },
    {
      "type": "Feature",
      "properties": {
        "@id": "node/4799120035",
        "addr:city": "Trichy",
        "addr:postcode": "625001",
        "addr:street": "Bharathiyar Road",
        "alt_name": "A2B",
        "amenity": "restaurant",
        "brand": "Adyar Ananda Bhavan",
        "brand:wikidata": "Q15178238",
        "brand:wikipedia": "en:Adyar Ananda Bhavan",
        "cuisine": "regional",
        "diet:vegetarian": "only",
        "name": "Adyar Ananda Bhavan",
        "operator": "Adyar Ananda Bhavan",
        "phone": "+91 431 241 2777",
        "shop": "confectionery",
        "smoking": "no",
        "website": "https://aabsweets.com"
      },
      "geometry": {
        "type": "Point",
        "coordinates": [
          78.6858599,
          10.7951846
        ]
      },
      "id": "node/4799120035"
    },
    {
      "type": "Feature",
      "properties": {
        "@id": "node/4810005067",
        "addr:street": "Trichy tanjavur highway",
        "air_conditioning": "no",
        "check_date": "2022-10-28",
        "internet_access": "no",
        "name": "Arokya daily Hatsun",
        "payment:cash": "yes",
        "payment:upi": "yes",
        "shop": "dairy",
        "source": "survey",
        "wheelchair": "no"
      },
      "geometry": {
        "type": "Point",
        "coordinates": [
          78.7633299,
          10.7930603
        ]
      },
      "id": "node/4810005067"
    },
    {
      "type": "Feature",
      "properties": {
        "@id": "node/4817782720",
        "branch": "showroom",
        "brand": "Bata",
        "brand:wikidata": "Q688082",
        "brand:wikipedia": "en:Bata Corporation",
        "name": "Bata",
        "shop": "shoes"
      },
      "geometry": {
        "type": "Point",
        "coordinates": [
          78.6937152,
          10.8230115
        ]
      },
      "id": "node/4817782720"
    },
    {
      "type": "Feature",
      "properties": {
        "@id": "node/4817784056",
        "name": "Thaila silks",
        "shop": "clothes"
      },
      "geometry": {
        "type": "Point",
        "coordinates": [
          78.6971675,
          10.8244159
        ]
      },
      "id": "node/4817784056"
    },
    {
      "type": "Feature",
      "properties": {
        "@id": "node/4832818692",
        "name": "Kavi motors Yamaha",
        "shop": "motorcycle"
      },
      "geometry": {
        "type": "Point",
        "coordinates": [
          78.684479,
          10.8023
        ]
      },
      "id": "node/4832818692"
    },
    {
      "type": "Feature",
      "properties": {
        "@id": "node/4832818695",
        "name": "Bread basket bakery",
        "shop": "bakery"
      },
      "geometry": {
        "type": "Point",
        "coordinates": [
          78.6857997,
          10.8036559
        ]
      },
      "id": "node/4832818695"
    },
    {
      "type": "Feature",
      "properties": {
        "@id": "node/4832818698",
        "name": "Mobile store",
        "shop": "mobile_phone"
      },
      "geometry": {
        "type": "Point",
        "coordinates": [
          78.6835251,
          10.8067432
        ]
      },
      "id": "node/4832818698"
    },
    {
      "type": "Feature",
      "properties": {
        "@id": "node/4878934408",
        "name": "Elite Rexine House",
        "shop": "trade"
      },
      "geometry": {
        "type": "Point",
        "coordinates": [
          78.6927969,
          10.8205895
        ]
      },
      "id": "node/4878934408"
    },
    {
      "type": "Feature",
      "properties": {
        "@id": "node/4878936355",
        "description": "Woman's styling saloon",
        "name": "Lemon Elegance",
        "shop": "beauty"
      },
      "geometry": {
        "type": "Point",
        "coordinates": [
          78.754621,
          10.7969499
        ]
      },
      "id": "node/4878936355"
    },
    {
      "type": "Feature",
      "properties": {
        "@id": "node/4878938457",
        "name": "Shoba electrical",
        "shop": "electrical"
      },
      "geometry": {
        "type": "Point",
        "coordinates": [
          78.6928597,
          10.8214421
        ]
      },
      "id": "node/4878938457"
    },
    {
      "type": "Feature",
      "properties": {
        "@id": "node/5003288805",
        "addr:housenumber": "235",
        "addr:street": "West Boulevard road",
        "check_date": "2024-04-02",
        "name": "Indian Timber Trading Company",
        "shop": "trade",
        "source": "survey",
        "trade": "timber"
      },
      "geometry": {
        "type": "Point",
        "coordinates": [
          78.6941197,
          10.8167053
        ]
      },
      "id": "node/5003288805"
    },
    {
      "type": "Feature",
      "properties": {
        "@id": "node/5003289362",
        "brand": "Track and Trail",
        "shop": "bicycle"
      },
      "geometry": {
        "type": "Point",
        "coordinates": [
          78.6858162,
          10.8313661
        ]
      },
      "id": "node/5003289362"
    },
    {
      "type": "Feature",
      "properties": {
        "@id": "node/5003289364",
        "name": "Hot Chips",
        "shop": "bakery"
      },
      "geometry": {
        "type": "Point",
        "coordinates": [
          78.6925352,
          10.8330114
        ]
      },
      "id": "node/5003289364"
    },
    {
      "type": "Feature",
      "properties": {
        "@id": "node/5003289365",
        "name": "Lalitha Jewellery",
        "shop": "jewelry"
      },
      "geometry": {
        "type": "Point",
        "coordinates": [
          78.6920221,
          10.8329175
        ]
      },
      "id": "node/5003289365"
    },
    {
      "type": "Feature",
      "properties": {
        "@id": "node/5003289407",
        "name": "MP traders (rice wholesale)",
        "shop": "farm"
      },
      "geometry": {
        "type": "Point",
        "coordinates": [
          78.6971997,
          10.8150897
        ]
      },
      "id": "node/5003289407"
    },
    {
      "type": "Feature",
      "properties": {
        "@id": "node/5003291554",
        "brand": "Tata Motors",
        "description": "Body shop division",
        "operator": "Sri Lakshmi Motors",
        "phone": "0431-2700779",
        "shop": "car_parts"
      },
      "geometry": {
        "type": "Point",
        "coordinates": [
          78.6882488,
          10.8369365
        ]
      },
      "id": "node/5003291554"
    },
    {
      "type": "Feature",
      "properties": {
        "@id": "node/5003291560",
        "name": "Santhi traders (rice wholesale)",
        "shop": "farm"
      },
      "geometry": {
        "type": "Point",
        "coordinates": [
          78.6971268,
          10.8150767
        ]
      },
      "id": "node/5003291560"
    },
    {
      "type": "Feature",
      "properties": {
        "@id": "node/5038251107",
        "name": "S V R readymades and textiles",
        "shop": "mall"
      },
      "geometry": {
        "type": "Point",
        "coordinates": [
          78.6923233,
          10.8327155
        ]
      },
      "id": "node/5038251107"
    },
    {
      "type": "Feature",
      "properties": {
        "@id": "node/5079396732",
        "brand": "Tata",
        "brand:wikidata": "Q188514",
        "name": "Tata",
        "shop": "car"
      },
      "geometry": {
        "type": "Point",
        "coordinates": [
          78.6461603,
          10.746656
        ]
      },
      "id": "node/5079396732"
    },
    {
      "type": "Feature",
      "properties": {
        "@id": "node/5079396773",
        "addr:housenumber": "18",
        "name": "Andavar Auto Stores",
        "shop": "car_parts"
      },
      "geometry": {
        "type": "Point",
        "coordinates": [
          78.6889473,
          10.7853427
        ]
      },
      "id": "node/5079396773"
    },
    {
      "type": "Feature",
      "properties": {
        "@id": "node/5079397460",
        "brand": "MRF",
        "shop": "tyres"
      },
      "geometry": {
        "type": "Point",
        "coordinates": [
          78.688855,
          10.7853287
        ]
      },
      "id": "node/5079397460"
    },
    {
      "type": "Feature",
      "properties": {
        "@id": "node/5092537123",
        "name": "Gayathri saw mill",
        "shop": "hardware"
      },
      "geometry": {
        "type": "Point",
        "coordinates": [
          78.7401936,
          10.8029791
        ]
      },
      "id": "node/5092537123"
    },
    {
      "type": "Feature",
      "properties": {
        "@id": "node/5092541261",
        "name": "Abba maligai",
        "shop": "houseware"
      },
      "geometry": {
        "type": "Point",
        "coordinates": [
          78.6969482,
          10.8162703
        ]
      },
      "id": "node/5092541261"
    },
    {
      "type": "Feature",
      "properties": {
        "@id": "node/5092541262",
        "name": "K S patel & sons Timber plywood",
        "shop": "hardware"
      },
      "geometry": {
        "type": "Point",
        "coordinates": [
          78.7112664,
          10.8132474
        ]
      },
      "id": "node/5092541262"
    },
    {
      "type": "Feature",
      "properties": {
        "@id": "node/5092541372",
        "name": "S K Trading",
        "shop": "hardware"
      },
      "geometry": {
        "type": "Point",
        "coordinates": [
          78.7256469,
          10.8079815
        ]
      },
      "id": "node/5092541372"
    },
    {
      "type": "Feature",
      "properties": {
        "@id": "node/5092541373",
        "name": "Sriraj TVS",
        "shop": "car_parts"
      },
      "geometry": {
        "type": "Point",
        "coordinates": [
          78.7555003,
          10.7968652
        ]
      },
      "id": "node/5092541373"
    },
    {
      "type": "Feature",
      "properties": {
        "@id": "node/5092541488",
        "name": "Akshaya Bakery",
        "name:ta": "அக்சயா பேக்கரி",
        "shop": "bakery"
      },
      "geometry": {
        "type": "Point",
        "coordinates": [
          78.7007711,
          10.8146286
        ]
      },
      "id": "node/5092541488"
    },
    {
      "type": "Feature",
      "properties": {
        "@id": "node/5092541489",
        "name": "Naveen hardware and electricals",
        "shop": "hardware"
      },
      "geometry": {
        "type": "Point",
        "coordinates": [
          78.7227119,
          10.8095592
        ]
      },
      "id": "node/5092541489"
    },
    {
      "type": "Feature",
      "properties": {
        "@id": "node/5092541490",
        "brand": "Naturals",
        "brand:wikidata": "Q125728261",
        "name": "Naturals",
        "shop": "beauty"
      },
      "geometry": {
        "type": "Point",
        "coordinates": [
          78.7591491,
          10.795302
        ]
      },
      "id": "node/5092541490"
    },
    {
      "type": "Feature",
      "properties": {
        "@id": "node/5198417291",
        "name": "Kaveri super market",
        "shop": "supermarket"
      },
      "geometry": {
        "type": "Point",
        "coordinates": [
          78.7638966,
          10.7929778
        ]
      },
      "id": "node/5198417291"
    },
    {
      "type": "Feature",
      "properties": {
        "@id": "node/5224414469",
        "name": "Jai sports and Games",
        "shop": "sports",
        "sport": "multi"
      },
      "geometry": {
        "type": "Point",
        "coordinates": [
          78.6931085,
          10.824439
        ]
      },
      "id": "node/5224414469"
    },
    {
      "type": "Feature",
      "properties": {
        "@id": "node/5224415321",
        "addr:housenumber": "9",
        "name": "Insys Solutions",
        "phone": "+919843079797",
        "shop": "computer"
      },
      "geometry": {
        "type": "Point",
        "coordinates": [
          78.7584444,
          10.7957484
        ]
      },
      "id": "node/5224415321"
    },
    {
      "type": "Feature",
      "properties": {
        "@id": "node/5224415327",
        "name": "J.A.S. Ramdas fruit shop",
        "shop": "greengrocer"
      },
      "geometry": {
        "type": "Point",
        "coordinates": [
          78.6925879,
          10.832508
        ]
      },
      "id": "node/5224415327"
    },
    {
      "type": "Feature",
      "properties": {
        "@id": "node/5224415328",
        "name": "Metro Furnitures",
        "shop": "furniture"
      },
      "geometry": {
        "type": "Point",
        "coordinates": [
          78.6929974,
          10.8216311
        ]
      },
      "id": "node/5224415328"
    },
    {
      "type": "Feature",
      "properties": {
        "@id": "node/5224415521",
        "name": "Iyengar Bakery",
        "shop": "bakery"
      },
      "geometry": {
        "type": "Point",
        "coordinates": [
          78.6930935,
          10.8310805
        ]
      },
      "id": "node/5224415521"
    },
    {
      "type": "Feature",
      "properties": {
        "@id": "node/5234610603",
        "name": "sanathana mahal",
        "shop": "mall"
      },
      "geometry": {
        "type": "Point",
        "coordinates": [
          78.6934605,
          10.8152978
        ]
      },
      "id": "node/5234610603"
    },
    {
      "type": "Feature",
      "properties": {
        "@id": "node/5234663133",
        "name": "murugan shop",
        "shop": "yes"
      },
      "geometry": {
        "type": "Point",
        "coordinates": [
          78.6836424,
          10.8166917
        ]
      },
      "id": "node/5234663133"
    },
    {
      "type": "Feature",
      "properties": {
        "@id": "node/5234663134",
        "name": "seventh systems",
        "shop": "yes"
      },
      "geometry": {
        "type": "Point",
        "coordinates": [
          78.6833581,
          10.8169973
        ]
      },
      "id": "node/5234663134"
    },
    {
      "type": "Feature",
      "properties": {
        "@id": "node/5234663136",
        "name": "maahaveer stores",
        "shop": "yes"
      },
      "geometry": {
        "type": "Point",
        "coordinates": [
          78.6837068,
          10.8173372
        ]
      },
      "id": "node/5234663136"
    },
    {
      "type": "Feature",
      "properties": {
        "@id": "node/5234663141",
        "name": "tanish comples",
        "shop": "yes"
      },
      "geometry": {
        "type": "Point",
        "coordinates": [
          78.6827519,
          10.8178252
        ]
      },
      "id": "node/5234663141"
    },
    {
      "type": "Feature",
      "properties": {
        "@id": "node/5234663145",
        "name": "ammen comples",
        "shop": "yes"
      },
      "geometry": {
        "type": "Point",
        "coordinates": [
          78.6823255,
          10.8169084
        ]
      },
      "id": "node/5234663145"
    },
    {
      "type": "Feature",
      "properties": {
        "@id": "node/5234688159",
        "name": "bhss comples",
        "shop": "yes"
      },
      "geometry": {
        "type": "Point",
        "coordinates": [
          78.6789599,
          10.8154234
        ]
      },
      "id": "node/5234688159"
    },
    {
      "type": "Feature",
      "properties": {
        "@id": "node/5234732308",
        "brand": "Lifestyle",
        "brand:wikidata": "Q6545496",
        "name": "Lifestyle",
        "shop": "clothes"
      },
      "geometry": {
        "type": "Point",
        "coordinates": [
          78.6802696,
          10.8085985
        ]
      },
      "id": "node/5234732308"
    },
    {
      "type": "Feature",
      "properties": {
        "@id": "node/5234732314",
        "brand": "Sony Centre",
        "brand:wikidata": "Q3437496",
        "brand:wikipedia": "en:Sony Centre",
        "name": "Sony Centre",
        "shop": "electronics"
      },
      "geometry": {
        "type": "Point",
        "coordinates": [
          78.6802729,
          10.8069196
        ]
      },
      "id": "node/5234732314"
    },
    {
      "type": "Feature",
      "properties": {
        "@id": "node/5234732315",
        "name": "mangala mahal",
        "shop": "mall"
      },
      "geometry": {
        "type": "Point",
        "coordinates": [
          78.6810695,
          10.8065059
        ]
      },
      "id": "node/5234732315"
    },
    {
      "type": "Feature",
      "properties": {
        "@id": "node/5234745924",
        "name": "RKT travels",
        "shop": "travel_agency"
      },
      "geometry": {
        "type": "Point",
        "coordinates": [
          78.6806268,
          10.799216
        ]
      },
      "id": "node/5234745924"
    },
    {
      "type": "Feature",
      "properties": {
        "@id": "node/5234779867",
        "name": "wood rock shop",
        "shop": "yes"
      },
      "geometry": {
        "type": "Point",
        "coordinates": [
          78.684205,
          10.7914051
        ]
      },
      "id": "node/5234779867"
    },
    {
      "type": "Feature",
      "properties": {
        "@id": "node/5338397707",
        "brand": "Damro",
        "shop": "furniture"
      },
      "geometry": {
        "type": "Point",
        "coordinates": [
          78.685916,
          10.8304796
        ]
      },
      "id": "node/5338397707"
    },
    {
      "type": "Feature",
      "properties": {
        "@id": "node/5338397728",
        "brand": "Pantaloons",
        "brand:wikidata": "Q7131643",
        "name": "Pantaloons",
        "shop": "clothes"
      },
      "geometry": {
        "type": "Point",
        "coordinates": [
          78.6859118,
          10.8300809
        ]
      },
      "id": "node/5338397728"
    },
    {
      "type": "Feature",
      "properties": {
        "@id": "node/5338398360",
        "name": "Rathna Xerox",
        "shop": "copyshop"
      },
      "geometry": {
        "type": "Point",
        "coordinates": [
          78.7755681,
          10.7854806
        ]
      },
      "id": "node/5338398360"
    },
    {
      "type": "Feature",
      "properties": {
        "@id": "node/5339408832",
        "brand": "lenskart.com",
        "shop": "optician"
      },
      "geometry": {
        "type": "Point",
        "coordinates": [
          78.6861213,
          10.8265799
        ]
      },
      "id": "node/5339408832"
    },
    {
      "type": "Feature",
      "properties": {
        "@id": "node/5339409167",
        "name": "Hotel Shaans",
        "shop": "bakery"
      },
      "geometry": {
        "type": "Point",
        "coordinates": [
          78.6846127,
          10.8177756
        ]
      },
      "id": "node/5339409167"
    },
    {
      "type": "Feature",
      "properties": {
        "@id": "node/5494390621",
        "addr:postcode": "620021",
        "addr:street": "LIC Colony Road",
        "name:en": "MIRACLE SALON",
        "opening_hours": "Mo-Sa 09:00-20:00",
        "shop": "beauty"
      },
      "geometry": {
        "type": "Point",
        "coordinates": [
          78.6836319,
          10.7668433
        ]
      },
      "id": "node/5494390621"
    },
    {
      "type": "Feature",
      "properties": {
        "@id": "node/5585525914",
        "name": "Niligiris",
        "shop": "supermarket"
      },
      "geometry": {
        "type": "Point",
        "coordinates": [
          78.753488,
          10.7973477
        ]
      },
      "id": "node/5585525914"
    },
    {
      "type": "Feature",
      "properties": {
        "@id": "node/5585526138",
        "name": "V.S.K. Spares",
        "shop": "hardware"
      },
      "geometry": {
        "type": "Point",
        "coordinates": [
          78.6926831,
          10.8206773
        ]
      },
      "id": "node/5585526138"
    },
    {
      "type": "Feature",
      "properties": {
        "@id": "node/5585526327",
        "name": "Maharaja Electricals",
        "shop": "electrical"
      },
      "geometry": {
        "type": "Point",
        "coordinates": [
          78.6925956,
          10.819587
        ]
      },
      "id": "node/5585526327"
    },
    {
      "type": "Feature",
      "properties": {
        "@id": "node/5585526328",
        "name": "City spares",
        "shop": "hardware"
      },
      "geometry": {
        "type": "Point",
        "coordinates": [
          78.692828,
          10.8196002
        ]
      },
      "id": "node/5585526328"
    },
    {
      "type": "Feature",
      "properties": {
        "@id": "node/5585526425",
        "name": "Used computer store",
        "shop": "computer"
      },
      "geometry": {
        "type": "Point",
        "coordinates": [
          78.6775875,
          10.8148965
        ]
      },
      "id": "node/5585526425"
    },
    {
      "type": "Feature",
      "properties": {
        "@id": "node/5653588089",
        "brand": "Vodafone",
        "brand:wikidata": "Q122141",
        "brand:wikipedia": "en:Vodafone",
        "name": "Vodafone",
        "office": "telecommunication",
        "shop": "mobile_phone"
      },
      "geometry": {
        "type": "Point",
        "coordinates": [
          78.690869,
          10.8342053
        ]
      },
      "id": "node/5653588089"
    },
    {
      "type": "Feature",
      "properties": {
        "@id": "node/5657575537",
        "name": "Padma",
        "shop": "greengrocer"
      },
      "geometry": {
        "type": "Point",
        "coordinates": [
          78.6976594,
          10.844466
        ]
      },
      "id": "node/5657575537"
    },
    {
      "type": "Feature",
      "properties": {
        "@id": "node/5657575807",
        "name": "Sri man Thathasariyar Garden",
        "shop": "greengrocer"
      },
      "geometry": {
        "type": "Point",
        "coordinates": [
          78.6979471,
          10.8441344
        ]
      },
      "id": "node/5657575807"
    },
    {
      "type": "Feature",
      "properties": {
        "@id": "node/5677782761",
        "name": "S.K. Tyres",
        "shop": "tyres"
      },
      "geometry": {
        "type": "Point",
        "coordinates": [
          78.756664,
          10.7965155
        ]
      },
      "id": "node/5677782761"
    },
    {
      "type": "Feature",
      "properties": {
        "@id": "node/5677785562",
        "name": "Elevation view",
        "shop": "interior_decoration"
      },
      "geometry": {
        "type": "Point",
        "coordinates": [
          78.6951844,
          10.8073862
        ]
      },
      "id": "node/5677785562"
    },
    {
      "type": "Feature",
      "properties": {
        "@id": "node/5678203929",
        "name": "Asvini Furniture and electricals",
        "shop": "hardware"
      },
      "geometry": {
        "type": "Point",
        "coordinates": [
          78.7677597,
          10.7906455
        ]
      },
      "id": "node/5678203929"
    },
    {
      "type": "Feature",
      "properties": {
        "@id": "node/5678203930",
        "brand": "Honda",
        "brand:wikidata": "Q9584",
        "brand:wikipedia": "en:Honda",
        "name": "Honda",
        "shop": "motorcycle"
      },
      "geometry": {
        "type": "Point",
        "coordinates": [
          78.7622994,
          10.7934218
        ]
      },
      "id": "node/5678203930"
    },
    {
      "type": "Feature",
      "properties": {
        "@id": "node/5678203931",
        "name": "Happy bags",
        "shop": "bag"
      },
      "geometry": {
        "type": "Point",
        "coordinates": [
          78.7593741,
          10.7952918
        ]
      },
      "id": "node/5678203931"
    },
    {
      "type": "Feature",
      "properties": {
        "@id": "node/5678203933",
        "name": "Riha Mobiles",
        "shop": "mobile_phone"
      },
      "geometry": {
        "type": "Point",
        "coordinates": [
          78.7512724,
          10.7986152
        ]
      },
      "id": "node/5678203933"
    },
    {
      "type": "Feature",
      "properties": {
        "@id": "node/5678208924",
        "name": "Witco",
        "shop": "bag"
      },
      "geometry": {
        "type": "Point",
        "coordinates": [
          78.689383,
          10.800672
        ]
      },
      "id": "node/5678208924"
    },
    {
      "type": "Feature",
      "properties": {
        "@id": "node/5678208925",
        "name": "Padma opticals",
        "shop": "optician"
      },
      "geometry": {
        "type": "Point",
        "coordinates": [
          78.6914557,
          10.802372
        ]
      },
      "id": "node/5678208925"
    },
    {
      "type": "Feature",
      "properties": {
        "@id": "node/5678208926",
        "name": "New American opticals",
        "shop": "optician"
      },
      "geometry": {
        "type": "Point",
        "coordinates": [
          78.6912408,
          10.8023618
        ]
      },
      "id": "node/5678208926"
    },
    {
      "type": "Feature",
      "properties": {
        "@id": "node/5678208927",
        "name": "Popular opticals",
        "shop": "optician"
      },
      "geometry": {
        "type": "Point",
        "coordinates": [
          78.6912652,
          10.8023866
        ]
      },
      "id": "node/5678208927"
    },
    {
      "type": "Feature",
      "properties": {
        "@id": "node/5678208928",
        "name": "Image optical and co",
        "shop": "optician"
      },
      "geometry": {
        "type": "Point",
        "coordinates": [
          78.6912852,
          10.8024172
        ]
      },
      "id": "node/5678208928"
    },
    {
      "type": "Feature",
      "properties": {
        "@id": "node/5678208929",
        "description": "Dealers in paints, electricals and batteries",
        "name": "The imperial agency",
        "phone": "+914312410752",
        "shop": "trade"
      },
      "geometry": {
        "type": "Point",
        "coordinates": [
          78.6913308,
          10.8024739
        ]
      },
      "id": "node/5678208929"
    },
    {
      "type": "Feature",
      "properties": {
        "@id": "node/5678208930",
        "name": "Joseph opticals",
        "shop": "optician"
      },
      "geometry": {
        "type": "Point",
        "coordinates": [
          78.6913086,
          10.8024489
        ]
      },
      "id": "node/5678208930"
    },
    {
      "type": "Feature",
      "properties": {
        "@id": "node/5678208931",
        "name": "Anthonys repairing house",
        "shop": "hardware"
      },
      "geometry": {
        "type": "Point",
        "coordinates": [
          78.6913556,
          10.802496
        ]
      },
      "id": "node/5678208931"
    },
    {
      "type": "Feature",
      "properties": {
        "@id": "node/5678208932",
        "name": "Santhiya opticals",
        "shop": "optician"
      },
      "geometry": {
        "type": "Point",
        "coordinates": [
          78.6915005,
          10.8024192
        ]
      },
      "id": "node/5678208932"
    },
    {
      "type": "Feature",
      "properties": {
        "@id": "node/5678208933",
        "name": "Sivasakthi opticals",
        "shop": "optician"
      },
      "geometry": {
        "type": "Point",
        "coordinates": [
          78.6915197,
          10.8024446
        ]
      },
      "id": "node/5678208933"
    },
    {
      "type": "Feature",
      "properties": {
        "@id": "node/5678208934",
        "name": "Kumar opticals",
        "shop": "optician"
      },
      "geometry": {
        "type": "Point",
        "coordinates": [
          78.6914967,
          10.802464
        ]
      },
      "id": "node/5678208934"
    },
    {
      "type": "Feature",
      "properties": {
        "@id": "node/5678208935",
        "name": "Siva opticals",
        "shop": "optician"
      },
      "geometry": {
        "type": "Point",
        "coordinates": [
          78.6914015,
          10.8025371
        ]
      },
      "id": "node/5678208935"
    },
    {
      "type": "Feature",
      "properties": {
        "@id": "node/5678211922",
        "name": "Trichy Iyengar's Bakery",
        "shop": "bakery"
      },
      "geometry": {
        "type": "Point",
        "coordinates": [
          78.7762649,
          10.7856887
        ]
      },
      "id": "node/5678211922"
    },
    {
      "type": "Feature",
      "properties": {
        "@id": "node/5678212531",
        "name": "Sparx",
        "shop": "shoes"
      },
      "geometry": {
        "type": "Point",
        "coordinates": [
          78.6913749,
          10.8025127
        ]
      },
      "id": "node/5678212531"
    },
    {
      "type": "Feature",
      "properties": {
        "@id": "node/5678212534",
        "brand": "Aavin",
        "shop": "diary"
      },
      "geometry": {
        "type": "Point",
        "coordinates": [
          78.7769074,
          10.7855909
        ]
      },
      "id": "node/5678212534"
    },
    {
      "type": "Feature",
      "properties": {
        "@id": "node/5713786236",
        "name": "New look opticals",
        "shop": "optician"
      },
      "geometry": {
        "type": "Point",
        "coordinates": [
          78.7342565,
          10.804985
        ]
      },
      "id": "node/5713786236"
    },
    {
      "type": "Feature",
      "properties": {
        "@id": "node/5713786239",
        "brand": "Vivo",
        "brand:wikidata": "Q18301787",
        "brand:wikipedia": "en:Vivo (technology company)",
        "name": "Vivo",
        "shop": "mobile_phone"
      },
      "geometry": {
        "type": "Point",
        "coordinates": [
          78.6909009,
          10.8269216
        ]
      },
      "id": "node/5713786239"
    },
    {
      "type": "Feature",
      "properties": {
        "@id": "node/5713786421",
        "name": "NXP jewellers",
        "shop": "jewelry"
      },
      "geometry": {
        "type": "Point",
        "coordinates": [
          78.7325982,
          10.805416
        ]
      },
      "id": "node/5713786421"
    },
    {
      "type": "Feature",
      "properties": {
        "@id": "node/6126092463",
        "name": "Universal steel and tools co.",
        "shop": "hardware"
      },
      "geometry": {
        "type": "Point",
        "coordinates": [
          78.6914489,
          10.8027179
        ]
      },
      "id": "node/6126092463"
    },
    {
      "type": "Feature",
      "properties": {
        "@id": "node/6165175808",
        "addr:street": "Vayalur Road",
        "name": "B G Naidu Sweets",
        "shop": "confectionery"
      },
      "geometry": {
        "type": "Point",
        "coordinates": [
          78.67022,
          10.81408
        ]
      },
      "id": "node/6165175808"
    },
    {
      "type": "Feature",
      "properties": {
        "@id": "node/6221120244",
        "amenity": "marketplace",
        "name": "Puthur Market",
        "name:ta": "புத்தூர் சந்தை"
      },
      "geometry": {
        "type": "Point",
        "coordinates": [
          78.6799144,
          10.8147832
        ]
      },
      "id": "node/6221120244"
    },
    {
      "type": "Feature",
      "properties": {
        "@id": "node/6241811366",
        "brand": "lenovo",
        "name": "Lenovo Motorola Service center",
        "operator": "teleport",
        "shop": "mobile_phone"
      },
      "geometry": {
        "type": "Point",
        "coordinates": [
          78.6861281,
          10.8237079
        ]
      },
      "id": "node/6241811366"
    },
    {
      "type": "Feature",
      "properties": {
        "@id": "node/6241811443",
        "brand": "Nokia",
        "name": "Nokia/microsoft service center",
        "operator": "flex",
        "shop": "mobile_phone"
      },
      "geometry": {
        "type": "Point",
        "coordinates": [
          78.686127,
          10.8237542
        ]
      },
      "id": "node/6241811443"
    },
    {
      "type": "Feature",
      "properties": {
        "@id": "node/6513984734",
        "name": "Unlimited",
        "shop": "clothes"
      },
      "geometry": {
        "type": "Point",
        "coordinates": [
          78.6863805,
          10.7989377
        ]
      },
      "id": "node/6513984734"
    },
    {
      "type": "Feature",
      "properties": {
        "@id": "node/6595745061",
        "amenity": "marketplace",
        "name": "Sunday Market",
        "opening_hours": "Su 07:00-16:00"
      },
      "geometry": {
        "type": "Point",
        "coordinates": [
          78.7273537,
          10.7861022
        ]
      },
      "id": "node/6595745061"
    },
    {
      "type": "Feature",
      "properties": {
        "@id": "node/7044867196",
        "name": "Kannadi Arasan Victory Glass and Plywood",
        "shop": "gift"
      },
      "geometry": {
        "type": "Point",
        "coordinates": [
          78.6934937,
          10.816505
        ]
      },
      "id": "node/7044867196"
    },
    {
      "type": "Feature",
      "properties": {
        "@id": "node/7206305494",
        "name": "Bharat Cycle Store",
        "shop": "bicycle"
      },
      "geometry": {
        "type": "Point",
        "coordinates": [
          78.6863194,
          10.8179518
        ]
      },
      "id": "node/7206305494"
    },
    {
      "type": "Feature",
      "properties": {
        "@id": "node/7206306851",
        "name": "metro traders",
        "shop": "bicycle"
      },
      "geometry": {
        "type": "Point",
        "coordinates": [
          78.6970058,
          10.8229575
        ]
      },
      "id": "node/7206306851"
    },
    {
      "type": "Feature",
      "properties": {
        "@id": "node/7208647834",
        "name": "Femina Shopping Mall (FSM)",
        "shop": "mall"
      },
      "geometry": {
        "type": "Point",
        "coordinates": [
          78.6917092,
          10.8233878
        ]
      },
      "id": "node/7208647834"
    },
    {
      "type": "Feature",
      "properties": {
        "@id": "node/7208652156",
        "shop": "bicycle"
      },
      "geometry": {
        "type": "Point",
        "coordinates": [
          78.692707,
          10.8267349
        ]
      },
      "id": "node/7208652156"
    },
    {
      "type": "Feature",
      "properties": {
        "@id": "node/7284930986",
        "name:en": "Vegetables and fruits market",
        "shop": "supermarket"
      },
      "geometry": {
        "type": "Point",
        "coordinates": [
          78.674124,
          10.7971426
        ]
      },
      "id": "node/7284930986"
    },
    {
      "type": "Feature",
      "properties": {
        "@id": "node/7652587013",
        "addr:city": "Trichy",
        "addr:postcode": "620018",
        "addr:street": "Karur Bypass road",
        "brand": "Metro",
        "brand:wikidata": "Q16938284",
        "name": "Metro",
        "shop": "shoes"
      },
      "geometry": {
        "type": "Point",
        "coordinates": [
          78.6859816,
          10.8286768
        ]
      },
      "id": "node/7652587013"
    },
    {
      "type": "Feature",
      "properties": {
        "@id": "node/7652587015",
        "brand": "Adyar Ananda Bhavan",
        "brand:wikidata": "Q15178238",
        "brand:wikipedia": "en:Adyar Ananda Bhavan",
        "name": "Adyar Ananda Bhavan",
        "shop": "confectionery"
      },
      "geometry": {
        "type": "Point",
        "coordinates": [
          78.6859393,
          10.8302322
        ]
      },
      "id": "node/7652587015"
    },
    {
      "type": "Feature",
      "properties": {
        "@id": "node/7652587016",
        "addr:city": "Trichy",
        "addr:postcode": "620018",
        "addr:street": "Karur Bypass road",
        "name": "TVS - Shriraj Agencies",
        "shop": "motorcycle_repair"
      },
      "geometry": {
        "type": "Point",
        "coordinates": [
          78.6854747,
          10.8297521
        ]
      },
      "id": "node/7652587016"
    },
    {
      "type": "Feature",
      "properties": {
        "@id": "node/8755603761",
        "addr:city": "Tiruchirappalli",
        "addr:housenumber": "13, TAMIL SANGAM BUILDING",
        "addr:postcode": "620008",
        "addr:street": "West Boulevard road",
        "description": "40 Years Service. All Range of Power Tools, Engineering Hand Tools, Industrial Requirements, Safety Products, Welding Materials available\n\nBOSCH, DEWALT, STANLEY, HITACHI, MAKITA, CUMI, MAKTEC, BLACK+DECKER & LEADING BRAND POWER TOOLS AVAILABLE",
        "email": "thirumurugantools@gmail.com",
        "image": "https://www.google.com/search?q=THIRUMURUGANTOOLS&client=firefox-b-d&sxsrf=ALeKk01xWzIKnonnUK2dJ1bMog6R0puh9Q:1621694710707&source=lnms&tbm=isch&sa=X&ved=2ahUKEwjJqqnJw93wAhXET30KHZfUAsIQ_AUoA3oECAEQBQ&biw=1360&bih=693#imgrc=j38yQD23XmXf7M",
        "name": "THIRUMURUGAN TOOLS",
        "name:ta": "திருமுருகன் டூல்ஸ்",
        "note": "TAPARIA, PYE, VENUS, EVEREST, TOTEM,MIRANDA, BIPICO, ADDISON AND IMPORTED GOODS ARE AVAIALBEL",
        "opening_hours": "Mo-Sa 09:00-21:00",
        "operator": "K.N.K.SANKAR",
        "payment:cash": "yes",
        "payment:contactless": "yes",
        "phone": "73737 33575,80727 40055",
        "shop": "trade",
        "start_date": "1977-04-01",
        "trade": "TOOLS,_EQUIPMENTS,_MACHINERIES",
        "website": "https://thirumurugan-tools.business.site/"
      },
      "geometry": {
        "type": "Point",
        "coordinates": [
          78.6937573,
          10.8223629
        ]
      },
      "id": "node/8755603761"
    },
    {
      "type": "Feature",
      "properties": {
        "@id": "node/8985182816",
        "name": "Cothas coffee",
        "shop": "coffee"
      },
      "geometry": {
        "type": "Point",
        "coordinates": [
          78.6885373,
          10.8191645
        ]
      },
      "id": "node/8985182816"
    },
    {
      "type": "Feature",
      "properties": {
        "@id": "node/8985188486",
        "name": "Krish cakes",
        "shop": "bakery"
      },
      "geometry": {
        "type": "Point",
        "coordinates": [
          78.6885952,
          10.8189951
        ]
      },
      "id": "node/8985188486"
    },
    {
      "type": "Feature",
      "properties": {
        "@id": "node/8985196309",
        "branch": "Showroom (preferred partner)",
        "brand": "Xiaomi",
        "brand:wikidata": "Q1636958",
        "brand:wikipedia": "en:Xiaomi",
        "name": "Xiaomi",
        "shop": "mobile_phone"
      },
      "geometry": {
        "type": "Point",
        "coordinates": [
          78.6886109,
          10.8184724
        ]
      },
      "id": "node/8985196309"
    },
    {
      "type": "Feature",
      "properties": {
        "@id": "node/8985197135",
        "name": "GjTraders Jaquar",
        "shop": "interior_decoration"
      },
      "geometry": {
        "type": "Point",
        "coordinates": [
          78.6885508,
          10.8188998
        ]
      },
      "id": "node/8985197135"
    },
    {
      "type": "Feature",
      "properties": {
        "@id": "node/8985207466",
        "name": "Prime stationaries",
        "shop": "stationery"
      },
      "geometry": {
        "type": "Point",
        "coordinates": [
          78.6885435,
          10.8189927
        ]
      },
      "id": "node/8985207466"
    },
    {
      "type": "Feature",
      "properties": {
        "@id": "node/8985208126",
        "name": "Reliable gas setvice",
        "shop": "gas"
      },
      "geometry": {
        "type": "Point",
        "coordinates": [
          78.6885253,
          10.8194818
        ]
      },
      "id": "node/8985208126"
    },
    {
      "type": "Feature",
      "properties": {
        "@id": "node/8985208127",
        "name": "Sun computer sales and services",
        "shop": "computer"
      },
      "geometry": {
        "type": "Point",
        "coordinates": [
          78.6886025,
          10.8189017
        ]
      },
      "id": "node/8985208127"
    },
    {
      "type": "Feature",
      "properties": {
        "@id": "node/8985211063",
        "name": "Cake bee",
        "shop": "bakery"
      },
      "geometry": {
        "type": "Point",
        "coordinates": [
          78.688009,
          10.8196462
        ]
      },
      "id": "node/8985211063"
    },
    {
      "type": "Feature",
      "properties": {
        "@id": "node/9776383544",
        "name": "Akila sweets",
        "shop": "bakery"
      },
      "geometry": {
        "type": "Point",
        "coordinates": [
          78.6806694,
          10.7993953
        ]
      },
      "id": "node/9776383544"
    },
    {
      "type": "Feature",
      "properties": {
        "@id": "node/10139154177",
        "air_conditioning": "no",
        "check_date": "2022-10-28",
        "internet_access": "no",
        "name": "ARS Vegetables & Bakery",
        "payment:cash": "yes",
        "payment:credit_cards": "yes",
        "payment:debit_cards": "yes",
        "payment:upi": "yes",
        "second_hand": "no",
        "shop": "supermarket",
        "wheelchair": "limited"
      },
      "geometry": {
        "type": "Point",
        "coordinates": [
          78.7540654,
          10.7971187
        ]
      },
      "id": "node/10139154177"
    },
    {
      "type": "Feature",
      "properties": {
        "@id": "node/10139165003",
        "brand": "Hyundai",
        "brand:wikidata": "Q55931",
        "check_date": "2022-10-28",
        "name": "GT Hyundai",
        "shop": "car",
        "source": "survey"
      },
      "geometry": {
        "type": "Point",
        "coordinates": [
          78.7120157,
          10.8303406
        ]
      },
      "id": "node/10139165003"
    },
    {
      "type": "Feature",
      "properties": {
        "@id": "node/10197620882",
        "brand": "DMart",
        "brand:wikidata": "Q5203271",
        "check_date": "2022-11-17",
        "name": "DMart",
        "payment:cash": "yes",
        "payment:mastercard": "yes",
        "payment:upi": "yes",
        "payment:visa": "yes",
        "shop": "supermarket",
        "source": "survey"
      },
      "geometry": {
        "type": "Point",
        "coordinates": [
          78.7094901,
          10.8061767
        ]
      },
      "id": "node/10197620882"
    },
    {
      "type": "Feature",
      "properties": {
        "@id": "node/10203814917",
        "addr:street": "Mannarpuram",
        "name": "பேஷன் ஹேர் ஸ்டைலர் சலூன்",
        "name:en": "fashion hair styler saloon",
        "opening_hours": "Mo-Su 07:00-19:30",
        "operator": "v ravichandran",
        "shop": "hairdresser"
      },
      "geometry": {
        "type": "Point",
        "coordinates": [
          78.6922581,
          10.7847419
        ]
      },
      "id": "node/10203814917"
    },
    {
      "type": "Feature",
      "properties": {
        "@id": "node/10778118524",
        "brand": "Adyar Ananda Bhavan",
        "brand:wikidata": "Q15178238",
        "name": "Adyar Ananda Bhavan",
        "shop": "confectionery"
      },
      "geometry": {
        "type": "Point",
        "coordinates": [
          78.6852821,
          10.7941412
        ]
      },
      "id": "node/10778118524"
    },
    {
      "type": "Feature",
      "properties": {
        "@id": "node/11028252116",
        "name": "Kaveri Supermarket",
        "shop": "supermarket"
      },
      "geometry": {
        "type": "Point",
        "coordinates": [
          78.6909548,
          10.8467352
        ]
      },
      "id": "node/11028252116"
    },
    {
      "type": "Feature",
      "properties": {
        "@id": "node/11028252117",
        "name": "Reliance Trends",
        "shop": "clothes"
      },
      "geometry": {
        "type": "Point",
        "coordinates": [
          78.6980916,
          10.8447506
        ]
      },
      "id": "node/11028252117"
    },
    {
      "type": "Feature",
      "properties": {
        "@id": "node/11028252118",
        "brand": "Maruti Suzuki",
        "brand:wikidata": "Q963718",
        "name": "Maruti Suzuki",
        "shop": "car"
      },
      "geometry": {
        "type": "Point",
        "coordinates": [
          78.6980293,
          10.8445122
        ]
      },
      "id": "node/11028252118"
    },
    {
      "type": "Feature",
      "properties": {
        "@id": "node/11044550281",
        "addr:city": "Trichirapalli",
        "addr:country": "IN",
        "addr:district": "Tamilnadu",
        "addr:housenumber": "41, Almas Plasa , Promenade Road,",
        "addr:postcode": "620001",
        "addr:street": "Bharathidasan Salai",
        "description": "\"Computer based troubleshooting, Software upgrade, Unlock done by Skilled Service Engineer. Also available car chargers, multi chargers. One unit charger 6 usb ports, Quality charger for V8 Charging Port, Quality charger for Type-C Charging Port. Wired qu",
        "name": "SuXuS Mobile ServicsS",
        "phone": "04314050478",
        "shop": "mobile_phone"
      },
      "geometry": {
        "type": "Point",
        "coordinates": [
          78.6884492,
          10.8033032
        ]
      },
      "id": "node/11044550281"
    },
    {
      "type": "Feature",
      "properties": {
        "@id": "node/11389813569",
        "name:en": "liquor store",
        "shop": "alcohol"
      },
      "geometry": {
        "type": "Point",
        "coordinates": [
          78.6998993,
          10.8259094
        ]
      },
      "id": "node/11389813569"
    },
    {
      "type": "Feature",
      "properties": {
        "@id": "node/11399584275",
        "addr:street": "Old Karur Road",
        "name:en": "Sri Vaari Supermarket",
        "opening_hours": "Mo-Su 06:00-23:00",
        "shop": "supermarket"
      },
      "geometry": {
        "type": "Point",
        "coordinates": [
          78.6936711,
          10.8355267
        ]
      },
      "id": "node/11399584275"
    },
    {
      "type": "Feature",
      "properties": {
        "@id": "node/11476419375",
        "brand": "Maruti Suzuki",
        "brand:wikidata": "Q963718",
        "check_date": "2024-01-01",
        "name": "Maruti Suzuki Service Centre",
        "operator": "ABT Maruti",
        "shop": "car_repair"
      },
      "geometry": {
        "type": "Point",
        "coordinates": [
          78.6776337,
          10.8044147
        ]
      },
      "id": "node/11476419375"
    },
    {
      "type": "Feature",
      "properties": {
        "@id": "node/11476419376",
        "check_date": "2024-01-01",
        "clothes": "women",
        "mapillary": "1756354401202678",
        "name": "Chudidhar House",
        "shop": "clothes"
      },
      "geometry": {
        "type": "Point",
        "coordinates": [
          78.677975,
          10.8045889
        ]
      },
      "id": "node/11476419376"
    },
    {
      "type": "Feature",
      "properties": {
        "@id": "node/11476432157",
        "check_date": "2024-01-01",
        "name": "aavin",
        "shop": "dairy"
      },
      "geometry": {
        "type": "Point",
        "coordinates": [
          78.680329,
          10.7975426
        ]
      },
      "id": "node/11476432157"
    },
    {
      "type": "Feature",
      "properties": {
        "@id": "node/11476432158",
        "check_date": "2024-01-01",
        "name": "aavin",
        "shop": "dairy"
      },
      "geometry": {
        "type": "Point",
        "coordinates": [
          78.6811663,
          10.7987679
        ]
      },
      "id": "node/11476432158"
    },
    {
      "type": "Feature",
      "properties": {
        "@id": "node/12145430110",
        "mapillary": "454617468965703",
        "name": "Kalyani Coverings",
        "shop": "jewelry"
      },
      "geometry": {
        "type": "Point",
        "coordinates": [
          78.69552,
          10.8266149
        ]
      },
      "id": "node/12145430110"
    },
    {
      "type": "Feature",
      "properties": {
        "@id": "node/12145430130",
        "brand": "Max",
        "brand:wikidata": "Q24939079",
        "mapillary": "1756354401202678",
        "name": "Max",
        "shop": "clothes"
      },
      "geometry": {
        "type": "Point",
        "coordinates": [
          78.6778734,
          10.8045289
        ]
      },
      "id": "node/12145430130"
    },
    {
      "type": "Feature",
      "properties": {
        "@id": "node/12145430170",
        "mapillary": "499320694760427",
        "name": "Om Jewellers",
        "shop": "jewelry"
      },
      "geometry": {
        "type": "Point",
        "coordinates": [
          78.6968815,
          10.8203087
        ]
      },
      "id": "node/12145430170"
    },
    {
      "type": "Feature",
      "properties": {
        "@id": "node/12580965346",
        "brand": "Honda",
        "brand:wikidata": "Q9584",
        "check_date": "2025-02-12",
        "name": "Honda",
        "shop": "car",
        "source": "survey"
      },
      "geometry": {
        "type": "Point",
        "coordinates": [
          78.7114622,
          10.8060203
        ]
      },
      "id": "node/12580965346"
    },
    {
      "type": "Feature",
      "properties": {
        "@id": "node/12580965350",
        "air_conditioning": "yes",
        "brand": "Jos Alukkas",
        "brand:wikidata": "Q6279093",
        "check_date": "2025-02-12",
        "name": "Jos Alukkas",
        "payment:cash": "yes",
        "payment:credit_cards": "yes",
        "payment:debit_cards": "yes",
        "shop": "jewelry",
        "source": "survey"
      },
      "geometry": {
        "type": "Point",
        "coordinates": [
          78.6859455,
          10.8293057
        ]
      },
      "id": "node/12580965350"
    },
    {
      "type": "Feature",
      "properties": {
        "@id": "node/12972950169",
        "brand": "Tanishq",
        "brand:en": "Tanishq",
        "brand:wikidata": "Q13117711",
        "name": "Tanishq",
        "name:en": "Tanishq",
        "name:ta": "தனிஷ்க்",
        "shop": "jewelry",
        "wheelchair": "no"
      },
      "geometry": {
        "type": "Point",
        "coordinates": [
          78.6879985,
          10.8036956
        ]
      },
      "id": "node/12972950169"
    },
    {
      "type": "Feature",
      "properties": {
        "@id": "node/12972985852",
        "name": "Kay Jay Auto Unit",
        "name:ta": "கே. ஜெ. ஆட்டோ யூனிட்",
        "shop": "car_parts"
      },
      "geometry": {
        "type": "Point",
        "coordinates": [
          78.6877587,
          10.8035105
        ]
      },
      "id": "node/12972985852"
    },
    {
      "type": "Feature",
      "properties": {
        "@id": "node/12973805486",
        "name": "கோவை பழமுதிர் நிலையம்",
        "name:en": "Kovai Pazamuthir Nilayam",
        "shop": "greengrocer",
        "wheelchair": "no"
      },
      "geometry": {
        "type": "Point",
        "coordinates": [
          78.6791366,
          10.8118479
        ]
      },
      "id": "node/12973805486"
    },
    {
      "type": "Feature",
      "properties": {
        "@id": "node/12976868463",
        "amenity": "marketplace",
        "name": "Uzhavar santhai",
        "name:en": "Uzhavar santhai",
        "name:ta": "உழவர் சந்தை"
      },
      "geometry": {
        "type": "Point",
        "coordinates": [
          78.683422,
          10.8133825
        ]
      },
      "id": "node/12976868463"
    },
    {
      "type": "Feature",
      "properties": {
        "@id": "node/13003760767",
        "name": "BSNL customer service centre",
        "operator": "BSNL",
        "operator:wikidata": "Q278834",
        "shop": "telecommunication"
      },
      "geometry": {
        "type": "Point",
        "coordinates": [
          78.6883463,
          10.8026651
        ]
      },
      "id": "node/13003760767"
    },
    {
      "type": "Feature",
      "properties": {
        "@id": "node/13011912037",
        "name": "Sri Thaila Jewellers",
        "shop": "jewelry"
      },
      "geometry": {
        "type": "Point",
        "coordinates": [
          78.6970418,
          10.8258952
        ]
      },
      "id": "node/13011912037"
    },
    {
      "type": "Feature",
      "properties": {
        "@id": "node/13011912038",
        "name": "Kalyani covering",
        "shop": "jewelry"
      },
      "geometry": {
        "type": "Point",
        "coordinates": [
          78.6972544,
          10.8259894
        ]
      },
      "id": "node/13011912038"
    },
    {
      "type": "Feature",
      "properties": {
        "@id": "node/13011912039",
        "name": "Rangas thanga maligai",
        "name:ta": "ரங்காஸ் தங்க மாளிகை",
        "shop": "jewelry"
      },
      "geometry": {
        "type": "Point",
        "coordinates": [
          78.6972353,
          10.825727
        ]
      },
      "id": "node/13011912039"
    },
    {
      "type": "Feature",
      "properties": {
        "@id": "node/13011912040",
        "name": "Thanga mayil",
        "shop": "jewelry"
      },
      "geometry": {
        "type": "Point",
        "coordinates": [
          78.6974184,
          10.8262381
        ]
      },
      "id": "node/13011912040"
    },
    {
      "type": "Feature",
      "properties": {
        "@id": "node/13011912041",
        "brand": "Bata",
        "brand:wikidata": "Q688082",
        "name": "Bata",
        "shop": "shoes"
      },
      "geometry": {
        "type": "Point",
        "coordinates": [
          78.6972464,
          10.8258902
        ]
      },
      "id": "node/13011912041"
    },
    {
      "type": "Feature",
      "properties": {
        "@id": "node/13011912042",
        "name": "Kongu thanga maligai",
        "shop": "jewelry"
      },
      "geometry": {
        "type": "Point",
        "coordinates": [
          78.6972053,
          10.8264593
        ]
      },
      "id": "node/13011912042"
    },
    {
      "type": "Feature",
      "properties": {
        "@id": "node/13011912043",
        "name": "Janakiraman vilas",
        "note": "specialist in dried goods (vathal), flour, and grains",
        "shop": "dried goods;flour;grain"
      },
      "geometry": {
        "type": "Point",
        "coordinates": [
          78.6970443,
          10.8259669
        ]
      },
      "id": "node/13011912043"
    }
  ]
}